date,max_dew_point_v,max_dew_point_s,max_dew_point_c,max_dew_point_d,max_relative_humidity_v,max_relative_humidity_s,max_relative_humidity_c,max_relative_humidity_d,max_temperature_v,max_temperature_s,max_temperature_c,max_temperature_d,max_wind_speed_v,max_wind_speed_s,max_wind_speed_c,max_wind_speed_d,min_dew_point_v,min_dew_point_s,min_dew_point_c,min_dew_point_d,min_relative_humidity_v,min_relative_humidity_s,min_relative_humidity_c,min_relative_humidity_d,min_temperature_v,min_temperature_s,min_temperature_c,min_temperature_d,min_wind_speed_v,min_wind_speed_s,min_wind_speed_c,min_wind_speed_d,precipitation_v,precipitation_s,precipitation_c,precipitation_d,rain_v,rain_s,rain_c,rain_d,snow_v,snow_s,snow_c,snow_d,snow_on_ground_v,snow_on_ground_s,snow_on_ground_c,snow_on_ground_d,solar_radiation_v,solar_radiation_s,solar_radiation_c,solar_radiation_d
2023-11-11,-4.14,5.16,450,"1993-11-04 2022-11-18",87.63,9.68,450,"1993-11-04 2022-11-18",1.42,6.59,450,"1993-11-04 2022-11-18",20.13,7.89,450,"1993-11-04 2022-11-18",-9.46,5.29,450,"1993-11-04 2022-11-18",61.61,16.03,450,"1993-11-04 2022-11-18",-6.71,5.6,450,"1993-11-04 2022-11-18",2.97,3.37,450,"1993-11-04 2022-11-18",0.66,1.64,445,"1993-11-04 2022-11-18",,,,,,,,,,,,,,,,
2023-11-10,-3.93,5.07,450,"1993-11-03 2022-11-17",87.7,9.64,450,"1993-11-03 2022-11-17",1.73,6.59,450,"1993-11-03 2022-11-17",19.83,7.5,450,"1993-11-03 2022-11-17",-9.21,5.23,450,"1993-11-03 2022-11-17",61.35,16.4,450,"1993-11-03 2022-11-17",-6.48,5.54,450,"1993-11-03 2022-11-17",2.9,3.34,450,"1993-11-03 2022-11-17",0.66,1.68,444,"1993-11-04 2022-11-17",,,,,,,,,,,,,,,,
2023-11-09,-3.69,4.99,449,"1993-11-02 2022-11-16",87.68,9.87,449,"1993-11-02 2022-11-16",2.06,6.49,450,"1993-11-02 2022-11-16",19.71,7.36,450,"1993-11-02 2022-11-16",-8.93,5.19,449,"1993-11-02 2022-11-16",61.15,16.62,449,"1993-11-02 2022-11-16",-6.15,5.48,450,"1993-11-02 2022-11-16",2.91,3.31,450,"1993-11-02 2022-11-16",0.69,1.73,443,"1993-11-04 2022-11-16",,,,,,,,,,,,,,,,
2023-11-08,-3.51,4.94,449,"1993-11-01 2022-11-15",87.43,10.16,449,"1993-11-01 2022-11-15",2.39,6.44,450,"1993-11-01 2022-11-15",19.78,7.29,450,"1993-11-01 2022-11-15",-8.69,5.15,449,"1993-11-01 2022-11-15",60.41,16.93,449,"1993-11-01 2022-11-15",-5.83,5.45,450,"1993-11-01 2022-11-15",2.93,3.33,450,"1993-11-01 2022-11-15",0.7,1.71,443,"1993-11-01 2022-11-15",,,,,,,,,,,,,,,,
2023-11-07,-3.36,4.91,449,"1993-10-31 2022-11-14",87.24,10.2,449,"1993-10-31 2022-11-14",2.66,6.44,450,"1993-10-31 2022-11-14",19.86,7.35,450,"1993-10-31 2022-11-14",-8.56,5.14,449,"1993-10-31 2022-11-14",59.64,16.93,449,"1993-10-31 2022-11-14",-5.63,5.45,450,"1993-10-31 2022-11-14",2.9,3.3,450,"1993-10-31 2022-11-14",0.67,1.64,443,"1993-10-31 2022-11-14",,,,,,,,,,,,,,,,
2023-11-06,-3.29,4.92,449,"1993-10-30 2022-11-13",86.9,10.44,449,"1993-10-30 2022-11-13",2.91,6.49,450,"1993-10-30 2022-11-13",19.91,7.38,450,"1993-10-30 2022-11-13",-8.45,5.16,449,"1993-10-30 2022-11-13",59.08,17.12,449,"1993-10-30 2022-11-13",-5.51,5.45,450,"1993-10-30 2022-11-13",2.96,3.34,450,"1993-10-30 2022-11-13",0.67,1.64,442,"1993-10-30 2022-11-13",,,,,,,,,,,,,,,,
2023-11-05,-3.23,4.91,449,"1993-10-29 2022-11-12",86.76,10.58,449,"1993-10-29 2022-11-12",3.01,6.48,450,"1993-10-29 2022-11-12",20.07,7.07,450,"1993-10-29 2022-11-12",-8.38,5.19,449,"1993-10-29 2022-11-12",58.73,17.16,449,"1993-10-29 2022-11-12",-5.38,5.49,450,"1993-10-29 2022-11-12",3.06,3.32,450,"1993-10-29 2022-11-12",0.65,1.62,442,"1993-10-29 2022-11-12",,,,,,,,,,,,,,,,
2023-11-04,-3.09,4.92,449,"1993-10-28 2022-11-11",86.67,10.63,449,"1993-10-28 2022-11-11",3.2,6.53,450,"1993-10-28 2022-11-11",20.49,7.46,450,"1993-10-28 2022-11-11",-8.2,5.16,449,"1993-10-28 2022-11-11",58.44,17.44,449,"1993-10-28 2022-11-11",-5.14,5.43,450,"1993-10-28 2022-11-11",3.06,3.37,450,"1993-10-28 2022-11-11",0.69,1.68,442,"1993-10-28 2022-11-11",,,,,,,,,,,,,,,,
2023-11-03,-2.72,4.81,449,"1993-10-27 2022-11-10",86.41,11.14,449,"1993-10-27 2022-11-10",3.78,6.52,450,"1993-10-27 2022-11-10",21.16,8.07,450,"1993-10-27 2022-11-10",-7.9,4.97,449,"1993-10-27 2022-11-10",57.52,18.09,449,"1993-10-27 2022-11-10",-4.67,5.26,450,"1993-10-27 2022-11-10",3.24,3.41,450,"1993-10-27 2022-11-10",0.71,1.69,442,"1993-10-27 2022-11-10",,,,,,,,,,,,,,,,
2023-11-02,-2.3,4.64,449,"1993-10-26 2022-11-09",86.16,11.47,449,"1993-10-26 2022-11-09",4.34,6.32,450,"1993-10-26 2022-11-09",21.49,8.32,450,"1993-10-26 2022-11-09",-7.61,4.8,449,"1993-10-26 2022-11-09",56.38,18.42,449,"1993-10-26 2022-11-09",-4.17,5.11,450,"1993-10-26 2022-11-09",3.25,3.41,450,"1993-10-26 2022-11-09",0.67,1.57,443,"1993-10-26 2022-11-09",,,,,,,,,,,,,,,,
2023-11-01,-1.96,4.52,449,"1993-10-25 2022-11-08",85.93,11.73,449,"1993-10-25 2022-11-08",4.89,6.17,450,"1993-10-25 2022-11-08",21.8,8.58,450,"1993-10-25 2022-11-08",-7.22,4.69,449,"1993-10-25 2022-11-08",55.55,18.69,449,"1993-10-25 2022-11-08",-3.72,4.91,450,"1993-10-25 2022-11-08",3.33,3.63,450,"1993-10-25 2022-11-08",0.63,1.51,442,"1993-10-25 2022-11-08",,,,,,,,,,,,,,,,
2023-10-31,-1.64,4.41,449,"1993-10-24 2022-11-07",85.62,12.01,449,"1993-10-24 2022-11-07",5.45,6.16,450,"1993-10-24 2022-11-07",22.26,8.94,450,"1993-10-24 2022-11-07",-6.92,4.62,449,"1993-10-24 2022-11-07",54.63,18.66,449,"1993-10-24 2022-11-07",-3.31,4.83,450,"1993-10-24 2022-11-07",3.42,3.63,450,"1993-10-24 2022-11-07",0.61,1.49,442,"1993-10-24 2022-11-07",,,,,,,,,,,,,,,,
2023-10-30,-1.35,4.3,448,"1993-10-23 2022-11-06",85.5,12.09,448,"1993-10-23 2022-11-06",5.95,6.21,450,"1993-10-23 2022-11-06",22.45,9.21,450,"1993-10-23 2022-11-06",-6.64,4.61,448,"1993-10-23 2022-11-06",53.94,18.99,448,"1993-10-23 2022-11-06",-2.93,4.77,450,"1993-10-23 2022-11-06",3.29,3.61,450,"1993-10-23 2022-11-06",0.65,1.77,443,"1993-10-23 2022-11-06",,,,,,,,,,,,,,,,
2023-10-29,-1.11,4.24,447,"1993-10-22 2022-11-05",85.23,12.19,447,"1993-10-22 2022-11-05",6.48,6.24,450,"1993-10-22 2022-11-05",22.61,9.23,450,"1993-10-22 2022-11-05",-6.39,4.5,447,"1993-10-22 2022-11-05",53.11,19.12,447,"1993-10-22 2022-11-05",-2.58,4.63,450,"1993-10-22 2022-11-05",3.29,3.64,450,"1993-10-22 2022-11-05",0.65,1.76,443,"1993-10-22 2022-11-05",,,,,,,,,,,,,,,,
2023-10-28,-0.87,4.19,446,"1993-10-21 2022-11-04",85.03,12.29,446,"1993-10-21 2022-11-04",6.9,6.18,450,"1993-10-21 2022-11-04",22.69,9.31,450,"1993-10-21 2022-11-04",-6.19,4.34,446,"1993-10-21 2022-11-04",52.19,19.06,446,"1993-10-21 2022-11-04",-2.27,4.41,450,"1993-10-21 2022-11-04",3.26,3.65,450,"1993-10-21 2022-11-04",0.63,1.76,444,"1993-10-21 2022-11-04",,,,,,,,,,,,,,,,
2023-10-27,-0.66,4.11,445,"1993-10-20 2022-11-03",84.71,12.37,445,"1993-10-20 2022-11-03",7.28,6.09,450,"1993-10-20 2022-11-03",22.88,9.29,450,"1993-10-20 2022-11-03",-5.98,4.28,445,"1993-10-20 2022-11-03",51.56,19.16,445,"1993-10-20 2022-11-03",-1.92,4.35,450,"1993-10-20 2022-11-03",3.26,3.68,450,"1993-10-20 2022-11-03",0.59,1.72,443,"1993-10-20 2022-11-03",,,,,,,,,,,,,,,,
2023-10-26,-0.46,4.04,444,"1993-10-19 2022-11-02",84.3,12.55,444,"1993-10-19 2022-11-02",7.69,6.06,450,"1993-10-19 2022-11-02",23.09,9.31,450,"1993-10-19 2022-11-02",-5.73,4.26,444,"1993-10-19 2022-11-02",50.93,19.11,444,"1993-10-19 2022-11-02",-1.59,4.27,450,"1993-10-19 2022-11-02",3.3,3.71,450,"1993-10-19 2022-11-02",0.58,1.69,444,"1993-10-19 2022-11-02",,,,,,,,,,,,,,,,
2023-10-25,-0.27,3.96,445,"1993-10-18 2022-11-01",83.97,12.68,445,"1993-10-18 2022-11-01",8.12,6.06,450,"1993-10-18 2022-11-01",23.23,9.28,450,"1993-10-18 2022-11-01",-5.53,4.19,445,"1993-10-18 2022-11-01",50,18.82,445,"1993-10-18 2022-11-01",-1.3,4.15,450,"1993-10-18 2022-11-01",3.19,3.66,450,"1993-10-18 2022-11-01",0.56,1.65,445,"1993-10-18 2022-11-01",,,,,,,,,,,,,,,,
2023-10-24,-0.06,3.97,444,"1993-10-17 2022-10-31",83.8,12.61,444,"1993-10-17 2022-10-31",8.56,6.12,450,"1993-10-17 2022-10-31",23.42,9.51,450,"1993-10-17 2022-10-31",-5.32,4.22,444,"1993-10-17 2022-10-31",49.41,18.68,444,"1993-10-17 2022-10-31",-1.05,4.13,450,"1993-10-17 2022-10-31",3.14,3.68,450,"1993-10-17 2022-10-31",0.55,1.67,446,"1993-10-17 2022-10-31",,,,,,,,,,,,,,,,
2023-10-23,0.1,3.95,444,"1993-10-16 2022-10-30",83.7,12.77,444,"1993-10-16 2022-10-30",8.94,6.13,450,"1993-10-16 2022-10-30",23.32,9.56,450,"1993-10-16 2022-10-30",-5.12,4.21,444,"1993-10-16 2022-10-30",48.96,19.16,444,"1993-10-16 2022-10-30",-0.85,4.02,450,"1993-10-16 2022-10-30",3.09,3.63,450,"1993-10-16 2022-10-30",0.57,1.85,446,"1993-10-16 2022-10-30",,,,,,,,,,,,,,,,
2023-10-22,0.33,3.84,444,"1993-10-15 2022-10-29",83.89,12.73,444,"1993-10-15 2022-10-29",9.22,6.03,450,"1993-10-15 2022-10-29",23.46,9.64,450,"1993-10-15 2022-10-29",-4.86,4.12,444,"1993-10-15 2022-10-29",48.75,19.24,444,"1993-10-15 2022-10-29",-0.57,3.86,450,"1993-10-15 2022-10-29",3.07,3.63,450,"1993-10-15 2022-10-29",0.58,1.86,447,"1993-10-15 2022-10-29",,,,,,,,,,,,,,,,
2023-10-21,0.61,3.7,444,"1993-10-14 2022-10-28",83.7,12.88,444,"1993-10-14 2022-10-28",9.65,5.91,450,"1993-10-14 2022-10-28",23.48,9.68,450,"1993-10-14 2022-10-28",-4.57,3.99,444,"1993-10-14 2022-10-28",48.37,19.22,444,"1993-10-14 2022-10-28",-0.27,3.65,450,"1993-10-14 2022-10-28",3.03,3.59,450,"1993-10-14 2022-10-28",0.62,1.95,447,"1993-10-14 2022-10-28",,,,,,,,,,,,,,,,
2023-10-20,0.83,3.65,444,"1993-10-13 2022-10-27",83.64,12.9,444,"1993-10-13 2022-10-27",10,5.8,450,"1993-10-13 2022-10-27",23.42,9.73,450,"1993-10-13 2022-10-27",-4.35,3.9,444,"1993-10-13 2022-10-27",47.77,18.67,444,"1993-10-13 2022-10-27",-0.05,3.5,450,"1993-10-13 2022-10-27",3.08,3.57,450,"1993-10-13 2022-10-27",0.58,1.91,447,"1993-10-13 2022-10-27",,,,,,,,,,,,,,,,
2023-10-19,0.92,3.65,444,"1993-10-12 2022-10-26",83.68,12.71,444,"1993-10-12 2022-10-26",10.12,5.75,450,"1993-10-12 2022-10-26",23.17,9.48,450,"1993-10-12 2022-10-26",-4.21,3.79,444,"1993-10-12 2022-10-26",47.74,18.21,444,"1993-10-12 2022-10-26",0.03,3.46,450,"1993-10-12 2022-10-26",2.99,3.55,450,"1993-10-12 2022-10-26",0.58,1.94,447,"1993-10-12 2022-10-26",,,,,,,,,,,,,,,,
2023-10-18,0.98,3.59,444,"1993-10-11 2022-10-25",83.66,12.62,444,"1993-10-11 2022-10-25",10.2,5.73,450,"1993-10-11 2022-10-25",23.04,9.38,450,"1993-10-11 2022-10-25",-4.05,3.68,444,"1993-10-11 2022-10-25",47.87,18.2,444,"1993-10-11 2022-10-25",0.12,3.45,450,"1993-10-11 2022-10-25",2.91,3.54,450,"1993-10-11 2022-10-25",0.6,1.94,447,"1993-10-11 2022-10-25",,,,,,,,,,,,,,,,
2023-10-17,1.13,3.56,443,"1993-10-10 2022-10-24",83.55,12.48,443,"1993-10-10 2022-10-24",10.4,5.84,450,"1993-10-10 2022-10-24",23.1,9.28,450,"1993-10-10 2022-10-24",-3.92,3.59,443,"1993-10-10 2022-10-24",47.67,17.98,443,"1993-10-10 2022-10-24",0.33,3.49,450,"1993-10-10 2022-10-24",2.83,3.35,450,"1993-10-10 2022-10-24",0.61,1.95,448,"1993-10-10 2022-10-24",,,,,,,,,,,,,,,,
2023-10-16,1.2,3.6,443,"1993-10-09 2022-10-23",83.5,12.26,443,"1993-10-09 2022-10-23",10.6,5.86,450,"1993-10-09 2022-10-23",22.94,9.01,450,"1993-10-09 2022-10-23",-3.8,3.66,443,"1993-10-09 2022-10-23",47.27,18.01,443,"1993-10-09 2022-10-23",0.42,3.52,450,"1993-10-09 2022-10-23",2.83,3.38,450,"1993-10-09 2022-10-23",0.62,2,449,"1993-10-09 2022-10-23",,,,,,,,,,,,,,,,
2023-10-15,1.34,3.6,444,"1993-10-08 2022-10-22",83.37,12.18,444,"1993-10-08 2022-10-22",10.79,5.88,450,"1993-10-08 2022-10-22",23.1,8.85,450,"1993-10-08 2022-10-22",-3.7,3.71,444,"1993-10-08 2022-10-22",46.85,17.75,444,"1993-10-08 2022-10-22",0.52,3.53,450,"1993-10-08 2022-10-22",2.95,3.47,450,"1993-10-08 2022-10-22",0.54,1.69,449,"1993-10-08 2022-10-22",,,,,,,,,,,,,,,,
2023-10-14,1.55,3.61,445,"1993-10-07 2022-10-21",83.42,12.22,445,"1993-10-07 2022-10-21",11.09,5.91,450,"1993-10-07 2022-10-21",23.41,9.01,450,"1993-10-07 2022-10-21",-3.49,3.73,445,"1993-10-07 2022-10-21",46.38,17.48,445,"1993-10-07 2022-10-21",0.74,3.52,450,"1993-10-07 2022-10-21",2.94,3.56,450,"1993-10-07 2022-10-21",0.53,1.67,449,"1993-10-07 2022-10-21",,,,,,,,,,,,,,,,
2023-10-13,1.74,3.64,446,"1993-10-06 2022-10-20",83.31,12.2,446,"1993-10-06 2022-10-20",11.36,5.9,450,"1993-10-06 2022-10-20",23.43,9.02,450,"1993-10-06 2022-10-20",-3.27,3.75,446,"1993-10-06 2022-10-20",46.36,17.53,446,"1993-10-06 2022-10-20",0.95,3.54,450,"1993-10-06 2022-10-20",2.98,3.52,450,"1993-10-06 2022-10-20",0.53,1.66,448,"1993-10-06 2022-10-20",,,,,,,,,,,,,,,,
2023-10-12,1.87,3.7,446,"1993-10-05 2022-10-19",83.53,12.12,446,"1993-10-05 2022-10-19",11.6,5.92,450,"1993-10-05 2022-10-19",23.43,9.02,450,"1993-10-05 2022-10-19",-3.14,3.75,446,"1993-10-05 2022-10-19",45.89,17.28,446,"1993-10-05 2022-10-19",1.02,3.54,450,"1993-10-05 2022-10-19",3.04,3.59,450,"1993-10-05 2022-10-19",0.54,1.69,448,"1993-10-05 2022-10-19",,,,,,,,,,,,,,,,
2023-10-11,2.08,3.8,447,"1993-10-04 2022-10-18",84.05,11.92,447,"1993-10-04 2022-10-18",11.78,5.95,450,"1993-10-04 2022-10-18",23.34,8.93,450,"1993-10-04 2022-10-18",-2.98,3.79,447,"1993-10-04 2022-10-18",45.75,16.97,447,"1993-10-04 2022-10-18",1.13,3.58,450,"1993-10-04 2022-10-18",3.01,3.59,450,"1993-10-04 2022-10-18",0.54,1.67,447,"1993-10-04 2022-10-18",,,,,,,,,,,,,,,,
2023-10-10,2.26,3.82,447,"1993-10-03 2022-10-17",84.37,11.63,447,"1993-10-03 2022-10-17",11.87,5.89,450,"1993-10-03 2022-10-17",23.36,8.87,450,"1993-10-03 2022-10-17",-2.86,3.8,447,"1993-10-03 2022-10-17",45.9,16.77,447,"1993-10-03 2022-10-17",1.17,3.62,450,"1993-10-03 2022-10-17",3.02,3.62,450,"1993-10-03 2022-10-17",0.51,1.62,447,"1993-10-03 2022-10-17",,,,,,,,,,,,,,,,
2023-10-09,2.42,3.79,448,"1993-10-02 2022-10-16",84.69,11.49,448,"1993-10-02 2022-10-16",11.97,5.91,450,"1993-10-02 2022-10-16",23.35,8.64,450,"1993-10-02 2022-10-16",-2.72,3.8,448,"1993-10-02 2022-10-16",45.93,16.61,448,"1993-10-02 2022-10-16",1.26,3.66,450,"1993-10-02 2022-10-16",3.14,3.74,450,"1993-10-02 2022-10-16",0.52,1.61,447,"1993-10-02 2022-10-16",,,,,,,,,,,,,,,,
2023-10-08,2.63,3.77,448,"1993-10-01 2022-10-15",84.87,11.37,448,"1993-10-01 2022-10-15",12.11,5.96,450,"1993-10-01 2022-10-15",23.54,8.57,450,"1993-10-01 2022-10-15",-2.54,3.78,448,"1993-10-01 2022-10-15",46.1,16.29,448,"1993-10-01 2022-10-15",1.46,3.7,450,"1993-10-01 2022-10-15",3.18,3.85,450,"1993-10-01 2022-10-15",0.56,1.65,447,"1993-10-01 2022-10-15",,,,,,,,,,,,,,,,
2023-10-07,2.85,3.84,448,"1993-09-30 2022-10-14",84.72,11.35,448,"1993-09-30 2022-10-14",12.38,6.02,450,"1993-09-30 2022-10-14",23.57,8.64,450,"1993-09-30 2022-10-14",-2.39,3.88,448,"1993-09-30 2022-10-14",45.85,15.83,448,"1993-09-30 2022-10-14",1.66,3.76,450,"1993-09-30 2022-10-14",3.14,3.81,450,"1993-09-30 2022-10-14",0.57,1.64,447,"1993-09-30 2022-10-14",,,,,,,,,,,,,,,,
2023-10-06,3.04,3.92,448,"1993-09-29 2022-10-13",84.56,11.09,448,"1993-09-29 2022-10-13",12.67,6.09,450,"1993-09-29 2022-10-13",23.63,8.69,450,"1993-09-29 2022-10-13",-2.22,3.93,448,"1993-09-29 2022-10-13",45.33,15.54,448,"1993-09-29 2022-10-13",1.91,3.87,450,"1993-09-29 2022-10-13",3.12,3.79,450,"1993-09-29 2022-10-13",0.58,1.7,446,"1993-09-29 2022-10-13",,,,,,,,,,,,,,,,
2023-10-05,3.27,3.93,448,"1993-09-28 2022-10-12",84.4,10.9,448,"1993-09-28 2022-10-12",13.08,6.1,450,"1993-09-28 2022-10-12",23.64,8.56,450,"1993-09-28 2022-10-12",-2,3.95,448,"1993-09-28 2022-10-12",44.81,15.41,448,"1993-09-28 2022-10-12",2.23,3.94,450,"1993-09-28 2022-10-12",3.12,3.79,450,"1993-09-28 2022-10-12",0.62,1.88,446,"1993-09-28 2022-10-12",,,,,,,,,,,,,,,,
2023-10-04,3.58,3.9,448,"1993-09-27 2022-10-11",84.22,10.84,448,"1993-09-27 2022-10-11",13.52,6.16,450,"1993-09-27 2022-10-11",23.79,8.53,450,"1993-09-27 2022-10-11",-1.73,3.95,448,"1993-09-27 2022-10-11",44.33,15.38,448,"1993-09-27 2022-10-11",2.58,3.94,450,"1993-09-27 2022-10-11",3.1,3.77,450,"1993-09-27 2022-10-11",0.6,1.86,446,"1993-09-27 2022-10-11",,,,,,,,,,,,,,,,
2023-10-03,3.93,3.84,448,"1993-09-26 2022-10-10",84.12,10.9,448,"1993-09-26 2022-10-10",14.02,6.07,450,"1993-09-26 2022-10-10",24.02,8.63,450,"1993-09-26 2022-10-10",-1.4,3.95,448,"1993-09-26 2022-10-10",44.04,15.25,448,"1993-09-26 2022-10-10",2.96,4,450,"1993-09-26 2022-10-10",3.15,3.76,450,"1993-09-26 2022-10-10",0.62,1.94,446,"1993-09-26 2022-10-10",,,,,,,,,,,,,,,,
2023-10-02,4.2,3.81,449,"1993-09-25 2022-10-09",84.15,10.8,449,"1993-09-25 2022-10-09",14.53,6.07,450,"1993-09-25 2022-10-09",23.93,8.61,450,"1993-09-25 2022-10-09",-1.09,3.97,449,"1993-09-25 2022-10-09",43.45,15.09,449,"1993-09-25 2022-10-09",3.24,4,450,"1993-09-25 2022-10-09",3.08,3.71,450,"1993-09-25 2022-10-09",0.61,1.95,446,"1993-09-25 2022-10-09",,,,,,,,,,,,,,,,
2023-10-01,4.51,3.71,448,"1993-09-24 2022-10-08",84.23,10.77,448,"1993-09-24 2022-10-08",14.96,6.01,450,"1993-09-24 2022-10-08",23.92,8.56,450,"1993-09-24 2022-10-08",-0.85,3.88,448,"1993-09-24 2022-10-08",42.88,14.6,448,"1993-09-24 2022-10-08",3.53,3.99,450,"1993-09-24 2022-10-08",2.99,3.67,450,"1993-09-24 2022-10-08",0.56,1.83,445,"1993-09-25 2022-10-08",,,,,,,,,,,,,,,,
2023-09-30,4.76,3.69,447,"1993-09-23 2022-10-07",84.29,10.69,447,"1993-09-23 2022-10-07",15.34,5.95,450,"1993-09-23 2022-10-07",23.86,8.63,450,"1993-09-23 2022-10-07",-0.58,3.8,447,"1993-09-23 2022-10-07",42.79,14.18,447,"1993-09-23 2022-10-07",3.78,3.96,450,"1993-09-23 2022-10-07",3,3.66,450,"1993-09-23 2022-10-07",0.55,1.83,445,"1993-09-23 2022-10-07",,,,,,,,,,,,,,,,
2023-09-29,4.93,3.7,446,"1993-09-22 2022-10-06",84.38,10.6,446,"1993-09-22 2022-10-06",15.54,6.04,450,"1993-09-22 2022-10-06",23.67,8.46,450,"1993-09-22 2022-10-06",-0.37,3.85,446,"1993-09-22 2022-10-06",43.01,14.27,446,"1993-09-22 2022-10-06",3.97,3.98,450,"1993-09-22 2022-10-06",2.98,3.59,450,"1993-09-22 2022-10-06",0.57,1.92,445,"1993-09-22 2022-10-06",,,,,,,,,,,,,,,,
2023-09-28,5.04,3.67,445,"1993-09-21 2022-10-05",84.65,10.47,445,"1993-09-21 2022-10-05",15.74,6.12,450,"1993-09-21 2022-10-05",23.57,8.32,450,"1993-09-21 2022-10-05",-0.2,3.83,445,"1993-09-21 2022-10-05",42.94,14.39,445,"1993-09-21 2022-10-05",4.05,3.92,450,"1993-09-21 2022-10-05",2.97,3.6,450,"1993-09-21 2022-10-05",0.62,2.09,446,"1993-09-21 2022-10-05",,,,,,,,,,,,,,,,
2023-09-27,5.23,3.61,445,"1993-09-20 2022-10-04",84.64,10.44,445,"1993-09-20 2022-10-04",15.85,6.09,450,"1993-09-20 2022-10-04",23.64,8.36,450,"1993-09-20 2022-10-04",0.01,3.77,445,"1993-09-20 2022-10-04",43.2,14.39,445,"1993-09-20 2022-10-04",4.25,3.82,450,"1993-09-20 2022-10-04",2.94,3.59,450,"1993-09-20 2022-10-04",0.64,2.08,447,"1993-09-20 2022-10-04",,,,,,,,,,,,,,,,
2023-09-26,5.41,3.52,445,"1993-09-19 2022-10-03",84.64,10.48,445,"1993-09-19 2022-10-03",16,6,450,"1993-09-19 2022-10-03",23.77,8.38,450,"1993-09-19 2022-10-03",0.22,3.72,445,"1993-09-19 2022-10-03",43.59,14.71,445,"1993-09-19 2022-10-03",4.41,3.77,450,"1993-09-19 2022-10-03",3.01,3.59,450,"1993-09-19 2022-10-03",0.75,2.33,448,"1993-09-19 2022-10-03",,,,,,,,,,,,,,,,
2023-09-25,5.64,3.5,445,"1993-09-18 2022-10-02",84.79,10.43,445,"1993-09-18 2022-10-02",16.27,5.88,450,"1993-09-18 2022-10-02",23.84,8.48,450,"1993-09-18 2022-10-02",0.45,3.68,445,"1993-09-18 2022-10-02",43.6,14.95,445,"1993-09-18 2022-10-02",4.67,3.65,450,"1993-09-18 2022-10-02",3.03,3.58,450,"1993-09-18 2022-10-02",0.82,2.44,448,"1993-09-18 2022-10-02",,,,,,,,,,,,,,,,
2023-09-24,5.86,3.49,444,"1993-09-17 2022-10-01",84.86,10.44,444,"1993-09-17 2022-10-01",16.5,5.78,450,"1993-09-17 2022-10-01",23.74,8.48,450,"1993-09-17 2022-10-01",0.67,3.71,444,"1993-09-17 2022-10-01",43.5,15.03,444,"1993-09-17 2022-10-01",4.88,3.6,450,"1993-09-17 2022-10-01",2.92,3.41,450,"1993-09-17 2022-10-01",0.83,2.5,448,"1993-09-17 2022-10-01",,,,,,,,,,,,,,,,
2023-09-23,6.08,3.53,443,"1993-09-16 2022-09-30",84.92,10.32,443,"1993-09-16 2022-09-30",16.8,5.82,450,"1993-09-16 2022-09-30",23.57,8.44,450,"1993-09-16 2022-09-30",0.95,3.74,443,"1993-09-16 2022-09-30",43.52,15.14,443,"1993-09-16 2022-09-30",5.1,3.58,450,"1993-09-16 2022-09-30",2.87,3.35,450,"1993-09-16 2022-09-30",0.84,2.7,448,"1993-09-16 2022-09-30",,,,,,,,,,,,,,,,
2023-09-22,6.31,3.47,443,"1993-09-15 2022-09-29",85.25,10.31,443,"1993-09-15 2022-09-29",17.06,5.87,450,"1993-09-15 2022-09-29",23.41,8.33,450,"1993-09-15 2022-09-29",1.22,3.63,443,"1993-09-15 2022-09-29",43.79,15.65,443,"1993-09-15 2022-09-29",5.28,3.54,450,"1993-09-15 2022-09-29",2.94,3.52,450,"1993-09-15 2022-09-29",0.96,2.94,448,"1993-09-15 2022-09-29",,,,,,,,,,,,,,,,
2023-09-21,6.5,3.41,443,"1993-09-14 2022-09-28",85.5,10.43,443,"1993-09-14 2022-09-28",17.26,5.87,450,"1993-09-14 2022-09-28",23.24,8.26,450,"1993-09-14 2022-09-28",1.48,3.61,443,"1993-09-14 2022-09-28",44.08,15.79,443,"1993-09-14 2022-09-28",5.41,3.45,450,"1993-09-14 2022-09-28",2.92,3.55,450,"1993-09-14 2022-09-28",0.98,3.09,449,"1993-09-14 2022-09-28",,,,,,,,,,,,,,,,
2023-09-20,6.64,3.36,443,"1993-09-13 2022-09-27",85.79,10.35,443,"1993-09-13 2022-09-27",17.32,5.9,450,"1993-09-13 2022-09-27",22.95,8.03,450,"1993-09-13 2022-09-27",1.66,3.62,443,"1993-09-13 2022-09-27",44.46,15.98,443,"1993-09-13 2022-09-27",5.49,3.47,450,"1993-09-13 2022-09-27",2.89,3.53,450,"1993-09-13 2022-09-27",0.95,2.99,449,"1993-09-13 2022-09-27",,,,,,,,,,,,,,,,
2023-09-19,6.82,3.34,443,"1993-09-12 2022-09-26",86.09,10.32,443,"1993-09-12 2022-09-26",17.38,5.92,450,"1993-09-12 2022-09-26",22.86,8.02,450,"1993-09-12 2022-09-26",1.87,3.5,443,"1993-09-12 2022-09-26",44.9,16.06,443,"1993-09-12 2022-09-26",5.6,3.47,450,"1993-09-12 2022-09-26",3.01,3.63,450,"1993-09-12 2022-09-26",1.04,3.07,449,"1993-09-12 2022-09-26",,,,,,,,,,,,,,,,
2023-09-18,6.96,3.39,442,"1993-09-11 2022-09-25",86.35,10.11,442,"1993-09-11 2022-09-25",17.52,5.98,450,"1993-09-11 2022-09-25",22.7,7.85,450,"1993-09-11 2022-09-25",2.07,3.52,442,"1993-09-11 2022-09-25",45.13,16.23,442,"1993-09-11 2022-09-25",5.66,3.45,450,"1993-09-11 2022-09-25",3.12,3.74,450,"1993-09-11 2022-09-25",1.05,3.08,449,"1993-09-11 2022-09-25",,,,,,,,,,,,,,,,
2023-09-17,7.16,3.41,442,"1993-09-10 2022-09-24",86.83,9.95,442,"1993-09-10 2022-09-24",17.49,5.99,450,"1993-09-10 2022-09-24",22.67,7.84,450,"1993-09-10 2022-09-24",2.25,3.55,442,"1993-09-10 2022-09-24",45.74,16.29,442,"1993-09-10 2022-09-24",5.79,3.46,450,"1993-09-10 2022-09-24",3.17,3.8,450,"1993-09-10 2022-09-24",1.12,3.12,449,"1993-09-10 2022-09-24",,,,,,,,,,,,,,,,
2023-09-16,7.34,3.43,443,"1993-09-09 2022-09-23",87.16,9.71,443,"1993-09-09 2022-09-23",17.44,6.06,450,"1993-09-09 2022-09-23",22.56,7.78,450,"1993-09-09 2022-09-23",2.52,3.54,443,"1993-09-09 2022-09-23",46.65,16.6,443,"1993-09-09 2022-09-23",5.96,3.45,450,"1993-09-09 2022-09-23",3.31,3.82,450,"1993-09-09 2022-09-23",1.17,3.16,450,"1993-09-09 2022-09-23",,,,,,,,,,,,,,,,
2023-09-15,7.55,3.42,444,"1993-09-08 2022-09-22",87.42,9.83,444,"1993-09-08 2022-09-22",17.52,6.03,450,"1993-09-08 2022-09-22",22.65,7.64,450,"1993-09-08 2022-09-22",2.75,3.53,444,"1993-09-08 2022-09-22",47.11,16.93,444,"1993-09-08 2022-09-22",6.15,3.45,450,"1993-09-08 2022-09-22",3.3,3.8,450,"1993-09-08 2022-09-22",1.24,3.2,449,"1993-09-08 2022-09-22",,,,,,,,,,,,,,,,
2023-09-14,7.76,3.38,445,"1993-09-07 2022-09-21",87.49,9.77,445,"1993-09-07 2022-09-21",17.72,5.95,450,"1993-09-07 2022-09-21",22.56,7.7,450,"1993-09-07 2022-09-21",2.94,3.5,445,"1993-09-07 2022-09-21",47.08,16.93,445,"1993-09-07 2022-09-21",6.29,3.42,450,"1993-09-07 2022-09-21",3.26,3.74,450,"1993-09-07 2022-09-21",1.2,3.14,448,"1993-09-07 2022-09-21",,,,,,,,,,,,,,,,
2023-09-13,7.99,3.28,445,"1993-09-06 2022-09-20",87.44,10.03,445,"1993-09-06 2022-09-20",17.91,5.86,450,"1993-09-06 2022-09-20",22.61,7.81,450,"1993-09-06 2022-09-20",3.13,3.49,445,"1993-09-06 2022-09-20",47.02,16.78,445,"1993-09-06 2022-09-20",6.56,3.39,450,"1993-09-06 2022-09-20",3.28,3.74,450,"1993-09-06 2022-09-20",1.2,3.24,448,"1993-09-06 2022-09-20",,,,,,,,,,,,,,,,
2023-09-12,8.21,3.19,446,"1993-09-05 2022-09-19",87.36,10.23,446,"1993-09-05 2022-09-19",18.21,5.84,450,"1993-09-05 2022-09-19",22.46,7.64,450,"1993-09-05 2022-09-19",3.38,3.42,446,"1993-09-05 2022-09-19",46.96,16.8,446,"1993-09-05 2022-09-19",6.77,3.35,450,"1993-09-05 2022-09-19",3.22,3.67,450,"1993-09-05 2022-09-19",1.2,3.26,448,"1993-09-05 2022-09-19",,,,,,,,,,,,,,,,
2023-09-11,8.42,3.2,446,"1993-09-04 2022-09-18",87.36,10.14,446,"1993-09-04 2022-09-18",18.48,5.82,450,"1993-09-04 2022-09-18",22.44,7.69,450,"1993-09-04 2022-09-18",3.62,3.41,446,"1993-09-04 2022-09-18",46.67,16.61,446,"1993-09-04 2022-09-18",7.03,3.31,450,"1993-09-04 2022-09-18",3.16,3.7,450,"1993-09-04 2022-09-18",1.22,3.8,447,"1993-09-05 2022-09-18",,,,,,,,,,,,,,,,
2023-09-10,8.64,3.11,446,"1993-09-03 2022-09-17",87.22,10.3,446,"1993-09-03 2022-09-17",18.77,5.86,450,"1993-09-03 2022-09-17",22.48,7.63,450,"1993-09-03 2022-09-17",3.88,3.33,446,"1993-09-03 2022-09-17",46.63,16.63,446,"1993-09-03 2022-09-17",7.29,3.29,450,"1993-09-03 2022-09-17",3.2,3.74,450,"1993-09-03 2022-09-17",1.2,3.79,447,"1993-09-03 2022-09-17",,,,,,,,,,,,,,,,
2023-09-09,8.88,2.95,447,"1993-09-02 2022-09-16",87.09,10.38,447,"1993-09-02 2022-09-16",19.09,5.8,450,"1993-09-02 2022-09-16",22.53,7.64,450,"1993-09-02 2022-09-16",4.09,3.21,447,"1993-09-02 2022-09-16",46.45,16.66,447,"1993-09-02 2022-09-16",7.54,3.21,450,"1993-09-02 2022-09-16",3.22,3.78,450,"1993-09-02 2022-09-16",1.25,3.92,447,"1993-09-02 2022-09-16",,,,,,,,,,,,,,,,
2023-09-08,9.05,2.84,448,"1993-09-01 2022-09-15",87.04,10.56,448,"1993-09-01 2022-09-15",19.19,5.55,450,"1993-09-01 2022-09-15",22.69,7.71,450,"1993-09-01 2022-09-15",4.22,3.13,448,"1993-09-01 2022-09-15",46.4,16.55,448,"1993-09-01 2022-09-15",7.76,3.14,450,"1993-09-01 2022-09-15",3.33,3.85,450,"1993-09-01 2022-09-15",1.27,3.79,446,"1993-09-01 2022-09-15",,,,,,,,,,,,,,,,
2023-09-07,9.18,2.87,448,"1993-08-31 2022-09-14",87.04,10.48,448,"1993-08-31 2022-09-14",19.35,5.37,450,"1993-08-31 2022-09-14",22.77,7.65,450,"1993-08-31 2022-09-14",4.37,3.13,448,"1993-08-31 2022-09-14",46.15,16.32,448,"1993-08-31 2022-09-14",7.94,3.15,450,"1993-08-31 2022-09-14",3.35,3.76,450,"1993-08-31 2022-09-14",1.21,3.7,446,"1993-08-31 2022-09-14",,,,,,,,,,,,,,,,
2023-09-06,9.39,2.86,448,"1993-08-30 2022-09-13",87.25,10.22,448,"1993-08-30 2022-09-13",19.53,5.33,450,"1993-08-30 2022-09-13",22.94,7.67,450,"1993-08-30 2022-09-13",4.53,3.12,448,"1993-08-30 2022-09-13",46.18,16.38,448,"1993-08-30 2022-09-13",8.17,3.16,450,"1993-08-30 2022-09-13",3.43,3.76,450,"1993-08-30 2022-09-13",1.21,3.57,446,"1993-08-30 2022-09-13",,,,,,,,,,,,,,,,
2023-09-05,9.67,2.83,448,"1993-08-29 2022-09-12",87.29,10.2,448,"1993-08-29 2022-09-12",19.82,5.31,450,"1993-08-29 2022-09-12",23.18,7.7,450,"1993-08-29 2022-09-12",4.8,3.08,448,"1993-08-29 2022-09-12",46.15,16.31,448,"1993-08-29 2022-09-12",8.44,3.13,450,"1993-08-29 2022-09-12",3.42,3.76,450,"1993-08-29 2022-09-12",1.31,3.97,446,"1993-08-29 2022-09-12",,,,,,,,,,,,,,,,
2023-09-04,9.87,2.84,448,"1993-08-28 2022-09-11",87.37,10,448,"1993-08-28 2022-09-11",20.17,5.26,450,"1993-08-28 2022-09-11",23.21,7.67,450,"1993-08-28 2022-09-11",5.03,3.03,448,"1993-08-28 2022-09-11",45.72,16.1,448,"1993-08-28 2022-09-11",8.7,3.07,450,"1993-08-28 2022-09-11",3.28,3.69,450,"1993-08-28 2022-09-11",1.26,3.93,446,"1993-08-28 2022-09-11",,,,,,,,,,,,,,,,
2023-09-03,10.05,2.84,449,"1993-08-27 2022-09-10",87.48,9.91,449,"1993-08-27 2022-09-10",20.37,5.22,450,"1993-08-27 2022-09-10",22.99,7.63,450,"1993-08-27 2022-09-10",5.22,3.06,449,"1993-08-27 2022-09-10",45.66,15.82,449,"1993-08-27 2022-09-10",8.9,3.05,450,"1993-08-27 2022-09-10",3.12,3.62,450,"1993-08-27 2022-09-10",1.27,4.03,445,"1993-08-28 2022-09-10",,,,,,,,,,,,,,,,
2023-09-02,10.21,2.84,449,"1993-08-26 2022-09-09",87.36,9.88,449,"1993-08-26 2022-09-09",20.63,5.09,450,"1993-08-26 2022-09-09",22.92,7.73,450,"1993-08-26 2022-09-09",5.4,3.05,449,"1993-08-26 2022-09-09",45.43,15.47,449,"1993-08-26 2022-09-09",9.06,3.02,450,"1993-08-26 2022-09-09",3.04,3.56,450,"1993-08-26 2022-09-09",1.24,4.03,445,"1993-08-26 2022-09-09",,,,,,,,,,,,,,,,
2023-09-01,10.33,2.78,449,"1993-08-25 2022-09-08",87.08,10.03,449,"1993-08-25 2022-09-08",20.88,4.92,450,"1993-08-25 2022-09-08",22.96,7.76,450,"1993-08-25 2022-09-08",5.5,3.01,449,"1993-08-25 2022-09-08",44.95,14.98,449,"1993-08-25 2022-09-08",9.18,3,450,"1993-08-25 2022-09-08",2.9,3.47,450,"1993-08-25 2022-09-08",1.19,3.99,445,"1993-08-25 2022-09-08",,,,,,,,,,,,,,,,
2023-08-31,10.46,2.77,449,"1993-08-24 2022-09-07",87.13,9.91,449,"1993-08-24 2022-09-07",21.07,4.85,450,"1993-08-24 2022-09-07",22.84,7.73,450,"1993-08-24 2022-09-07",5.61,3,449,"1993-08-24 2022-09-07",44.53,14.5,449,"1993-08-24 2022-09-07",9.34,2.91,450,"1993-08-24 2022-09-07",2.92,3.48,450,"1993-08-24 2022-09-07",1.21,4.11,446,"1993-08-24 2022-09-07",,,,,,,,,,,,,,,,
2023-08-30,10.62,2.78,449,"1993-08-23 2022-09-06",87.16,9.82,449,"1993-08-23 2022-09-06",21.13,4.86,450,"1993-08-23 2022-09-06",22.97,7.75,450,"1993-08-23 2022-09-06",5.79,3.01,449,"1993-08-23 2022-09-06",44.79,14.68,449,"1993-08-23 2022-09-06",9.51,2.85,450,"1993-08-23 2022-09-06",2.89,3.49,450,"1993-08-23 2022-09-06",1.31,4.23,447,"1993-08-23 2022-09-06",,,,,,,,,,,,,,,,
2023-08-29,10.79,2.76,450,"1993-08-22 2022-09-05",87.24,9.52,450,"1993-08-22 2022-09-05",21.29,4.82,450,"1993-08-22 2022-09-05",22.98,7.69,450,"1993-08-22 2022-09-05",5.99,2.9,450,"1993-08-22 2022-09-05",44.84,14.73,450,"1993-08-22 2022-09-05",9.7,2.81,450,"1993-08-22 2022-09-05",2.86,3.48,450,"1993-08-22 2022-09-05",1.36,4.23,447,"1993-08-22 2022-09-05",,,,,,,,,,,,,,,,
2023-08-28,11,2.77,450,"1993-08-21 2022-09-04",87.18,9.39,450,"1993-08-21 2022-09-04",21.47,4.81,450,"1993-08-21 2022-09-04",23.2,7.85,450,"1993-08-21 2022-09-04",6.17,2.91,450,"1993-08-21 2022-09-04",44.98,14.67,450,"1993-08-21 2022-09-04",9.92,2.8,450,"1993-08-21 2022-09-04",2.88,3.49,450,"1993-08-21 2022-09-04",1.38,4.24,446,"1993-08-22 2022-09-04",,,,,,,,,,,,,,,,
2023-08-27,11.13,2.74,450,"1993-08-20 2022-09-03",87.05,9.45,450,"1993-08-20 2022-09-03",21.72,4.68,450,"1993-08-20 2022-09-03",23.1,7.72,450,"1993-08-20 2022-09-03",6.27,2.94,450,"1993-08-20 2022-09-03",44.59,14.42,450,"1993-08-20 2022-09-03",10.09,2.79,450,"1993-08-20 2022-09-03",2.87,3.43,450,"1993-08-20 2022-09-03",1.3,3.7,447,"1993-08-20 2022-09-03",,,,,,,,,,,,,,,,
2023-08-26,11.26,2.72,450,"1993-08-19 2022-09-02",87.12,9.35,450,"1993-08-19 2022-09-02",21.84,4.53,450,"1993-08-19 2022-09-02",22.98,7.64,450,"1993-08-19 2022-09-02",6.4,2.93,450,"1993-08-19 2022-09-02",44.42,14.02,450,"1993-08-19 2022-09-02",10.24,2.79,450,"1993-08-19 2022-09-02",2.79,3.37,450,"1993-08-19 2022-09-02",1.3,3.72,447,"1993-08-19 2022-09-02",,,,,,,,,,,,,,,,
2023-08-25,11.4,2.74,450,"1993-08-18 2022-09-01",87.12,9.27,450,"1993-08-18 2022-09-01",21.98,4.57,450,"1993-08-18 2022-09-01",23.03,7.81,450,"1993-08-18 2022-09-01",6.56,2.94,450,"1993-08-18 2022-09-01",44.44,13.83,450,"1993-08-18 2022-09-01",10.36,2.81,450,"1993-08-18 2022-09-01",2.77,3.3,450,"1993-08-18 2022-09-01",1.22,3.56,447,"1993-08-18 2022-09-01",,,,,,,,,,,,,,,,
2023-08-24,11.53,2.71,449,"1993-08-17 2022-08-31",87.21,9.04,449,"1993-08-17 2022-08-31",22.22,4.57,450,"1993-08-17 2022-08-31",22.88,7.78,450,"1993-08-17 2022-08-31",6.74,2.89,449,"1993-08-17 2022-08-31",44.21,13.56,449,"1993-08-17 2022-08-31",10.49,2.81,450,"1993-08-17 2022-08-31",2.66,3.18,450,"1993-08-17 2022-08-31",1.29,4.59,448,"1993-08-17 2022-08-31",,,,,,,,,,,,,,,,
2023-08-23,11.7,2.65,449,"1993-08-16 2022-08-30",87.15,8.99,449,"1993-08-16 2022-08-30",22.34,4.55,450,"1993-08-16 2022-08-30",22.78,7.72,450,"1993-08-16 2022-08-30",6.94,2.88,449,"1993-08-16 2022-08-30",44.44,13.5,449,"1993-08-16 2022-08-30",10.66,2.82,450,"1993-08-16 2022-08-30",2.54,3.09,450,"1993-08-16 2022-08-30",1.26,4.53,448,"1993-08-16 2022-08-30",,,,,,,,,,,,,,,,
2023-08-22,11.8,2.62,448,"1993-08-15 2022-08-29",87.18,9,448,"1993-08-15 2022-08-29",22.43,4.54,450,"1993-08-15 2022-08-29",22.68,7.59,450,"1993-08-15 2022-08-29",7.09,2.89,448,"1993-08-15 2022-08-29",44.43,13.4,448,"1993-08-15 2022-08-29",10.79,2.86,450,"1993-08-15 2022-08-29",2.51,3.11,450,"1993-08-15 2022-08-29",1.31,4.66,448,"1993-08-15 2022-08-29",,,,,,,,,,,,,,,,
2023-08-21,11.89,2.62,447,"1993-08-14 2022-08-28",87.14,9.03,447,"1993-08-14 2022-08-28",22.56,4.52,450,"1993-08-14 2022-08-28",22.78,7.91,450,"1993-08-14 2022-08-28",7.2,2.89,447,"1993-08-14 2022-08-28",44.45,13.33,447,"1993-08-14 2022-08-28",10.92,2.85,450,"1993-08-14 2022-08-28",2.59,3.12,450,"1993-08-14 2022-08-28",1.22,4.34,448,"1993-08-14 2022-08-28",,,,,,,,,,,,,,,,
2023-08-20,12.03,2.64,447,"1993-08-13 2022-08-27",87.1,9.07,447,"1993-08-13 2022-08-27",22.64,4.5,450,"1993-08-13 2022-08-27",22.74,7.82,450,"1993-08-13 2022-08-27",7.38,2.94,447,"1993-08-13 2022-08-27",44.9,13.53,447,"1993-08-13 2022-08-27",11.06,2.9,450,"1993-08-13 2022-08-27",2.66,3.21,450,"1993-08-13 2022-08-27",1.24,4.35,448,"1993-08-13 2022-08-27",,,,,,,,,,,,,,,,
2023-08-19,12.1,2.64,446,"1993-08-12 2022-08-26",87.14,9.13,446,"1993-08-12 2022-08-26",22.68,4.49,450,"1993-08-12 2022-08-26",22.82,7.77,450,"1993-08-12 2022-08-26",7.46,2.97,446,"1993-08-12 2022-08-26",45.11,13.76,446,"1993-08-12 2022-08-26",11.17,2.88,450,"1993-08-12 2022-08-26",2.75,3.23,450,"1993-08-12 2022-08-26",1.33,4.36,449,"1993-08-12 2022-08-26",,,,,,,,,,,,,,,,
2023-08-18,12.17,2.64,446,"1993-08-11 2022-08-25",87.26,9.19,446,"1993-08-11 2022-08-25",22.66,4.52,450,"1993-08-11 2022-08-25",22.8,7.63,450,"1993-08-11 2022-08-25",7.55,2.98,446,"1993-08-11 2022-08-25",45.47,14.15,446,"1993-08-11 2022-08-25",11.27,2.9,450,"1993-08-11 2022-08-25",2.83,3.25,450,"1993-08-11 2022-08-25",1.45,4.65,449,"1993-08-11 2022-08-25",,,,,,,,,,,,,,,,
2023-08-17,12.31,2.63,446,"1993-08-10 2022-08-24",87.42,9.23,446,"1993-08-10 2022-08-24",22.68,4.57,450,"1993-08-10 2022-08-24",22.72,7.54,450,"1993-08-10 2022-08-24",7.7,2.97,446,"1993-08-10 2022-08-24",45.89,14.29,446,"1993-08-10 2022-08-24",11.41,2.85,450,"1993-08-10 2022-08-24",2.95,3.26,450,"1993-08-10 2022-08-24",1.47,4.65,449,"1993-08-10 2022-08-24",,,,,,,,,,,,,,,,
2023-08-16,12.41,2.63,445,"1993-08-09 2022-08-23",87.3,9.24,445,"1993-08-09 2022-08-23",22.8,4.6,450,"1993-08-09 2022-08-23",22.7,7.53,450,"1993-08-09 2022-08-23",7.84,2.93,445,"1993-08-09 2022-08-23",46.11,14.45,445,"1993-08-09 2022-08-23",11.55,2.84,450,"1993-08-09 2022-08-23",2.88,3.23,450,"1993-08-09 2022-08-23",1.53,4.93,449,"1993-08-09 2022-08-23",,,,,,,,,,,,,,,,
2023-08-15,12.51,2.62,445,"1993-08-08 2022-08-22",87.51,9.12,445,"1993-08-08 2022-08-22",22.89,4.57,450,"1993-08-08 2022-08-22",22.56,7.49,450,"1993-08-08 2022-08-22",7.96,2.94,445,"1993-08-08 2022-08-22",46.08,14.31,445,"1993-08-08 2022-08-22",11.67,2.81,450,"1993-08-08 2022-08-22",2.94,3.24,450,"1993-08-08 2022-08-22",1.56,5.16,448,"1993-08-09 2022-08-22",,,,,,,,,,,,,,,,
2023-08-14,12.65,2.59,445,"1993-08-07 2022-08-21",87.59,9.37,445,"1993-08-07 2022-08-21",22.95,4.54,450,"1993-08-07 2022-08-21",22.66,7.44,450,"1993-08-07 2022-08-21",8.1,2.9,445,"1993-08-07 2022-08-21",46.4,14.28,445,"1993-08-07 2022-08-21",11.79,2.82,450,"1993-08-07 2022-08-21",2.96,3.24,450,"1993-08-07 2022-08-21",1.69,5.6,448,"1993-08-07 2022-08-21",,,,,,,,,,,,,,,,
2023-08-13,12.78,2.59,445,"1993-08-06 2022-08-20",87.87,9.2,445,"1993-08-06 2022-08-20",23.05,4.51,450,"1993-08-06 2022-08-20",22.45,7.3,450,"1993-08-06 2022-08-20",8.24,2.88,445,"1993-08-06 2022-08-20",46.49,14.38,445,"1993-08-06 2022-08-20",11.91,2.81,450,"1993-08-06 2022-08-20",2.96,3.26,450,"1993-08-06 2022-08-20",1.81,5.9,449,"1993-08-06 2022-08-20",,,,,,,,,,,,,,,,
2023-08-12,12.95,2.57,445,"1993-08-05 2022-08-19",88.19,9.1,445,"1993-08-05 2022-08-19",23.13,4.57,450,"1993-08-05 2022-08-19",22.51,7.34,450,"1993-08-05 2022-08-19",8.49,2.87,445,"1993-08-05 2022-08-19",46.99,14.39,445,"1993-08-05 2022-08-19",12,2.78,450,"1993-08-05 2022-08-19",2.95,3.28,450,"1993-08-05 2022-08-19",1.85,5.9,448,"1993-08-06 2022-08-19",,,,,,,,,,,,,,,,
2023-08-11,13.08,2.59,445,"1993-08-04 2022-08-18",88.29,9.06,445,"1993-08-04 2022-08-18",23.21,4.61,450,"1993-08-04 2022-08-18",22.62,7.42,450,"1993-08-04 2022-08-18",8.66,2.85,445,"1993-08-04 2022-08-18",47.4,14.44,445,"1993-08-04 2022-08-18",12.12,2.76,450,"1993-08-04 2022-08-18",3.03,3.36,450,"1993-08-04 2022-08-18",1.94,5.91,448,"1993-08-04 2022-08-18",,,,,,,,,,,,,,,,
2023-08-10,13.19,2.59,445,"1993-08-03 2022-08-17",88.41,9.04,445,"1993-08-03 2022-08-17",23.2,4.51,450,"1993-08-03 2022-08-17",22.48,7.19,450,"1993-08-03 2022-08-17",8.81,2.86,445,"1993-08-03 2022-08-17",47.81,14.39,445,"1993-08-03 2022-08-17",12.25,2.72,450,"1993-08-03 2022-08-17",3.04,3.37,450,"1993-08-03 2022-08-17",2.02,6.1,448,"1993-08-03 2022-08-17",,,,,,,,,,,,,,,,
2023-08-09,13.3,2.63,446,"1993-08-02 2022-08-16",88.43,9.06,446,"1993-08-02 2022-08-16",23.25,4.45,450,"1993-08-02 2022-08-16",22.5,7.13,450,"1993-08-02 2022-08-16",8.92,2.87,446,"1993-08-02 2022-08-16",48.06,14.18,446,"1993-08-02 2022-08-16",12.33,2.71,450,"1993-08-02 2022-08-16",3.05,3.37,450,"1993-08-02 2022-08-16",1.88,5.36,447,"1993-08-03 2022-08-16",,,,,,,,,,,,,,,,
2023-08-08,13.38,2.63,446,"1993-08-01 2022-08-15",88.44,9.13,446,"1993-08-01 2022-08-15",23.38,4.38,450,"1993-08-01 2022-08-15",22.92,7.39,450,"1993-08-01 2022-08-15",8.93,2.9,446,"1993-08-01 2022-08-15",47.76,14.01,446,"1993-08-01 2022-08-15",12.43,2.66,450,"1993-08-01 2022-08-15",3.17,3.43,450,"1993-08-01 2022-08-15",2.05,5.71,447,"1993-08-01 2022-08-15",,,,,,,,,,,,,,,,
2023-08-07,13.44,2.63,447,"1993-07-31 2022-08-14",88.22,9.29,447,"1993-07-31 2022-08-14",23.45,4.34,450,"1993-07-31 2022-08-14",23.08,7.52,450,"1993-07-31 2022-08-14",8.99,2.87,447,"1993-07-31 2022-08-14",47.72,13.71,447,"1993-07-31 2022-08-14",12.51,2.66,450,"1993-07-31 2022-08-14",3.23,3.51,450,"1993-07-31 2022-08-14",2.02,5.64,446,"1993-08-01 2022-08-14",,,,,,,,,,,,,,,,
2023-08-06,13.53,2.68,447,"1993-07-30 2022-08-13",88.21,9.23,447,"1993-07-30 2022-08-13",23.49,4.33,450,"1993-07-30 2022-08-13",23.17,7.39,450,"1993-07-30 2022-08-13",9.04,2.91,447,"1993-07-30 2022-08-13",47.76,13.57,447,"1993-07-30 2022-08-13",12.6,2.69,450,"1993-07-30 2022-08-13",3.24,3.65,450,"1993-07-30 2022-08-13",2.11,5.72,446,"1993-07-30 2022-08-13",,,,,,,,,,,,,,,,
2023-08-05,13.6,2.7,447,"1993-07-29 2022-08-12",88.24,9.37,447,"1993-07-29 2022-08-12",23.56,4.37,450,"1993-07-29 2022-08-12",23.15,7.53,450,"1993-07-29 2022-08-12",9.09,2.96,447,"1993-07-29 2022-08-12",47.6,13.66,447,"1993-07-29 2022-08-12",12.66,2.66,450,"1993-07-29 2022-08-12",3.23,3.6,450,"1993-07-29 2022-08-12",2.22,6,446,"1993-07-29 2022-08-12",,,,,,,,,,,,,,,,
2023-08-04,13.71,2.71,448,"1993-07-28 2022-08-11",88.06,9.4,448,"1993-07-28 2022-08-11",23.7,4.32,450,"1993-07-28 2022-08-11",23.19,7.5,450,"1993-07-28 2022-08-11",9.19,2.94,448,"1993-07-28 2022-08-11",47.44,13.46,448,"1993-07-28 2022-08-11",12.77,2.66,450,"1993-07-28 2022-08-11",3.1,3.55,450,"1993-07-28 2022-08-11",2.12,5.94,446,"1993-07-28 2022-08-11",,,,,,,,,,,,,,,,
2023-08-03,13.82,2.7,448,"1993-07-27 2022-08-10",88.04,9.42,448,"1993-07-27 2022-08-10",23.89,4.28,450,"1993-07-27 2022-08-10",23.32,7.57,450,"1993-07-27 2022-08-10",9.25,2.92,448,"1993-07-27 2022-08-10",47.04,13.13,448,"1993-07-27 2022-08-10",12.84,2.62,450,"1993-07-27 2022-08-10",3.02,3.56,450,"1993-07-27 2022-08-10",2.1,5.87,446,"1993-07-27 2022-08-10",,,,,,,,,,,,,,,,
2023-08-02,13.92,2.65,448,"1993-07-26 2022-08-09",88.2,9.32,448,"1993-07-26 2022-08-09",23.98,4.2,450,"1993-07-26 2022-08-09",23.43,7.73,450,"1993-07-26 2022-08-09",9.32,2.87,448,"1993-07-26 2022-08-09",46.93,13.04,448,"1993-07-26 2022-08-09",12.92,2.59,450,"1993-07-26 2022-08-09",2.94,3.56,450,"1993-07-26 2022-08-09",2.21,5.95,446,"1993-07-26 2022-08-09",,,,,,,,,,,,,,,,
2023-08-01,13.96,2.63,449,"1993-07-25 2022-08-08",88.2,9.34,449,"1993-07-25 2022-08-08",23.99,4.15,450,"1993-07-25 2022-08-08",23.51,7.75,450,"1993-07-25 2022-08-08",9.35,2.88,449,"1993-07-25 2022-08-08",47.01,13.09,449,"1993-07-25 2022-08-08",12.97,2.59,450,"1993-07-25 2022-08-08",2.94,3.58,450,"1993-07-25 2022-08-08",2.34,6.5,445,"1993-07-25 2022-08-08",,,,,,,,,,,,,,,,
2023-07-31,14,2.65,449,"1993-07-24 2022-08-07",88.07,9.45,449,"1993-07-24 2022-08-07",24.04,4.12,450,"1993-07-24 2022-08-07",23.57,7.66,450,"1993-07-24 2022-08-07",9.34,2.88,449,"1993-07-24 2022-08-07",46.93,13.16,449,"1993-07-24 2022-08-07",13.03,2.59,450,"1993-07-24 2022-08-07",2.93,3.56,450,"1993-07-24 2022-08-07",2.36,6.42,446,"1993-07-24 2022-08-07",,,,,,,,,,,,,,,,
2023-07-30,14.02,2.69,449,"1993-07-23 2022-08-06",87.92,9.41,449,"1993-07-23 2022-08-06",24.14,4.09,450,"1993-07-23 2022-08-06",23.68,7.79,450,"1993-07-23 2022-08-06",9.35,2.9,449,"1993-07-23 2022-08-06",46.68,12.89,449,"1993-07-23 2022-08-06",13.07,2.59,450,"1993-07-23 2022-08-06",2.91,3.56,450,"1993-07-23 2022-08-06",2.3,6.11,445,"1993-07-23 2022-08-06",,,,,,,,,,,,,,,,
2023-07-29,14.01,2.68,449,"1993-07-22 2022-08-05",87.84,9.41,449,"1993-07-22 2022-08-05",24.17,4.11,450,"1993-07-22 2022-08-05",23.75,7.78,450,"1993-07-22 2022-08-05",9.35,2.89,449,"1993-07-22 2022-08-05",46.47,12.65,449,"1993-07-22 2022-08-05",13.08,2.58,450,"1993-07-22 2022-08-05",2.92,3.53,450,"1993-07-22 2022-08-05",2.29,6.05,445,"1993-07-22 2022-08-05",,,,,,,,,,,,,,,,
2023-07-28,13.99,2.68,449,"1993-07-21 2022-08-04",87.69,9.55,449,"1993-07-21 2022-08-04",24.13,4.05,450,"1993-07-21 2022-08-04",23.78,7.77,450,"1993-07-21 2022-08-04",9.29,2.85,449,"1993-07-21 2022-08-04",46.43,12.69,449,"1993-07-21 2022-08-04",13.12,2.58,450,"1993-07-21 2022-08-04",2.94,3.53,450,"1993-07-21 2022-08-04",2.31,6.05,446,"1993-07-21 2022-08-04",,,,,,,,,,,,,,,,
2023-07-27,13.99,2.65,449,"1993-07-20 2022-08-03",87.82,9.52,449,"1993-07-20 2022-08-03",24.14,3.98,450,"1993-07-20 2022-08-03",23.95,7.84,450,"1993-07-20 2022-08-03",9.25,2.83,449,"1993-07-20 2022-08-03",46.21,12.55,449,"1993-07-20 2022-08-03",13.09,2.56,450,"1993-07-20 2022-08-03",2.92,3.51,450,"1993-07-20 2022-08-03",2.38,6.16,446,"1993-07-20 2022-08-03",,,,,,,,,,,,,,,,
2023-07-26,14.01,2.63,449,"1993-07-19 2022-08-02",87.97,9.49,449,"1993-07-19 2022-08-02",24.14,3.93,450,"1993-07-19 2022-08-02",24,8.09,450,"1993-07-19 2022-08-02",9.24,2.8,449,"1993-07-19 2022-08-02",46.1,12.41,449,"1993-07-19 2022-08-02",13.12,2.57,450,"1993-07-19 2022-08-02",2.91,3.51,450,"1993-07-19 2022-08-02",2.47,6.11,446,"1993-07-19 2022-08-02",,,,,,,,,,,,,,,,
2023-07-25,14.05,2.6,449,"1993-07-18 2022-08-01",88.12,9.47,449,"1993-07-18 2022-08-01",24.15,3.93,450,"1993-07-18 2022-08-01",24.2,8.24,450,"1993-07-18 2022-08-01",9.27,2.78,449,"1993-07-18 2022-08-01",46.15,12.52,449,"1993-07-18 2022-08-01",13.16,2.55,450,"1993-07-18 2022-08-01",2.88,3.47,450,"1993-07-18 2022-08-01",2.54,6.12,447,"1993-07-18 2022-08-01",,,,,,,,,,,,,,,,
2023-07-24,14.06,2.57,449,"1993-07-17 2022-07-31",88.19,9.42,449,"1993-07-17 2022-07-31",24.13,3.96,450,"1993-07-17 2022-07-31",24.04,8.18,450,"1993-07-17 2022-07-31",9.31,2.72,449,"1993-07-17 2022-07-31",46.27,12.61,449,"1993-07-17 2022-07-31",13.16,2.54,450,"1993-07-17 2022-07-31",2.81,3.4,450,"1993-07-17 2022-07-31",2.57,6.2,447,"1993-07-17 2022-07-31",,,,,,,,,,,,,,,,
2023-07-23,14.09,2.58,449,"1993-07-16 2022-07-30",88.31,9.43,449,"1993-07-16 2022-07-30",24.13,3.93,450,"1993-07-16 2022-07-30",24.04,8.13,450,"1993-07-16 2022-07-30",9.29,2.75,449,"1993-07-16 2022-07-30",46.33,12.9,449,"1993-07-16 2022-07-30",13.16,2.51,450,"1993-07-16 2022-07-30",2.74,3.26,450,"1993-07-16 2022-07-30",2.73,6.43,448,"1993-07-16 2022-07-30",,,,,,,,,,,,,,,,
2023-07-22,14.02,2.59,450,"1993-07-15 2022-07-29",88.24,9.42,450,"1993-07-15 2022-07-29",24.07,3.94,450,"1993-07-15 2022-07-29",23.84,8.04,450,"1993-07-15 2022-07-29",9.25,2.78,450,"1993-07-15 2022-07-29",46.3,13.11,450,"1993-07-15 2022-07-29",13.12,2.51,450,"1993-07-15 2022-07-29",2.72,3.11,450,"1993-07-15 2022-07-29",2.87,6.96,448,"1993-07-15 2022-07-29",,,,,,,,,,,,,,,,
2023-07-21,13.95,2.58,450,"1993-07-14 2022-07-28",88.29,9.29,450,"1993-07-14 2022-07-28",23.97,3.9,450,"1993-07-14 2022-07-28",23.93,8,450,"1993-07-14 2022-07-28",9.16,2.72,450,"1993-07-14 2022-07-28",46.3,13.01,450,"1993-07-14 2022-07-28",13.1,2.54,450,"1993-07-14 2022-07-28",2.76,3.08,450,"1993-07-14 2022-07-28",2.8,6.79,448,"1993-07-14 2022-07-28",,,,,,,,,,,,,,,,
2023-07-20,13.92,2.57,450,"1993-07-13 2022-07-27",88.35,9.37,450,"1993-07-13 2022-07-27",23.95,3.9,450,"1993-07-13 2022-07-27",24.08,8.08,450,"1993-07-13 2022-07-27",9.09,2.72,450,"1993-07-13 2022-07-27",46.2,12.96,450,"1993-07-13 2022-07-27",13.07,2.57,450,"1993-07-13 2022-07-27",2.88,3.17,450,"1993-07-13 2022-07-27",2.92,6.92,448,"1993-07-13 2022-07-27",,,,,,,,,,,,,,,,
2023-07-19,13.88,2.6,450,"1993-07-12 2022-07-26",88.22,9.39,450,"1993-07-12 2022-07-26",23.91,3.95,450,"1993-07-12 2022-07-26",24.13,7.99,450,"1993-07-12 2022-07-26",9.06,2.71,450,"1993-07-12 2022-07-26",46.29,13.14,450,"1993-07-12 2022-07-26",13.08,2.63,450,"1993-07-12 2022-07-26",3,3.18,450,"1993-07-12 2022-07-26",2.93,6.88,448,"1993-07-12 2022-07-26",,,,,,,,,,,,,,,,
2023-07-18,13.83,2.62,450,"1993-07-11 2022-07-25",88.08,9.47,450,"1993-07-11 2022-07-25",23.89,3.98,450,"1993-07-11 2022-07-25",24.24,7.81,450,"1993-07-11 2022-07-25",9.03,2.77,450,"1993-07-11 2022-07-25",46.29,13.25,450,"1993-07-11 2022-07-25",13.09,2.66,450,"1993-07-11 2022-07-25",3.08,3.19,450,"1993-07-11 2022-07-25",2.92,6.9,448,"1993-07-11 2022-07-25",,,,,,,,,,,,,,,,
2023-07-17,13.83,2.63,450,"1993-07-10 2022-07-24",88.2,9.47,450,"1993-07-10 2022-07-24",23.88,4.02,450,"1993-07-10 2022-07-24",24.3,7.85,450,"1993-07-10 2022-07-24",9.04,2.81,450,"1993-07-10 2022-07-24",46.29,13.16,450,"1993-07-10 2022-07-24",13.08,2.68,450,"1993-07-10 2022-07-24",3.11,3.2,450,"1993-07-10 2022-07-24",2.81,6.2,449,"1993-07-10 2022-07-24",,,,,,,,,,,,,,,,
2023-07-16,13.83,2.62,450,"1993-07-09 2022-07-23",88.29,9.43,450,"1993-07-09 2022-07-23",23.92,4.06,450,"1993-07-09 2022-07-23",24.4,7.92,450,"1993-07-09 2022-07-23",9.04,2.81,450,"1993-07-09 2022-07-23",46.28,13.07,450,"1993-07-09 2022-07-23",13.07,2.7,450,"1993-07-09 2022-07-23",3.1,3.18,450,"1993-07-09 2022-07-23",2.8,6.1,449,"1993-07-09 2022-07-23",,,,,,,,,,,,,,,,
2023-07-15,13.81,2.56,450,"1993-07-08 2022-07-22",88.59,9.24,450,"1993-07-08 2022-07-22",23.87,4.07,450,"1993-07-08 2022-07-22",24.34,7.88,450,"1993-07-08 2022-07-22",9.02,2.8,450,"1993-07-08 2022-07-22",46.4,13.31,450,"1993-07-08 2022-07-22",13,2.69,450,"1993-07-08 2022-07-22",3.14,3.21,450,"1993-07-08 2022-07-22",2.84,6.12,450,"1993-07-08 2022-07-22",,,,,,,,,,,,,,,,
2023-07-14,13.77,2.57,450,"1993-07-07 2022-07-21",88.58,9.28,450,"1993-07-07 2022-07-21",23.77,4.02,450,"1993-07-07 2022-07-21",24.39,7.87,450,"1993-07-07 2022-07-21",8.94,2.86,450,"1993-07-07 2022-07-21",46.55,13.64,450,"1993-07-07 2022-07-21",12.94,2.69,450,"1993-07-07 2022-07-21",3.14,3.19,450,"1993-07-07 2022-07-21",2.86,6.05,450,"1993-07-07 2022-07-21",,,,,,,,,,,,,,,,
2023-07-13,13.69,2.61,450,"1993-07-06 2022-07-20",88.58,9.21,450,"1993-07-06 2022-07-20",23.68,4.03,450,"1993-07-06 2022-07-20",24.39,7.88,450,"1993-07-06 2022-07-20",8.85,2.89,450,"1993-07-06 2022-07-20",46.55,13.63,450,"1993-07-06 2022-07-20",12.86,2.72,450,"1993-07-06 2022-07-20",3.18,3.18,450,"1993-07-06 2022-07-20",2.86,6.06,450,"1993-07-06 2022-07-20",,,,,,,,,,,,,,,,
2023-07-12,13.58,2.65,450,"1993-07-05 2022-07-19",88.36,9.28,450,"1993-07-05 2022-07-19",23.58,4.12,450,"1993-07-05 2022-07-19",24.32,7.86,450,"1993-07-05 2022-07-19",8.73,2.96,450,"1993-07-05 2022-07-19",46.55,13.89,450,"1993-07-05 2022-07-19",12.78,2.77,450,"1993-07-05 2022-07-19",3.19,3.16,450,"1993-07-05 2022-07-19",2.86,6.08,450,"1993-07-05 2022-07-19",,,,,,,,,,,,,,,,
2023-07-11,13.46,2.66,450,"1993-07-04 2022-07-18",88.05,9.45,450,"1993-07-04 2022-07-18",23.5,4.2,450,"1993-07-04 2022-07-18",24.32,7.67,450,"1993-07-04 2022-07-18",8.6,2.96,450,"1993-07-04 2022-07-18",46.44,14.03,450,"1993-07-04 2022-07-18",12.72,2.77,450,"1993-07-04 2022-07-18",3.2,3.27,450,"1993-07-04 2022-07-18",2.75,5.96,450,"1993-07-04 2022-07-18",,,,,,,,,,,,,,,,
2023-07-10,13.36,2.64,450,"1993-07-03 2022-07-17",87.77,9.58,450,"1993-07-03 2022-07-17",23.45,4.22,450,"1993-07-03 2022-07-17",24.25,7.43,450,"1993-07-03 2022-07-17",8.44,2.98,450,"1993-07-03 2022-07-17",46.24,14.25,450,"1993-07-03 2022-07-17",12.64,2.8,450,"1993-07-03 2022-07-17",3.25,3.31,450,"1993-07-03 2022-07-17",2.81,6.27,449,"1993-07-03 2022-07-17",,,,,,,,,,,,,,,,
2023-07-09,13.27,2.72,450,"1993-07-02 2022-07-16",87.78,9.6,450,"1993-07-02 2022-07-16",23.39,4.23,450,"1993-07-02 2022-07-16",24.22,7.49,450,"1993-07-02 2022-07-16",8.37,3,450,"1993-07-02 2022-07-16",46.19,14.22,450,"1993-07-02 2022-07-16",12.56,2.8,450,"1993-07-02 2022-07-16",3.26,3.33,450,"1993-07-02 2022-07-16",2.73,5.99,449,"1993-07-02 2022-07-16",,,,,,,,,,,,,,,,
2023-07-08,13.17,2.78,450,"1993-07-01 2022-07-15",87.65,9.88,450,"1993-07-01 2022-07-15",23.33,4.21,450,"1993-07-01 2022-07-15",24.26,7.42,450,"1993-07-01 2022-07-15",8.31,3.05,450,"1993-07-01 2022-07-15",46.11,14.14,450,"1993-07-01 2022-07-15",12.5,2.84,450,"1993-07-01 2022-07-15",3.31,3.38,450,"1993-07-01 2022-07-15",2.68,5.94,448,"1993-07-02 2022-07-15",,,,,,,,,,,,,,,,
2023-07-07,13.16,2.74,450,"1993-06-30 2022-07-14",87.82,9.97,450,"1993-06-30 2022-07-14",23.29,4.23,450,"1993-06-30 2022-07-14",24.4,7.46,450,"1993-06-30 2022-07-14",8.25,3.09,450,"1993-06-30 2022-07-14",46.13,14.26,450,"1993-06-30 2022-07-14",12.46,2.84,450,"1993-06-30 2022-07-14",3.39,3.43,450,"1993-06-30 2022-07-14",2.55,5.34,447,"1993-07-02 2022-07-14",,,,,,,,,,,,,,,,
2023-07-06,13.11,2.73,450,"1993-06-29 2022-07-13",87.77,9.99,450,"1993-06-29 2022-07-13",23.24,4.28,450,"1993-06-29 2022-07-13",24.32,7.33,450,"1993-06-29 2022-07-13",8.24,3.15,450,"1993-06-29 2022-07-13",46.26,14.33,450,"1993-06-29 2022-07-13",12.4,2.87,450,"1993-06-29 2022-07-13",3.3,3.45,450,"1993-06-29 2022-07-13",2.61,5.3,447,"1993-06-29 2022-07-13",,,,,,,,,,,,,,,,
2023-07-05,13.04,2.71,450,"1993-06-28 2022-07-12",87.58,10.08,450,"1993-06-28 2022-07-12",23.13,4.35,450,"1993-06-28 2022-07-12",24.22,7.16,450,"1993-06-28 2022-07-12",8.16,3.17,450,"1993-06-28 2022-07-12",46.32,14.46,450,"1993-06-28 2022-07-12",12.35,2.85,450,"1993-06-28 2022-07-12",3.32,3.41,450,"1993-06-28 2022-07-12",2.53,5.17,447,"1993-06-28 2022-07-12",,,,,,,,,,,,,,,,
2023-07-04,12.88,2.74,450,"1993-06-27 2022-07-11",87.32,10.36,450,"1993-06-27 2022-07-11",23.02,4.37,450,"1993-06-27 2022-07-11",24.4,7.31,450,"1993-06-27 2022-07-11",7.99,3.22,450,"1993-06-27 2022-07-11",46.17,14.58,450,"1993-06-27 2022-07-11",12.25,2.87,450,"1993-06-27 2022-07-11",3.37,3.53,450,"1993-06-27 2022-07-11",2.53,5.12,447,"1993-06-27 2022-07-11",,,,,,,,,,,,,,,,
2023-07-03,12.76,2.74,450,"1993-06-26 2022-07-10",87.28,10.41,450,"1993-06-26 2022-07-10",22.97,4.4,450,"1993-06-26 2022-07-10",24.49,7.57,450,"1993-06-26 2022-07-10",7.83,3.23,450,"1993-06-26 2022-07-10",45.85,14.52,450,"1993-06-26 2022-07-10",12.14,2.87,450,"1993-06-26 2022-07-10",3.32,3.56,450,"1993-06-26 2022-07-10",2.54,5.1,447,"1993-06-26 2022-07-10",,,,,,,,,,,,,,,,
2023-07-02,12.6,2.74,450,"1993-06-25 2022-07-09",87.07,10.5,450,"1993-06-25 2022-07-09",22.88,4.38,450,"1993-06-25 2022-07-09",24.5,7.53,450,"1993-06-25 2022-07-09",7.68,3.19,450,"1993-06-25 2022-07-09",45.67,14.52,450,"1993-06-25 2022-07-09",12.06,2.84,450,"1993-06-25 2022-07-09",3.35,3.51,450,"1993-06-25 2022-07-09",2.53,5.37,447,"1993-06-25 2022-07-09",,,,,,,,,,,,,,,,
2023-07-01,12.43,2.74,450,"1993-06-24 2022-07-08",86.97,10.52,450,"1993-06-24 2022-07-08",22.74,4.32,450,"1993-06-24 2022-07-08",24.45,7.49,450,"1993-06-24 2022-07-08",7.53,3.18,450,"1993-06-24 2022-07-08",45.54,14.43,450,"1993-06-24 2022-07-08",11.93,2.87,450,"1993-06-24 2022-07-08",3.43,3.58,450,"1993-06-24 2022-07-08",2.48,5.32,447,"1993-06-24 2022-07-08",,,,,,,,,,,,,,,,
2023-06-30,12.24,2.79,450,"1993-06-23 2022-07-07",86.59,10.68,450,"1993-06-23 2022-07-07",22.59,4.38,450,"1993-06-23 2022-07-07",24.67,7.6,450,"1993-06-23 2022-07-07",7.33,3.2,450,"1993-06-23 2022-07-07",45.3,14.38,450,"1993-06-23 2022-07-07",11.83,2.91,450,"1993-06-23 2022-07-07",3.48,3.79,450,"1993-06-23 2022-07-07",2.42,5.35,447,"1993-06-23 2022-07-07",,,,,,,,,,,,,,,,
2023-06-29,12.08,2.79,450,"1993-06-22 2022-07-06",86.41,10.75,450,"1993-06-22 2022-07-06",22.5,4.45,450,"1993-06-22 2022-07-06",24.81,7.76,450,"1993-06-22 2022-07-06",7.18,3.2,450,"1993-06-22 2022-07-06",45.14,14.51,450,"1993-06-22 2022-07-06",11.75,2.95,450,"1993-06-22 2022-07-06",3.55,3.89,450,"1993-06-22 2022-07-06",2.45,5.46,447,"1993-06-22 2022-07-06",,,,,,,,,,,,,,,,
2023-06-28,11.95,2.76,450,"1993-06-21 2022-07-05",86.14,10.79,450,"1993-06-21 2022-07-05",22.49,4.53,450,"1993-06-21 2022-07-05",24.84,7.77,450,"1993-06-21 2022-07-05",7,3.2,450,"1993-06-21 2022-07-05",44.69,14.78,450,"1993-06-21 2022-07-05",11.68,2.93,450,"1993-06-21 2022-07-05",3.65,3.99,450,"1993-06-21 2022-07-05",2.4,5.43,447,"1993-06-21 2022-07-05",,,,,,,,,,,,,,,,
2023-06-27,11.83,2.76,450,"1993-06-20 2022-07-04",85.99,10.79,450,"1993-06-20 2022-07-04",22.45,4.5,450,"1993-06-20 2022-07-04",24.85,7.71,450,"1993-06-20 2022-07-04",6.88,3.19,450,"1993-06-20 2022-07-04",44.46,14.97,450,"1993-06-20 2022-07-04",11.59,2.91,450,"1993-06-20 2022-07-04",3.73,4.01,450,"1993-06-20 2022-07-04",2.43,5.82,447,"1993-06-20 2022-07-04",,,,,,,,,,,,,,,,
2023-06-26,11.73,2.74,450,"1993-06-19 2022-07-03",86.16,10.71,450,"1993-06-19 2022-07-03",22.34,4.49,450,"1993-06-19 2022-07-03",25.05,7.79,450,"1993-06-19 2022-07-03",6.76,3.21,450,"1993-06-19 2022-07-03",44.38,15.06,450,"1993-06-19 2022-07-03",11.45,2.9,450,"1993-06-19 2022-07-03",3.76,3.98,450,"1993-06-19 2022-07-03",2.52,5.99,447,"1993-06-19 2022-07-03",,,,,,,,,,,,,,,,
2023-06-25,11.59,2.73,450,"1993-06-18 2022-07-02",86.17,10.74,450,"1993-06-18 2022-07-02",22.24,4.49,450,"1993-06-18 2022-07-02",25.04,8.01,450,"1993-06-18 2022-07-02",6.66,3.2,450,"1993-06-18 2022-07-02",44.26,15.01,450,"1993-06-18 2022-07-02",11.34,2.89,450,"1993-06-18 2022-07-02",3.76,4.04,450,"1993-06-18 2022-07-02",2.67,6.06,448,"1993-06-18 2022-07-02",,,,,,,,,,,,,,,,
2023-06-24,11.44,2.64,450,"1993-06-17 2022-07-01",85.97,10.8,450,"1993-06-17 2022-07-01",22.08,4.44,450,"1993-06-17 2022-07-01",24.96,7.89,450,"1993-06-17 2022-07-01",6.45,3.2,450,"1993-06-17 2022-07-01",44.11,15.03,450,"1993-06-17 2022-07-01",11.23,2.89,450,"1993-06-17 2022-07-01",3.8,4.06,450,"1993-06-17 2022-07-01",2.59,5.96,448,"1993-06-17 2022-07-01",,,,,,,,,,,,,,,,
2023-06-23,11.28,2.61,450,"1993-06-16 2022-06-30",86.02,10.65,450,"1993-06-16 2022-06-30",21.94,4.44,450,"1993-06-16 2022-06-30",24.87,7.9,450,"1993-06-16 2022-06-30",6.21,3.18,450,"1993-06-16 2022-06-30",43.79,15.12,450,"1993-06-16 2022-06-30",11.08,2.85,450,"1993-06-16 2022-06-30",3.76,4.07,450,"1993-06-16 2022-06-30",2.47,5.77,448,"1993-06-17 2022-06-30",,,,,,,,,,,,,,,,
2023-06-22,11.1,2.57,450,"1993-06-15 2022-06-29",85.94,10.59,450,"1993-06-15 2022-06-29",21.76,4.41,450,"1993-06-15 2022-06-29",24.96,7.79,450,"1993-06-15 2022-06-29",6.05,3.13,450,"1993-06-15 2022-06-29",43.69,15.01,450,"1993-06-15 2022-06-29",10.92,2.78,450,"1993-06-15 2022-06-29",3.78,4.12,450,"1993-06-15 2022-06-29",2.46,5.69,449,"1993-06-15 2022-06-29",,,,,,,,,,,,,,,,
2023-06-21,10.96,2.51,450,"1993-06-14 2022-06-28",85.9,10.54,450,"1993-06-14 2022-06-28",21.56,4.37,450,"1993-06-14 2022-06-28",25,7.77,450,"1993-06-14 2022-06-28",5.88,3.04,450,"1993-06-14 2022-06-28",43.79,15.16,450,"1993-06-14 2022-06-28",10.82,2.69,450,"1993-06-14 2022-06-28",3.84,4.18,450,"1993-06-14 2022-06-28",2.56,6.04,448,"1993-06-15 2022-06-28",,,,,,,,,,,,,,,,
2023-06-20,10.82,2.5,450,"1993-06-13 2022-06-27",85.84,10.53,450,"1993-06-13 2022-06-27",21.49,4.26,450,"1993-06-13 2022-06-27",25.26,8.01,450,"1993-06-13 2022-06-27",5.73,3.02,450,"1993-06-13 2022-06-27",43.55,15.07,450,"1993-06-13 2022-06-27",10.7,2.64,450,"1993-06-13 2022-06-27",3.73,4.18,450,"1993-06-13 2022-06-27",2.5,6.01,448,"1993-06-13 2022-06-27",,,,,,,,,,,,,,,,
2023-06-19,10.73,2.49,450,"1993-06-12 2022-06-26",86.1,10.25,450,"1993-06-12 2022-06-26",21.35,4.21,450,"1993-06-12 2022-06-26",25.02,7.97,450,"1993-06-12 2022-06-26",5.61,3.06,450,"1993-06-12 2022-06-26",43.55,15.21,450,"1993-06-12 2022-06-26",10.57,2.6,450,"1993-06-12 2022-06-26",3.67,4.1,450,"1993-06-12 2022-06-26",2.45,6.05,448,"1993-06-12 2022-06-26",,,,,,,,,,,,,,,,
2023-06-18,10.59,2.5,450,"1993-06-11 2022-06-25",86.17,10.29,450,"1993-06-11 2022-06-25",21.15,4.18,450,"1993-06-11 2022-06-25",24.93,7.84,450,"1993-06-11 2022-06-25",5.47,3.11,450,"1993-06-11 2022-06-25",43.62,15.58,450,"1993-06-11 2022-06-25",10.41,2.58,450,"1993-06-11 2022-06-25",3.66,4.17,450,"1993-06-11 2022-06-25",2.49,6.1,448,"1993-06-11 2022-06-25",,,,,,,,,,,,,,,,
2023-06-17,10.47,2.53,450,"1993-06-10 2022-06-24",86.28,10.25,450,"1993-06-10 2022-06-24",20.95,4.19,450,"1993-06-10 2022-06-24",24.88,7.9,450,"1993-06-10 2022-06-24",5.33,3.12,450,"1993-06-10 2022-06-24",43.67,15.82,450,"1993-06-10 2022-06-24",10.24,2.54,450,"1993-06-10 2022-06-24",3.69,4.24,450,"1993-06-10 2022-06-24",2.57,6.09,448,"1993-06-10 2022-06-24",,,,,,,,,,,,,,,,
2023-06-16,10.33,2.55,450,"1993-06-09 2022-06-23",86.08,10.42,450,"1993-06-09 2022-06-23",20.8,4.17,450,"1993-06-09 2022-06-23",24.98,8,450,"1993-06-09 2022-06-23",5.14,3.13,450,"1993-06-09 2022-06-23",43.6,16.09,450,"1993-06-09 2022-06-23",10.09,2.51,450,"1993-06-09 2022-06-23",3.72,4.26,450,"1993-06-09 2022-06-23",2.62,6.17,447,"1993-06-10 2022-06-23",,,,,,,,,,,,,,,,
2023-06-15,10.21,2.59,450,"1993-06-08 2022-06-22",86.04,10.35,450,"1993-06-08 2022-06-22",20.67,4.09,450,"1993-06-08 2022-06-22",24.75,7.88,450,"1993-06-08 2022-06-22",4.98,3.15,450,"1993-06-08 2022-06-22",43.53,16.16,450,"1993-06-08 2022-06-22",9.99,2.56,450,"1993-06-08 2022-06-22",3.75,4.12,450,"1993-06-08 2022-06-22",2.54,6.02,447,"1993-06-08 2022-06-22",,,,,,,,,,,,,,,,
2023-06-14,10.03,2.7,450,"1993-06-07 2022-06-21",85.71,10.81,450,"1993-06-07 2022-06-21",20.54,4.1,450,"1993-06-07 2022-06-21",24.6,7.76,450,"1993-06-07 2022-06-21",4.8,3.24,450,"1993-06-07 2022-06-21",43.31,16.11,450,"1993-06-07 2022-06-21",9.88,2.61,450,"1993-06-07 2022-06-21",3.69,4.15,450,"1993-06-07 2022-06-21",2.47,5.93,447,"1993-06-07 2022-06-21",,,,,,,,,,,,,,,,
2023-06-13,9.9,2.78,450,"1993-06-06 2022-06-20",85.57,11.04,450,"1993-06-06 2022-06-20",20.36,4.02,450,"1993-06-06 2022-06-20",24.71,7.85,450,"1993-06-06 2022-06-20",4.57,3.35,450,"1993-06-06 2022-06-20",43.15,15.97,450,"1993-06-06 2022-06-20",9.8,2.66,450,"1993-06-06 2022-06-20",3.68,4.14,450,"1993-06-06 2022-06-20",2.5,5.95,446,"1993-06-07 2022-06-20",,,,,,,,,,,,,,,,
2023-06-12,9.84,2.84,450,"1993-06-05 2022-06-19",85.51,11.25,450,"1993-06-05 2022-06-19",20.32,4.05,450,"1993-06-05 2022-06-19",24.83,8.02,450,"1993-06-05 2022-06-19",4.39,3.44,450,"1993-06-05 2022-06-19",42.76,15.84,450,"1993-06-05 2022-06-19",9.78,2.73,450,"1993-06-05 2022-06-19",3.67,4.19,450,"1993-06-05 2022-06-19",2.37,5.39,445,"1993-06-07 2022-06-19",,,,,,,,,,,,,,,,
2023-06-11,9.69,2.89,450,"1993-06-04 2022-06-18",84.85,11.54,450,"1993-06-04 2022-06-18",20.38,4.09,450,"1993-06-04 2022-06-18",24.63,7.91,450,"1993-06-04 2022-06-18",4.16,3.55,450,"1993-06-04 2022-06-18",42.09,15.74,450,"1993-06-04 2022-06-18",9.75,2.78,450,"1993-06-04 2022-06-18",3.62,4.14,450,"1993-06-04 2022-06-18",2.29,5.27,445,"1993-06-04 2022-06-18",,,,,,,,,,,,,,,,
2023-06-10,9.52,2.95,450,"1993-06-03 2022-06-17",84.33,11.89,450,"1993-06-03 2022-06-17",20.37,4.07,450,"1993-06-03 2022-06-17",24.67,7.86,450,"1993-06-03 2022-06-17",3.93,3.62,450,"1993-06-03 2022-06-17",41.56,15.79,450,"1993-06-03 2022-06-17",9.7,2.77,450,"1993-06-03 2022-06-17",3.62,4.12,450,"1993-06-03 2022-06-17",2.03,4.86,445,"1993-06-03 2022-06-17",,,,,,,,,,,,,,,,
2023-06-09,9.44,3.02,450,"1993-06-02 2022-06-16",84.04,12.07,450,"1993-06-02 2022-06-16",20.43,4.1,450,"1993-06-02 2022-06-16",24.71,7.96,450,"1993-06-02 2022-06-16",3.79,3.69,450,"1993-06-02 2022-06-16",41.05,15.84,450,"1993-06-02 2022-06-16",9.65,2.82,450,"1993-06-02 2022-06-16",3.61,4.12,450,"1993-06-02 2022-06-16",2.06,4.88,445,"1993-06-02 2022-06-16",,,,,,,,,,,,,,,,
2023-06-08,9.32,3.08,450,"1993-06-01 2022-06-15",83.55,12.2,450,"1993-06-01 2022-06-15",20.45,4.12,450,"1993-06-01 2022-06-15",24.64,8.1,450,"1993-06-01 2022-06-15",3.69,3.72,450,"1993-06-01 2022-06-15",40.66,15.74,450,"1993-06-01 2022-06-15",9.63,2.88,450,"1993-06-01 2022-06-15",3.61,4.08,450,"1993-06-01 2022-06-15",2.06,4.93,446,"1993-06-01 2022-06-15",,,,,,,,,,,,,,,,
2023-06-07,9.15,3.18,450,"1993-05-31 2022-06-14",83,12.52,450,"1993-05-31 2022-06-14",20.5,4.14,450,"1993-05-31 2022-06-14",24.49,8.21,450,"1993-05-31 2022-06-14",3.46,3.78,450,"1993-05-31 2022-06-14",40.03,15.64,450,"1993-05-31 2022-06-14",9.55,2.95,450,"1993-05-31 2022-06-14",3.51,3.99,450,"1993-05-31 2022-06-14",2.01,4.9,446,"1993-05-31 2022-06-14",,,,,,,,,,,,,,,,
2023-06-06,8.89,3.25,450,"1993-05-30 2022-06-13",82.5,13.18,450,"1993-05-30 2022-06-13",20.46,4.2,450,"1993-05-30 2022-06-13",24.55,8.32,450,"1993-05-30 2022-06-13",3.14,3.93,450,"1993-05-30 2022-06-13",39.42,15.78,450,"1993-05-30 2022-06-13",9.39,3,450,"1993-05-30 2022-06-13",3.63,4.01,450,"1993-05-30 2022-06-13",1.91,4.54,446,"1993-05-31 2022-06-13",,,,,,,,,,,,,,,,
2023-06-05,8.64,3.31,450,"1993-05-29 2022-06-12",82.1,13.65,450,"1993-05-29 2022-06-12",20.31,4.27,450,"1993-05-29 2022-06-12",24.36,8.2,450,"1993-05-29 2022-06-12",2.83,4.01,450,"1993-05-29 2022-06-12",39.02,16.07,450,"1993-05-29 2022-06-12",9.22,3.03,450,"1993-05-29 2022-06-12",3.78,4.14,450,"1993-05-29 2022-06-12",2.04,4.78,446,"1993-05-29 2022-06-12",,,,,,,,,,,,,,,,
2023-06-04,8.45,3.34,450,"1993-05-28 2022-06-11",81.56,13.89,450,"1993-05-28 2022-06-11",20.25,4.33,450,"1993-05-28 2022-06-11",24.5,8.3,450,"1993-05-28 2022-06-11",2.58,4.08,450,"1993-05-28 2022-06-11",38.49,15.96,450,"1993-05-28 2022-06-11",9.1,3.07,450,"1993-05-28 2022-06-11",3.82,4.15,450,"1993-05-28 2022-06-11",1.98,4.63,446,"1993-05-28 2022-06-11",,,,,,,,,,,,,,,,
2023-06-03,8.3,3.36,450,"1993-05-27 2022-06-10",80.99,13.78,450,"1993-05-27 2022-06-10",20.32,4.3,450,"1993-05-27 2022-06-10",24.55,8.3,450,"1993-05-27 2022-06-10",2.34,4.04,450,"1993-05-27 2022-06-10",37.83,15.59,450,"1993-05-27 2022-06-10",9.05,3.06,450,"1993-05-27 2022-06-10",3.85,4.12,450,"1993-05-27 2022-06-10",1.82,4.46,446,"1993-05-27 2022-06-10",,,,,,,,,,,,,,,,
2023-06-02,8.14,3.39,450,"1993-05-26 2022-06-09",80.69,13.76,450,"1993-05-26 2022-06-09",20.31,4.3,450,"1993-05-26 2022-06-09",24.56,8.2,450,"1993-05-26 2022-06-09",2.1,4.03,450,"1993-05-26 2022-06-09",37.26,15.37,450,"1993-05-26 2022-06-09",8.94,3.14,450,"1993-05-26 2022-06-09",3.84,4.09,450,"1993-05-26 2022-06-09",1.63,4,446,"1993-05-26 2022-06-09",,,,,,,,,,,,,,,,
2023-06-01,8.02,3.44,450,"1993-05-25 2022-06-08",80.48,13.72,450,"1993-05-25 2022-06-08",20.26,4.38,450,"1993-05-25 2022-06-08",24.69,8.32,450,"1993-05-25 2022-06-08",1.92,4.04,450,"1993-05-25 2022-06-08",36.75,15.06,450,"1993-05-25 2022-06-08",8.86,3.22,450,"1993-05-25 2022-06-08",3.8,4.13,450,"1993-05-25 2022-06-08",1.67,4.08,447,"1993-05-25 2022-06-08",,,,,,,,,,,,,,,,
2023-05-31,7.88,3.44,450,"1993-05-24 2022-06-07",80.19,13.78,450,"1993-05-24 2022-06-07",20.25,4.47,450,"1993-05-24 2022-06-07",24.86,8.36,450,"1993-05-24 2022-06-07",1.78,4.06,450,"1993-05-24 2022-06-07",36.24,14.76,450,"1993-05-24 2022-06-07",8.8,3.2,450,"1993-05-24 2022-06-07",3.77,4.08,450,"1993-05-24 2022-06-07",1.69,4.27,447,"1993-05-24 2022-06-07",,,,,,,,,,,,,,,,
2023-05-30,7.67,3.52,450,"1993-05-23 2022-06-06",79.85,13.89,450,"1993-05-23 2022-06-06",20.18,4.62,450,"1993-05-23 2022-06-06",24.88,8.4,450,"1993-05-23 2022-06-06",1.6,4.12,450,"1993-05-23 2022-06-06",36.04,14.81,450,"1993-05-23 2022-06-06",8.65,3.29,450,"1993-05-23 2022-06-06",3.79,4.05,450,"1993-05-23 2022-06-06",1.62,4.11,447,"1993-05-23 2022-06-06",,,,,,,,,,,,,,,,
2023-05-29,7.43,3.58,450,"1993-05-22 2022-06-05",79.65,14.03,450,"1993-05-22 2022-06-05",20.05,4.8,450,"1993-05-22 2022-06-05",24.79,8.43,450,"1993-05-22 2022-06-05",1.44,4.21,450,"1993-05-22 2022-06-05",36,15.45,450,"1993-05-22 2022-06-05",8.4,3.41,450,"1993-05-22 2022-06-05",3.76,4.04,450,"1993-05-22 2022-06-05",1.71,4.46,448,"1993-05-22 2022-06-05",,,,,,,,,,,,,,,,
2023-05-28,7.11,3.61,450,"1993-05-21 2022-06-04",79.39,14.16,450,"1993-05-21 2022-06-04",19.77,5.01,450,"1993-05-21 2022-06-04",24.65,8.36,450,"1993-05-21 2022-06-04",1.23,4.24,450,"1993-05-21 2022-06-04",36.22,16.05,450,"1993-05-21 2022-06-04",8.13,3.5,450,"1993-05-21 2022-06-04",3.76,4.09,450,"1993-05-21 2022-06-04",1.89,5.04,449,"1993-05-21 2022-06-04",,,,,,,,,,,,,,,,
2023-05-27,6.85,3.69,450,"1993-05-20 2022-06-03",79.4,14.41,450,"1993-05-20 2022-06-03",19.48,5.14,450,"1993-05-20 2022-06-03",24.86,8.42,450,"1993-05-20 2022-06-03",1,4.28,450,"1993-05-20 2022-06-03",36.38,16.41,450,"1993-05-20 2022-06-03",7.85,3.57,450,"1993-05-20 2022-06-03",3.88,4.27,450,"1993-05-20 2022-06-03",1.95,5.17,449,"1993-05-20 2022-06-03",,,,,,,,,,,,,,,,
2023-05-26,6.63,3.73,450,"1993-05-19 2022-06-02",79.56,14.44,450,"1993-05-19 2022-06-02",19.2,5.26,450,"1993-05-19 2022-06-02",25.02,8.45,450,"1993-05-19 2022-06-02",0.81,4.29,450,"1993-05-19 2022-06-02",36.6,16.56,450,"1993-05-19 2022-06-02",7.59,3.6,450,"1993-05-19 2022-06-02",3.87,4.24,450,"1993-05-19 2022-06-02",1.92,5.06,449,"1993-05-19 2022-06-02",,,,,,,,,,,,,,,,
2023-05-25,6.4,3.73,450,"1993-05-18 2022-06-01",79.54,14.42,450,"1993-05-18 2022-06-01",18.95,5.35,450,"1993-05-18 2022-06-01",25.31,8.43,450,"1993-05-18 2022-06-01",0.57,4.31,450,"1993-05-18 2022-06-01",36.7,16.93,450,"1993-05-18 2022-06-01",7.37,3.61,450,"1993-05-18 2022-06-01",3.9,4.23,450,"1993-05-18 2022-06-01",1.91,5.18,449,"1993-05-18 2022-06-01",,,,,,,,,,,,,,,,
2023-05-24,6.22,3.72,450,"1993-05-17 2022-05-31",79.47,14.5,450,"1993-05-17 2022-05-31",18.78,5.41,450,"1993-05-17 2022-05-31",25.6,8.38,450,"1993-05-17 2022-05-31",0.33,4.33,450,"1993-05-17 2022-05-31",36.68,17.1,450,"1993-05-17 2022-05-31",7.17,3.59,450,"1993-05-17 2022-05-31",4.01,4.29,450,"1993-05-17 2022-05-31",1.86,5.09,449,"1993-05-17 2022-05-31",,,,,,,,,,,,,,,,
2023-05-23,6.09,3.63,450,"1993-05-16 2022-05-30",79.35,14.72,450,"1993-05-16 2022-05-30",18.68,5.43,450,"1993-05-16 2022-05-30",25.84,8.46,450,"1993-05-16 2022-05-30",0.16,4.29,450,"1993-05-16 2022-05-30",36.48,17.2,450,"1993-05-16 2022-05-30",7.07,3.57,450,"1993-05-16 2022-05-30",4.01,4.37,450,"1993-05-16 2022-05-30",1.85,5.13,448,"1993-05-17 2022-05-30",,,,,,,,,,,,,,,,
2023-05-22,5.96,3.64,450,"1993-05-15 2022-05-29",79.1,14.86,450,"1993-05-15 2022-05-29",18.63,5.46,450,"1993-05-15 2022-05-29",25.93,8.69,450,"1993-05-15 2022-05-29",0.01,4.26,450,"1993-05-15 2022-05-29",36.14,16.98,450,"1993-05-15 2022-05-29",6.97,3.57,450,"1993-05-15 2022-05-29",3.92,4.38,450,"1993-05-15 2022-05-29",1.77,4.98,449,"1993-05-15 2022-05-29",,,,,,,,,,,,,,,,
2023-05-21,5.75,3.67,450,"1993-05-14 2022-05-28",78.71,15.1,450,"1993-05-14 2022-05-28",18.52,5.48,450,"1993-05-14 2022-05-28",26.06,8.7,450,"1993-05-14 2022-05-28",-0.29,4.29,450,"1993-05-14 2022-05-28",35.79,17.09,450,"1993-05-14 2022-05-28",6.83,3.53,450,"1993-05-14 2022-05-28",3.87,4.34,450,"1993-05-14 2022-05-28",1.65,4.77,449,"1993-05-14 2022-05-28",,,,,,,,,,,,,,,,
2023-05-20,5.44,3.75,450,"1993-05-13 2022-05-27",77.98,15.51,450,"1993-05-13 2022-05-27",18.4,5.43,450,"1993-05-13 2022-05-27",26.05,8.59,450,"1993-05-13 2022-05-27",-0.59,4.29,450,"1993-05-13 2022-05-27",35.36,16.97,450,"1993-05-13 2022-05-27",6.67,3.6,450,"1993-05-13 2022-05-27",3.78,4.34,450,"1993-05-13 2022-05-27",1.64,4.77,449,"1993-05-13 2022-05-27",,,,,,,,,,,,,,,,
2023-05-19,5.13,3.83,450,"1993-05-12 2022-05-26",77.5,15.95,450,"1993-05-12 2022-05-26",18.29,5.49,450,"1993-05-12 2022-05-26",26.16,8.75,450,"1993-05-12 2022-05-26",-0.93,4.42,450,"1993-05-12 2022-05-26",34.81,17.06,450,"1993-05-12 2022-05-26",6.44,3.68,450,"1993-05-12 2022-05-26",3.85,4.5,450,"1993-05-12 2022-05-26",1.67,4.8,448,"1993-05-13 2022-05-26",,,,,,,,,,,,,,,,
2023-05-18,4.79,3.88,450,"1993-05-11 2022-05-25",76.69,16.22,450,"1993-05-11 2022-05-25",18.25,5.52,450,"1993-05-11 2022-05-25",26.26,8.85,450,"1993-05-11 2022-05-25",-1.27,4.47,450,"1993-05-11 2022-05-25",34.12,16.8,450,"1993-05-11 2022-05-25",6.23,3.73,450,"1993-05-11 2022-05-25",3.88,4.62,450,"1993-05-11 2022-05-25",1.61,4.77,448,"1993-05-11 2022-05-25",,,,,,,,,,,,,,,,
2023-05-17,4.41,3.89,450,"1993-05-10 2022-05-24",76.19,16.36,450,"1993-05-10 2022-05-24",17.97,5.58,450,"1993-05-10 2022-05-24",26.02,8.68,450,"1993-05-10 2022-05-24",-1.68,4.57,450,"1993-05-10 2022-05-24",33.83,16.85,450,"1993-05-10 2022-05-24",5.93,3.81,450,"1993-05-10 2022-05-24",3.8,4.55,450,"1993-05-10 2022-05-24",1.53,4.83,448,"1993-05-10 2022-05-24",,,,,,,,,,,,,,,,
2023-05-16,4.07,3.92,450,"1993-05-09 2022-05-23",75.86,16.46,450,"1993-05-09 2022-05-23",17.68,5.62,450,"1993-05-09 2022-05-23",26.06,8.7,450,"1993-05-09 2022-05-23",-2.09,4.58,450,"1993-05-09 2022-05-23",33.62,16.83,450,"1993-05-09 2022-05-23",5.59,3.81,450,"1993-05-09 2022-05-23",3.77,4.59,450,"1993-05-09 2022-05-23",1.43,4.59,448,"1993-05-09 2022-05-23",,,,,,,,,,,,,,,,
2023-05-15,3.93,3.94,450,"1993-05-08 2022-05-22",76.12,16.4,450,"1993-05-08 2022-05-22",17.46,5.56,450,"1993-05-08 2022-05-22",26.24,8.76,450,"1993-05-08 2022-05-22",-2.4,4.54,450,"1993-05-08 2022-05-22",33.26,16.67,450,"1993-05-08 2022-05-22",5.36,3.79,450,"1993-05-08 2022-05-22",3.77,4.58,450,"1993-05-08 2022-05-22",1.4,4.56,448,"1993-05-08 2022-05-22",,,,,,,,,,,,,,,,
2023-05-14,3.77,3.94,450,"1993-05-07 2022-05-21",76.12,16.4,450,"1993-05-07 2022-05-21",17.28,5.56,450,"1993-05-07 2022-05-21",26.42,8.74,450,"1993-05-07 2022-05-21",-2.65,4.45,450,"1993-05-07 2022-05-21",33.02,16.22,450,"1993-05-07 2022-05-21",5.21,3.81,450,"1993-05-07 2022-05-21",3.78,4.66,450,"1993-05-07 2022-05-21",1.29,4.26,448,"1993-05-07 2022-05-21",,,,,,,,,,,,,,,,
2023-05-13,3.58,4.02,450,"1993-05-06 2022-05-20",75.92,16.34,450,"1993-05-06 2022-05-20",17.21,5.66,450,"1993-05-06 2022-05-20",26.61,8.74,450,"1993-05-06 2022-05-20",-2.87,4.36,450,"1993-05-06 2022-05-20",32.69,15.94,450,"1993-05-06 2022-05-20",5.06,3.82,450,"1993-05-06 2022-05-20",3.78,4.58,450,"1993-05-06 2022-05-20",1.11,3.58,448,"1993-05-06 2022-05-20",,,,,,,,,,,,,,,,
2023-05-12,3.43,3.94,450,"1993-05-05 2022-05-19",75.72,16.47,450,"1993-05-05 2022-05-19",17.12,5.78,450,"1993-05-05 2022-05-19",26.6,8.74,450,"1993-05-05 2022-05-19",-3.06,4.29,450,"1993-05-05 2022-05-19",32.36,15.8,450,"1993-05-05 2022-05-19",4.95,3.86,450,"1993-05-05 2022-05-19",3.79,4.5,450,"1993-05-05 2022-05-19",0.99,3.3,448,"1993-05-05 2022-05-19",,,,,,,,,,,,,,,,
2023-05-11,3.25,3.88,450,"1993-05-04 2022-05-18",75.49,16.5,450,"1993-05-04 2022-05-18",16.96,5.88,450,"1993-05-04 2022-05-18",26.57,8.85,450,"1993-05-04 2022-05-18",-3.3,4.2,450,"1993-05-04 2022-05-18",32.27,16.03,450,"1993-05-04 2022-05-18",4.76,3.92,450,"1993-05-04 2022-05-18",3.8,4.54,450,"1993-05-04 2022-05-18",1.07,3.61,448,"1993-05-04 2022-05-18",,,,,,,,,,,,,,,,
2023-05-10,3.02,3.83,450,"1993-05-03 2022-05-17",75.37,16.72,450,"1993-05-03 2022-05-17",16.72,5.95,450,"1993-05-03 2022-05-17",26.59,8.91,450,"1993-05-03 2022-05-17",-3.48,4.15,450,"1993-05-03 2022-05-17",32.33,16.01,450,"1993-05-03 2022-05-17",4.53,3.93,450,"1993-05-03 2022-05-17",3.8,4.52,450,"1993-05-03 2022-05-17",1.09,3.45,448,"1993-05-03 2022-05-17",,,,,,,,,,,,,,,,
2023-05-09,2.83,3.71,450,"1993-05-02 2022-05-16",75.48,16.78,450,"1993-05-02 2022-05-16",16.53,5.92,450,"1993-05-02 2022-05-16",26.55,9.05,450,"1993-05-02 2022-05-16",-3.66,4.05,450,"1993-05-02 2022-05-16",32.27,15.91,450,"1993-05-02 2022-05-16",4.28,3.92,450,"1993-05-02 2022-05-16",3.69,4.58,450,"1993-05-02 2022-05-16",1.09,3.47,448,"1993-05-02 2022-05-16",,,,,,,,,,,,,,,,
2023-05-08,2.55,3.67,450,"1993-05-01 2022-05-15",75.42,16.49,450,"1993-05-01 2022-05-15",16.23,5.83,450,"1993-05-01 2022-05-15",26.31,8.89,450,"1993-05-01 2022-05-15",-3.95,3.96,450,"1993-05-01 2022-05-15",32.17,15.73,450,"1993-05-01 2022-05-15",3.96,3.85,450,"1993-05-01 2022-05-15",3.69,4.49,450,"1993-05-01 2022-05-15",1.03,3.35,448,"1993-05-02 2022-05-15",,,,,,,,,,,,,,,,
2023-05-07,2.29,3.66,450,"1993-04-30 2022-05-14",75.74,16.17,450,"1993-04-30 2022-05-14",15.89,5.83,450,"1993-04-30 2022-05-14",26.24,8.67,450,"1993-04-30 2022-05-14",-4.17,3.9,450,"1993-04-30 2022-05-14",32.26,15.6,450,"1993-04-30 2022-05-14",3.6,3.82,450,"1993-04-30 2022-05-14",3.66,4.4,450,"1993-04-30 2022-05-14",1.02,3.42,447,"1993-04-30 2022-05-14",,,,,,,,,,,,,,,,
2023-05-06,2.12,3.66,450,"1993-04-29 2022-05-13",76.13,15.81,450,"1993-04-29 2022-05-13",15.58,5.82,450,"1993-04-29 2022-05-13",26.24,8.7,450,"1993-04-29 2022-05-13",-4.28,3.95,450,"1993-04-29 2022-05-13",32.39,15.24,450,"1993-04-29 2022-05-13",3.37,3.84,450,"1993-04-29 2022-05-13",3.7,4.39,450,"1993-04-29 2022-05-13",0.99,3.37,446,"1993-04-30 2022-05-13",,,,,,,,,,,,,,,,
2023-05-05,2.07,3.66,450,"1993-04-28 2022-05-12",77.12,15.51,450,"1993-04-28 2022-05-12",15.31,5.93,450,"1993-04-28 2022-05-12",26.36,8.82,450,"1993-04-28 2022-05-12",-4.38,3.98,450,"1993-04-28 2022-05-12",32.83,15.54,450,"1993-04-28 2022-05-12",3.09,3.81,450,"1993-04-28 2022-05-12",3.86,4.43,450,"1993-04-28 2022-05-12",1.02,3.4,445,"1993-04-28 2022-05-12",,,,,,,,,,,,,,,,
2023-05-04,1.98,3.58,450,"1993-04-27 2022-05-11",77.62,15.34,450,"1993-04-27 2022-05-11",14.9,5.94,450,"1993-04-27 2022-05-11",26.46,8.81,450,"1993-04-27 2022-05-11",-4.38,3.97,450,"1993-04-27 2022-05-11",33.84,16.1,450,"1993-04-27 2022-05-11",2.86,3.75,450,"1993-04-27 2022-05-11",3.85,4.27,450,"1993-04-27 2022-05-11",1.12,3.55,446,"1993-04-27 2022-05-11",,,,,,,,,,,,,,,,
2023-05-03,1.91,3.56,450,"1993-04-26 2022-05-10",78.09,15.14,450,"1993-04-26 2022-05-10",14.54,5.91,450,"1993-04-26 2022-05-10",26.53,8.75,450,"1993-04-26 2022-05-10",-4.46,3.97,450,"1993-04-26 2022-05-10",34.42,16.31,450,"1993-04-26 2022-05-10",2.68,3.73,450,"1993-04-26 2022-05-10",3.89,4.21,450,"1993-04-26 2022-05-10",1.14,3.56,446,"1993-04-26 2022-05-10",,,,,,,,,,,,,,,,
2023-05-02,1.82,3.65,450,"1993-04-25 2022-05-09",78.28,15.35,450,"1993-04-25 2022-05-09",14.38,5.97,450,"1993-04-25 2022-05-09",26.76,8.78,450,"1993-04-25 2022-05-09",-4.51,3.97,450,"1993-04-25 2022-05-09",34.73,16.64,450,"1993-04-25 2022-05-09",2.59,3.74,450,"1993-04-25 2022-05-09",4,4.33,450,"1993-04-25 2022-05-09",1.07,3.15,446,"1993-04-25 2022-05-09",,,,,,,,,,,,,,,,
2023-05-01,1.72,3.76,450,"1993-04-24 2022-05-08",78.55,15.4,450,"1993-04-24 2022-05-08",14.17,6.07,450,"1993-04-24 2022-05-08",26.65,8.77,450,"1993-04-24 2022-05-08",-4.54,4.1,450,"1993-04-24 2022-05-08",35.28,17.24,450,"1993-04-24 2022-05-08",2.45,3.78,450,"1993-04-24 2022-05-08",4.04,4.34,450,"1993-04-24 2022-05-08",1.14,3.27,445,"1993-04-24 2022-05-08",,,,,,,,,,,,,,,,
2023-04-30,1.54,3.75,450,"1993-04-23 2022-05-07",78.45,15.42,450,"1993-04-23 2022-05-07",13.99,6.1,450,"1993-04-23 2022-05-07",26.7,8.88,450,"1993-04-23 2022-05-07",-4.66,4.14,450,"1993-04-23 2022-05-07",35.42,17.12,450,"1993-04-23 2022-05-07",2.26,3.84,450,"1993-04-23 2022-05-07",4.14,4.37,450,"1993-04-23 2022-05-07",1.19,3.4,445,"1993-04-23 2022-05-07",,,,,,,,,,,,,,,,
2023-04-29,1.41,3.73,450,"1993-04-22 2022-05-06",78.21,15.42,450,"1993-04-22 2022-05-06",13.88,6.11,450,"1993-04-22 2022-05-06",26.85,8.93,450,"1993-04-22 2022-05-06",-4.76,4.16,450,"1993-04-22 2022-05-06",35.28,16.86,450,"1993-04-22 2022-05-06",2.13,3.85,450,"1993-04-22 2022-05-06",4.15,4.22,450,"1993-04-22 2022-05-06",1.13,3.27,444,"1993-04-23 2022-05-06",,,,,,,,,,,,,,,,
2023-04-28,1.29,3.76,450,"1993-04-21 2022-05-05",78.09,15.4,450,"1993-04-21 2022-05-05",13.8,6.12,450,"1993-04-21 2022-05-05",26.75,8.87,450,"1993-04-21 2022-05-05",-4.86,4.17,450,"1993-04-21 2022-05-05",35.23,16.68,450,"1993-04-21 2022-05-05",1.97,3.89,450,"1993-04-21 2022-05-05",4.12,4.29,450,"1993-04-21 2022-05-05",1.08,3.18,443,"1993-04-21 2022-05-05",,,,,,,,,,,,,,,,
2023-04-27,1.16,3.83,450,"1993-04-20 2022-05-04",78.13,15.2,450,"1993-04-20 2022-05-04",13.65,6.06,450,"1993-04-20 2022-05-04",26.64,8.91,450,"1993-04-20 2022-05-04",-4.96,4.22,450,"1993-04-20 2022-05-04",35.4,16.52,450,"1993-04-20 2022-05-04",1.78,3.84,450,"1993-04-20 2022-05-04",4.04,4.24,450,"1993-04-20 2022-05-04",1.09,3.24,443,"1993-04-20 2022-05-04",,,,,,,,,,,,,,,,
2023-04-26,0.99,3.86,450,"1993-04-19 2022-05-03",78.13,15.33,450,"1993-04-19 2022-05-03",13.48,6.04,450,"1993-04-19 2022-05-03",26.48,8.72,450,"1993-04-19 2022-05-03",-5.1,4.17,450,"1993-04-19 2022-05-03",35.32,16.22,450,"1993-04-19 2022-05-03",1.61,3.86,450,"1993-04-19 2022-05-03",4.09,4.25,450,"1993-04-19 2022-05-03",1.02,2.96,442,"1993-04-19 2022-05-03",,,,,,,,,,,,,,,,
2023-04-25,0.78,3.83,450,"1993-04-18 2022-05-02",77.96,15.22,450,"1993-04-18 2022-05-02",13.3,6.06,450,"1993-04-18 2022-05-02",26.23,8.58,450,"1993-04-18 2022-05-02",-5.34,4.11,450,"1993-04-18 2022-05-02",35.14,16.04,450,"1993-04-18 2022-05-02",1.41,3.84,450,"1993-04-18 2022-05-02",4.11,4.26,450,"1993-04-18 2022-05-02",0.96,2.89,442,"1993-04-18 2022-05-02",,,,,,,,,,,,,,,,
2023-04-24,0.6,3.84,450,"1993-04-17 2022-05-01",77.95,15.24,450,"1993-04-17 2022-05-01",13.06,6.12,450,"1993-04-17 2022-05-01",26.21,8.42,450,"1993-04-17 2022-05-01",-5.56,4.11,450,"1993-04-17 2022-05-01",35.14,16.06,450,"1993-04-17 2022-05-01",1.24,3.83,450,"1993-04-17 2022-05-01",4.08,4.14,450,"1993-04-17 2022-05-01",0.92,2.84,441,"1993-04-17 2022-05-01",,,,,,,,,,,,,,,,
2023-04-23,0.42,3.86,450,"1993-04-16 2022-04-30",78,15.52,450,"1993-04-16 2022-04-30",12.81,6.28,450,"1993-04-16 2022-04-30",26.11,8.48,450,"1993-04-16 2022-04-30",-5.67,4.11,450,"1993-04-16 2022-04-30",35.67,16.53,450,"1993-04-16 2022-04-30",0.98,3.87,450,"1993-04-16 2022-04-30",4.06,4.15,450,"1993-04-16 2022-04-30",0.95,2.88,441,"1993-04-16 2022-04-30",,,,,,,,,,,,,,,,
2023-04-22,0.18,3.94,450,"1993-04-15 2022-04-29",77.94,15.49,450,"1993-04-15 2022-04-29",12.45,6.46,450,"1993-04-15 2022-04-29",26.04,8.48,450,"1993-04-15 2022-04-29",-5.87,4.14,450,"1993-04-15 2022-04-29",36.17,17.21,450,"1993-04-15 2022-04-29",0.75,3.92,450,"1993-04-15 2022-04-29",4.05,4.15,450,"1993-04-15 2022-04-29",0.96,2.87,440,"1993-04-16 2022-04-29",,,,,,,,,,,,,,,,
2023-04-21,0,3.98,450,"1993-04-14 2022-04-28",78.16,15.72,450,"1993-04-14 2022-04-28",12.09,6.58,450,"1993-04-14 2022-04-28",26.03,8.47,450,"1993-04-14 2022-04-28",-5.95,4.16,450,"1993-04-14 2022-04-28",36.95,17.88,450,"1993-04-14 2022-04-28",0.52,3.91,450,"1993-04-14 2022-04-28",4.1,4.15,450,"1993-04-14 2022-04-28",1.07,3.04,441,"1993-04-14 2022-04-28",,,,,,,,,,,,,,,,
2023-04-20,-0.2,4.06,450,"1993-04-13 2022-04-27",78.14,15.72,450,"1993-04-13 2022-04-27",11.73,6.58,450,"1993-04-13 2022-04-27",25.9,8.46,450,"1993-04-13 2022-04-27",-6.07,4.28,450,"1993-04-13 2022-04-27",37.53,18.12,450,"1993-04-13 2022-04-27",0.35,3.98,450,"1993-04-13 2022-04-27",4.08,4.14,450,"1993-04-13 2022-04-27",1.09,3.06,442,"1993-04-13 2022-04-27",,,,,,,,,,,,,,,,
2023-04-19,-0.35,4.15,450,"1993-04-12 2022-04-26",78.22,15.51,450,"1993-04-12 2022-04-26",11.48,6.58,450,"1993-04-12 2022-04-26",25.68,8.27,450,"1993-04-12 2022-04-26",-6.28,4.34,450,"1993-04-12 2022-04-26",37.48,17.91,450,"1993-04-12 2022-04-26",0.14,4.02,450,"1993-04-12 2022-04-26",4.01,4.09,450,"1993-04-12 2022-04-26",0.95,2.82,442,"1993-04-12 2022-04-26",,,,,,,,,,,,,,,,
2023-04-18,-0.5,4.21,450,"1993-04-11 2022-04-25",78.14,15.56,450,"1993-04-11 2022-04-25",11.3,6.58,450,"1993-04-11 2022-04-25",25.62,8.35,450,"1993-04-11 2022-04-25",-6.44,4.36,450,"1993-04-11 2022-04-25",37.64,17.84,450,"1993-04-11 2022-04-25",-0.05,4.05,450,"1993-04-11 2022-04-25",3.94,4.01,450,"1993-04-11 2022-04-25",0.93,2.8,442,"1993-04-11 2022-04-25",,,,,,,,,,,,,,,,
2023-04-17,-0.63,4.16,450,"1993-04-10 2022-04-24",78.36,15.33,450,"1993-04-10 2022-04-24",11.06,6.54,450,"1993-04-10 2022-04-24",25.38,8.39,450,"1993-04-10 2022-04-24",-6.56,4.33,450,"1993-04-10 2022-04-24",37.87,17.49,450,"1993-04-10 2022-04-24",-0.28,4,450,"1993-04-10 2022-04-24",3.89,3.94,450,"1993-04-10 2022-04-24",0.96,2.82,441,"1993-04-10 2022-04-24",,,,,,,,,,,,,,,,
2023-04-16,-0.75,4.1,450,"1993-04-09 2022-04-23",78.28,15.25,450,"1993-04-09 2022-04-23",10.86,6.46,450,"1993-04-09 2022-04-23",25.47,8.57,450,"1993-04-09 2022-04-23",-6.7,4.2,450,"1993-04-09 2022-04-23",37.99,17.16,450,"1993-04-09 2022-04-23",-0.48,4,450,"1993-04-09 2022-04-23",3.94,4.11,450,"1993-04-09 2022-04-23",0.92,2.74,442,"1993-04-09 2022-04-23",,,,,,,,,,,,,,,,
2023-04-15,-0.85,4.16,450,"1993-04-08 2022-04-22",78.45,15.18,450,"1993-04-08 2022-04-22",10.62,6.5,450,"1993-04-08 2022-04-22",25.45,8.39,450,"1993-04-08 2022-04-22",-6.75,4.24,450,"1993-04-08 2022-04-22",38.54,17.25,450,"1993-04-08 2022-04-22",-0.64,4.02,450,"1993-04-08 2022-04-22",3.84,4.07,450,"1993-04-08 2022-04-22",0.85,2.47,440,"1993-04-09 2022-04-22",,,,,,,,,,,,,,,,
2023-04-14,-1.06,4.17,450,"1993-04-07 2022-04-21",78.67,15.02,450,"1993-04-07 2022-04-21",10.3,6.49,450,"1993-04-07 2022-04-21",25.03,8.17,450,"1993-04-07 2022-04-21",-6.85,4.27,450,"1993-04-07 2022-04-21",39.1,17.24,450,"1993-04-07 2022-04-21",-0.91,3.99,450,"1993-04-07 2022-04-21",3.82,4.17,450,"1993-04-07 2022-04-21",0.86,2.49,441,"1993-04-07 2022-04-21",,,,,,,,,,,,,,,,
2023-04-13,-1.27,4.21,450,"1993-04-06 2022-04-20",78.86,14.97,450,"1993-04-06 2022-04-20",9.8,6.36,450,"1993-04-06 2022-04-20",24.95,8.14,450,"1993-04-06 2022-04-20",-7.07,4.27,450,"1993-04-06 2022-04-20",39.61,17.13,450,"1993-04-06 2022-04-20",-1.17,4,450,"1993-04-06 2022-04-20",3.81,4.11,450,"1993-04-06 2022-04-20",0.83,2.45,442,"1993-04-06 2022-04-20",,,,,,,,,,,,,,,,
2023-04-12,-1.5,4.25,450,"1993-04-05 2022-04-19",79.39,14.73,450,"1993-04-05 2022-04-19",9.33,6.37,450,"1993-04-05 2022-04-19",24.91,7.99,450,"1993-04-05 2022-04-19",-7.32,4.29,450,"1993-04-05 2022-04-19",40.11,17.22,450,"1993-04-05 2022-04-19",-1.52,4.02,450,"1993-04-05 2022-04-19",3.83,4.09,450,"1993-04-05 2022-04-19",0.86,2.4,442,"1993-04-05 2022-04-19",,,,,,,,,,,,,,,,
2023-04-11,-1.68,4.29,450,"1993-04-04 2022-04-18",79.74,14.29,450,"1993-04-04 2022-04-18",8.91,6.35,450,"1993-04-04 2022-04-18",24.9,8.01,450,"1993-04-04 2022-04-18",-7.5,4.36,450,"1993-04-04 2022-04-18",40.58,17.02,450,"1993-04-04 2022-04-18",-1.77,4.09,450,"1993-04-04 2022-04-18",3.73,4.05,450,"1993-04-04 2022-04-18",0.79,2.23,443,"1993-04-04 2022-04-18",,,,,,,,,,,,,,,,
2023-04-10,-1.83,4.42,450,"1993-04-03 2022-04-17",80.08,14.2,450,"1993-04-03 2022-04-17",8.63,6.41,450,"1993-04-03 2022-04-17",24.88,8.02,450,"1993-04-03 2022-04-17",-7.64,4.47,450,"1993-04-03 2022-04-17",41.03,16.78,450,"1993-04-03 2022-04-17",-2.07,4.31,450,"1993-04-03 2022-04-17",3.71,4.08,450,"1993-04-03 2022-04-17",0.74,2.16,442,"1993-04-04 2022-04-17",,,,,,,,,,,,,,,,
2023-04-09,-2.1,4.53,450,"1993-04-02 2022-04-16",80.16,14.01,450,"1993-04-02 2022-04-16",8.23,6.41,450,"1993-04-02 2022-04-16",24.68,8.02,450,"1993-04-02 2022-04-16",-7.86,4.58,450,"1993-04-02 2022-04-16",41.5,16.85,450,"1993-04-02 2022-04-16",-2.41,4.48,450,"1993-04-02 2022-04-16",3.78,4.25,450,"1993-04-02 2022-04-16",0.74,2.17,442,"1993-04-02 2022-04-16",,,,,,,,,,,,,,,,
2023-04-08,-2.26,4.66,450,"1993-04-01 2022-04-15",80.52,13.66,450,"1993-04-01 2022-04-15",7.83,6.37,450,"1993-04-01 2022-04-15",24.88,8.34,450,"1993-04-01 2022-04-15",-8.01,4.69,450,"1993-04-01 2022-04-15",41.98,16.73,450,"1993-04-01 2022-04-15",-2.61,4.65,450,"1993-04-01 2022-04-15",3.95,4.39,450,"1993-04-01 2022-04-15",0.72,2.13,442,"1993-04-01 2022-04-15",,,,,,,,,,,,,,,,
2023-04-07,-2.25,4.78,450,"1993-03-31 2022-04-14",80.63,13.67,450,"1993-03-31 2022-04-14",7.71,6.43,450,"1993-03-31 2022-04-14",24.9,8.39,450,"1993-03-31 2022-04-14",-8.08,4.82,450,"1993-03-31 2022-04-14",41.96,16.15,450,"1993-03-31 2022-04-14",-2.71,4.8,450,"1993-03-31 2022-04-14",4.04,4.43,450,"1993-03-31 2022-04-14",0.67,1.96,443,"1993-04-01 2022-04-14",,,,,,,,,,,,,,,,
2023-04-06,-2.4,4.89,450,"1993-03-30 2022-04-13",80.34,13.46,450,"1993-03-30 2022-04-13",7.65,6.54,450,"1993-03-30 2022-04-13",24.75,8.32,450,"1993-03-30 2022-04-13",-8.22,4.93,450,"1993-03-30 2022-04-13",41.74,15.61,450,"1993-03-30 2022-04-13",-2.85,4.9,450,"1993-03-30 2022-04-13",3.91,4.4,450,"1993-03-30 2022-04-13",0.54,1.65,442,"1993-04-01 2022-04-13",,,,,,,,,,,,,,,,
2023-04-05,-2.48,4.84,450,"1993-03-29 2022-04-12",80.34,13.32,450,"1993-03-29 2022-04-12",7.53,6.58,450,"1993-03-29 2022-04-12",24.66,8.27,450,"1993-03-29 2022-04-12",-8.34,4.87,450,"1993-03-29 2022-04-12",41.64,15.25,450,"1993-03-29 2022-04-12",-3.02,4.84,450,"1993-03-29 2022-04-12",3.84,4.38,450,"1993-03-29 2022-04-12",0.47,1.46,442,"1993-03-29 2022-04-12",,,,,,,,,,,,,,,,
2023-04-04,-2.59,4.76,450,"1993-03-28 2022-04-11",80.5,13.35,450,"1993-03-28 2022-04-11",7.34,6.49,450,"1993-03-28 2022-04-11",24.48,8.28,450,"1993-03-28 2022-04-11",-8.37,4.85,450,"1993-03-28 2022-04-11",42.2,15.3,450,"1993-03-28 2022-04-11",-3.16,4.86,450,"1993-03-28 2022-04-11",3.82,4.37,450,"1993-03-28 2022-04-11",0.48,1.49,441,"1993-03-29 2022-04-11",,,,,,,,,,,,,,,,
2023-04-03,-2.7,4.72,450,"1993-03-27 2022-04-10",80.83,13.06,450,"1993-03-27 2022-04-10",7.07,6.42,450,"1993-03-27 2022-04-10",24.26,8.22,450,"1993-03-27 2022-04-10",-8.42,4.81,450,"1993-03-27 2022-04-10",42.67,15.27,450,"1993-03-27 2022-04-10",-3.32,4.84,450,"1993-03-27 2022-04-10",3.79,4.38,450,"1993-03-27 2022-04-10",0.49,1.51,441,"1993-03-27 2022-04-10",,,,,,,,,,,,,,,,
2023-04-02,-2.82,4.74,450,"1993-03-26 2022-04-09",81.05,12.82,450,"1993-03-26 2022-04-09",6.79,6.4,450,"1993-03-26 2022-04-09",24.12,8.13,450,"1993-03-26 2022-04-09",-8.52,4.85,450,"1993-03-26 2022-04-09",43.27,15.3,450,"1993-03-26 2022-04-09",-3.54,4.93,450,"1993-03-26 2022-04-09",3.8,4.35,450,"1993-03-26 2022-04-09",0.47,1.49,442,"1993-03-26 2022-04-09",,,,,,,,,,,,,,,,
2023-04-01,-2.98,4.71,450,"1993-03-25 2022-04-08",81.36,12.6,450,"1993-03-25 2022-04-08",6.47,6.39,450,"1993-03-25 2022-04-08",23.99,8.03,450,"1993-03-25 2022-04-08",-8.7,4.91,450,"1993-03-25 2022-04-08",43.83,15.27,450,"1993-03-25 2022-04-08",-3.8,5.03,450,"1993-03-25 2022-04-08",3.74,4.21,450,"1993-03-25 2022-04-08",0.43,1.35,442,"1993-03-25 2022-04-08",,,,,,,,,,,,,,,,
2023-03-31,-3.21,4.7,450,"1993-03-24 2022-04-07",81.74,12.39,450,"1993-03-24 2022-04-07",6.02,6.34,450,"1993-03-24 2022-04-07",23.76,7.85,450,"1993-03-24 2022-04-07",-8.93,5.02,450,"1993-03-24 2022-04-07",44.46,15.35,450,"1993-03-24 2022-04-07",-4.13,5.16,450,"1993-03-24 2022-04-07",3.77,4.23,450,"1993-03-24 2022-04-07",0.41,1.3,444,"1993-03-24 2022-04-07",,,,,,,,,,,,,,,,
2023-03-30,-3.41,4.86,450,"1993-03-23 2022-04-06",82.06,12.31,450,"1993-03-23 2022-04-06",5.58,6.39,450,"1993-03-23 2022-04-06",23.78,7.93,450,"1993-03-23 2022-04-06",-9.1,5.12,450,"1993-03-23 2022-04-06",45.32,15.58,450,"1993-03-23 2022-04-06",-4.41,5.3,450,"1993-03-23 2022-04-06",3.73,4.15,450,"1993-03-23 2022-04-06",0.39,1.24,444,"1993-03-23 2022-04-06",,,,,,,,,,,,,,,,
2023-03-29,-3.56,4.9,450,"1993-03-22 2022-04-05",82.48,12.11,450,"1993-03-22 2022-04-05",5.23,6.41,450,"1993-03-22 2022-04-05",23.64,7.91,450,"1993-03-22 2022-04-05",-9.22,5.21,450,"1993-03-22 2022-04-05",46.11,15.65,450,"1993-03-22 2022-04-05",-4.67,5.33,450,"1993-03-22 2022-04-05",3.73,4.17,450,"1993-03-22 2022-04-05",0.41,1.26,444,"1993-03-22 2022-04-05",,,,,,,,,,,,,,,,
2023-03-28,-3.68,4.93,450,"1993-03-21 2022-04-04",82.37,12.1,450,"1993-03-21 2022-04-04",5,6.38,450,"1993-03-21 2022-04-04",23.51,7.97,450,"1993-03-21 2022-04-04",-9.25,5.29,450,"1993-03-21 2022-04-04",46.8,15.83,450,"1993-03-21 2022-04-04",-4.82,5.38,450,"1993-03-21 2022-04-04",3.79,4.26,450,"1993-03-21 2022-04-04",0.36,0.97,444,"1993-03-21 2022-04-04",,,,,,,,,,,,,,,,
2023-03-27,-3.79,4.94,450,"1993-03-20 2022-04-03",82.28,12.1,450,"1993-03-20 2022-04-03",4.78,6.41,450,"1993-03-20 2022-04-03",23.45,7.99,450,"1993-03-20 2022-04-03",-9.37,5.36,450,"1993-03-20 2022-04-03",47.33,15.96,450,"1993-03-20 2022-04-03",-5.01,5.42,450,"1993-03-20 2022-04-03",3.83,4.37,450,"1993-03-20 2022-04-03",0.36,0.98,444,"1993-03-20 2022-04-03",,,,,,,,,,,,,,,,
2023-03-26,-3.91,4.94,450,"1993-03-19 2022-04-02",82.42,11.88,450,"1993-03-19 2022-04-02",4.57,6.34,450,"1993-03-19 2022-04-02",23.38,8.26,450,"1993-03-19 2022-04-02",-9.47,5.39,450,"1993-03-19 2022-04-02",47.69,16.06,450,"1993-03-19 2022-04-02",-5.16,5.46,450,"1993-03-19 2022-04-02",3.8,4.34,450,"1993-03-19 2022-04-02",0.36,0.99,444,"1993-03-20 2022-04-02",,,,,,,,,,,,,,,,
2023-03-25,-3.91,4.92,450,"1993-03-18 2022-04-01",82.6,11.73,450,"1993-03-18 2022-04-01",4.42,6.32,450,"1993-03-18 2022-04-01",23.29,8.23,450,"1993-03-18 2022-04-01",-9.46,5.41,450,"1993-03-18 2022-04-01",48.25,15.88,450,"1993-03-18 2022-04-01",-5.24,5.44,450,"1993-03-18 2022-04-01",3.77,4.15,450,"1993-03-18 2022-04-01",0.38,1.1,445,"1993-03-18 2022-04-01",,,,,,,,,,,,,,,,
2023-03-24,-4.02,4.92,450,"1993-03-17 2022-03-31",82.68,11.68,450,"1993-03-17 2022-03-31",4.28,6.31,450,"1993-03-17 2022-03-31",23.03,7.87,450,"1993-03-17 2022-03-31",-9.53,5.43,450,"1993-03-17 2022-03-31",48.59,15.74,450,"1993-03-17 2022-03-31",-5.41,5.41,450,"1993-03-17 2022-03-31",3.59,4.03,450,"1993-03-17 2022-03-31",0.39,1.1,445,"1993-03-18 2022-03-31",,,,,,,,,,,,,,,,
2023-03-23,-4.22,4.97,450,"1993-03-16 2022-03-30",82.88,11.42,450,"1993-03-16 2022-03-30",3.94,6.35,450,"1993-03-16 2022-03-30",22.71,7.74,450,"1993-03-16 2022-03-30",-9.68,5.5,450,"1993-03-16 2022-03-30",49.43,15.82,450,"1993-03-16 2022-03-30",-5.69,5.47,450,"1993-03-16 2022-03-30",3.43,4,450,"1993-03-16 2022-03-30",0.4,1.15,446,"1993-03-16 2022-03-30",,,,,,,,,,,,,,,,
2023-03-22,-4.35,5,450,"1993-03-15 2022-03-29",83.42,11.15,450,"1993-03-15 2022-03-29",3.62,6.26,450,"1993-03-15 2022-03-29",22.63,7.92,450,"1993-03-15 2022-03-29",-9.9,5.57,450,"1993-03-15 2022-03-29",50.05,15.67,450,"1993-03-15 2022-03-29",-6.02,5.55,450,"1993-03-15 2022-03-29",3.37,3.98,450,"1993-03-15 2022-03-29",0.41,1.15,447,"1993-03-15 2022-03-29",,,,,,,,,,,,,,,,
2023-03-21,-4.53,5.11,450,"1993-03-14 2022-03-28",83.53,11.22,450,"1993-03-14 2022-03-28",3.31,6.25,450,"1993-03-14 2022-03-28",22.57,7.79,450,"1993-03-14 2022-03-28",-10.08,5.7,450,"1993-03-14 2022-03-28",50.85,15.55,450,"1993-03-14 2022-03-28",-6.27,5.72,450,"1993-03-14 2022-03-28",3.4,3.96,450,"1993-03-14 2022-03-28",0.43,1.17,447,"1993-03-14 2022-03-28",,,,,,,,,,,,,,,,
2023-03-20,-4.75,5.19,450,"1993-03-13 2022-03-27",83.5,11.33,450,"1993-03-13 2022-03-27",3.01,6.35,450,"1993-03-13 2022-03-27",22.62,7.88,450,"1993-03-13 2022-03-27",-10.33,5.73,450,"1993-03-13 2022-03-27",51.11,15.53,450,"1993-03-13 2022-03-27",-6.52,5.81,450,"1993-03-13 2022-03-27",3.46,3.99,450,"1993-03-13 2022-03-27",0.45,1.22,448,"1993-03-13 2022-03-27",,,,,,,,,,,,,,,,
2023-03-19,-4.89,5.21,450,"1993-03-12 2022-03-26",83.42,11.38,450,"1993-03-12 2022-03-26",2.77,6.43,450,"1993-03-12 2022-03-26",22.83,8.01,450,"1993-03-12 2022-03-26",-10.54,5.83,450,"1993-03-12 2022-03-26",51.44,15.5,450,"1993-03-12 2022-03-26",-6.71,5.94,450,"1993-03-12 2022-03-26",3.51,4,450,"1993-03-12 2022-03-26",0.46,1.23,448,"1993-03-12 2022-03-26",,,,,,,,,,,,,,,,
2023-03-18,-5.08,5.37,450,"1993-03-11 2022-03-25",83.21,11.42,450,"1993-03-11 2022-03-25",2.57,6.67,450,"1993-03-11 2022-03-25",22.89,8.11,450,"1993-03-11 2022-03-25",-10.76,6.04,450,"1993-03-11 2022-03-25",51.55,15.62,450,"1993-03-11 2022-03-25",-6.93,6.19,450,"1993-03-11 2022-03-25",3.47,3.98,450,"1993-03-11 2022-03-25",0.45,1.23,448,"1993-03-11 2022-03-25",,,,,,,,,,,,,,,,
2023-03-17,-5.29,5.61,450,"1993-03-10 2022-03-24",83.1,11.41,450,"1993-03-10 2022-03-24",2.35,6.98,450,"1993-03-10 2022-03-24",22.61,7.93,450,"1993-03-10 2022-03-24",-10.99,6.23,450,"1993-03-10 2022-03-24",51.56,15.68,450,"1993-03-10 2022-03-24",-7.15,6.37,450,"1993-03-10 2022-03-24",3.44,3.91,450,"1993-03-10 2022-03-24",0.47,1.28,448,"1993-03-10 2022-03-24",,,,,,,,,,,,,,,,
2023-03-16,-5.54,5.86,450,"1993-03-09 2022-03-23",82.76,11.56,450,"1993-03-09 2022-03-23",2.18,7.25,450,"1993-03-09 2022-03-23",22.58,8.27,450,"1993-03-09 2022-03-23",-11.29,6.38,450,"1993-03-09 2022-03-23",51.15,15.51,450,"1993-03-09 2022-03-23",-7.4,6.58,450,"1993-03-09 2022-03-23",3.34,3.84,450,"1993-03-09 2022-03-23",0.47,1.28,447,"1993-03-10 2022-03-23",,,,,,,,,,,,,,,,
2023-03-15,-5.81,6.04,450,"1993-03-08 2022-03-22",82.58,11.52,450,"1993-03-08 2022-03-22",1.94,7.44,450,"1993-03-08 2022-03-22",22.48,8.21,450,"1993-03-08 2022-03-22",-11.71,6.68,450,"1993-03-08 2022-03-22",50.9,15.33,450,"1993-03-08 2022-03-22",-7.79,6.93,450,"1993-03-08 2022-03-22",3.31,3.83,450,"1993-03-08 2022-03-22",0.5,1.33,445,"1993-03-08 2022-03-22",,,,,,,,,,,,,,,,
2023-03-14,-6.13,6.31,450,"1993-03-07 2022-03-21",82.36,11.5,450,"1993-03-07 2022-03-21",1.67,7.75,450,"1993-03-07 2022-03-21",22.34,8.3,450,"1993-03-07 2022-03-21",-12.12,6.9,450,"1993-03-07 2022-03-21",50.76,15.26,450,"1993-03-07 2022-03-21",-8.18,7.2,450,"1993-03-07 2022-03-21",3.23,3.78,450,"1993-03-07 2022-03-21",0.5,1.31,444,"1993-03-07 2022-03-21",,,,,,,,,,,,,,,,
2023-03-13,-6.51,6.59,450,"1993-03-06 2022-03-20",82.34,11.49,450,"1993-03-06 2022-03-20",1.24,8.01,450,"1993-03-06 2022-03-20",22.31,8.35,450,"1993-03-06 2022-03-20",-12.55,7.11,450,"1993-03-06 2022-03-20",50.84,14.92,450,"1993-03-06 2022-03-20",-8.6,7.48,450,"1993-03-06 2022-03-20",3.13,3.67,450,"1993-03-06 2022-03-20",0.52,1.44,444,"1993-03-06 2022-03-20",,,,,,,,,,,,,,,,
2023-03-12,-6.86,6.75,450,"1993-03-05 2022-03-19",82.29,11.46,450,"1993-03-05 2022-03-19",0.85,8.19,450,"1993-03-05 2022-03-19",22.09,8.47,450,"1993-03-05 2022-03-19",-12.96,7.27,450,"1993-03-05 2022-03-19",50.84,14.68,450,"1993-03-05 2022-03-19",-9.04,7.68,450,"1993-03-05 2022-03-19",3.08,3.55,450,"1993-03-05 2022-03-19",0.53,1.46,443,"1993-03-06 2022-03-19",,,,,,,,,,,,,,,,
2023-03-11,-7.17,6.88,450,"1993-03-04 2022-03-18",82.17,11.39,450,"1993-03-04 2022-03-18",0.42,8.29,450,"1993-03-04 2022-03-18",21.84,8.24,450,"1993-03-04 2022-03-18",-13.28,7.4,450,"1993-03-04 2022-03-18",51.39,14.48,450,"1993-03-04 2022-03-18",-9.38,7.78,450,"1993-03-04 2022-03-18",2.98,3.51,450,"1993-03-04 2022-03-18",0.57,1.5,443,"1993-03-06 2022-03-18",,,,,,,,,,,,,,,,
2023-03-10,-7.45,7.01,450,"1993-03-03 2022-03-17",82.11,11.54,450,"1993-03-03 2022-03-17",0.07,8.4,450,"1993-03-03 2022-03-17",21.78,8.22,450,"1993-03-03 2022-03-17",-13.55,7.51,450,"1993-03-03 2022-03-17",51.75,14.62,450,"1993-03-03 2022-03-17",-9.67,7.85,450,"1993-03-03 2022-03-17",3.01,3.57,450,"1993-03-03 2022-03-17",0.58,1.47,442,"1993-03-06 2022-03-17",,,,,,,,,,,,,,,,
2023-03-09,-7.67,7.13,450,"1993-03-02 2022-03-16",82.13,11.57,450,"1993-03-02 2022-03-16",-0.28,8.46,450,"1993-03-02 2022-03-16",21.82,8.19,450,"1993-03-02 2022-03-16",-13.89,7.66,450,"1993-03-02 2022-03-16",52.15,14.58,450,"1993-03-02 2022-03-16",-10,8,450,"1993-03-02 2022-03-16",3.1,3.6,450,"1993-03-02 2022-03-16",0.6,1.56,442,"1993-03-06 2022-03-16",,,,,,,,,,,,,,,,
2023-03-08,-7.87,7.24,450,"1993-03-01 2022-03-15",82.13,11.42,450,"1993-03-01 2022-03-15",-0.52,8.56,450,"1993-03-01 2022-03-15",21.87,8.21,450,"1993-03-01 2022-03-15",-14.17,7.75,450,"1993-03-01 2022-03-15",52.2,14.28,450,"1993-03-01 2022-03-15",-10.31,8.08,450,"1993-03-01 2022-03-15",3.14,3.55,450,"1993-03-01 2022-03-15",0.58,1.51,441,"1993-03-06 2022-03-15",,,,,,,,,,,,,,,,
2023-03-07,-8.11,7.29,450,"1993-02-28 2022-03-14",82.03,11.41,450,"1993-02-28 2022-03-14",-0.8,8.59,450,"1993-02-28 2022-03-14",21.64,7.99,450,"1993-02-28 2022-03-14",-14.42,7.8,450,"1993-02-28 2022-03-14",52.4,14.11,450,"1993-02-28 2022-03-14",-10.61,8.1,450,"1993-02-28 2022-03-14",3.12,3.55,450,"1993-02-28 2022-03-14",0.58,1.5,440,"1993-03-06 2022-03-14",,,,,,,,,,,,,,,,
2023-03-06,-8.35,7.24,450,"1993-02-27 2022-03-13",81.86,11.33,450,"1993-02-27 2022-03-13",-1.05,8.5,450,"1993-02-27 2022-03-13",21.54,8.02,450,"1993-02-27 2022-03-13",-14.74,7.81,450,"1993-02-27 2022-03-13",52.46,14.09,450,"1993-02-27 2022-03-13",-10.94,8.07,450,"1993-02-27 2022-03-13",3.03,3.49,450,"1993-02-27 2022-03-13",0.56,1.5,439,"1993-03-06 2022-03-13",,,,,,,,,,,,,,,,
2023-03-05,-8.61,7.31,450,"1993-02-26 2022-03-12",81.71,11.12,450,"1993-02-26 2022-03-12",-1.34,8.49,450,"1993-02-26 2022-03-12",21.29,7.88,450,"1993-02-26 2022-03-12",-15.07,7.96,450,"1993-02-26 2022-03-12",52.59,13.88,450,"1993-02-26 2022-03-12",-11.32,8.11,450,"1993-02-26 2022-03-12",2.91,3.41,450,"1993-02-26 2022-03-12",0.53,1.43,438,"1993-03-06 2022-03-12",,,,,,,,,,,,,,,,
2023-03-04,-8.96,7.43,450,"1993-02-25 2022-03-11",81.76,11.04,450,"1993-02-25 2022-03-11",-1.71,8.51,450,"1993-02-25 2022-03-11",20.77,7.62,450,"1993-02-25 2022-03-11",-15.5,8.08,450,"1993-02-25 2022-03-11",52.69,13.85,450,"1993-02-25 2022-03-11",-11.85,8.12,450,"1993-02-25 2022-03-11",2.78,3.35,450,"1993-02-25 2022-03-11",0.52,1.41,437,"1993-03-06 2022-03-11",,,,,,,,,,,,,,,,
2023-03-03,-9.29,7.49,450,"1993-02-24 2022-03-10",81.79,10.94,450,"1993-02-24 2022-03-10",-2.06,8.51,450,"1993-02-24 2022-03-10",20.51,7.6,450,"1993-02-24 2022-03-10",-15.83,8.06,450,"1993-02-24 2022-03-10",52.71,13.62,450,"1993-02-24 2022-03-10",-12.21,8.03,450,"1993-02-24 2022-03-10",2.81,3.38,450,"1993-02-24 2022-03-10",0.5,1.39,436,"1993-03-06 2022-03-10",,,,,,,,,,,,,,,,
2023-03-02,-9.5,7.47,450,"1993-02-23 2022-03-09",81.83,10.79,450,"1993-02-23 2022-03-09",-2.37,8.42,450,"1993-02-23 2022-03-09",20.5,7.63,450,"1993-02-23 2022-03-09",-16.04,8.02,450,"1993-02-23 2022-03-09",52.96,13.42,450,"1993-02-23 2022-03-09",-12.47,7.97,450,"1993-02-23 2022-03-09",2.75,3.36,450,"1993-02-23 2022-03-09",0.48,1.34,436,"1993-02-23 2022-03-09",,,,,,,,,,,,,,,,
2023-03-01,-9.58,7.37,450,"1993-02-22 2022-03-08",81.93,10.73,450,"1993-02-22 2022-03-08",-2.56,8.27,450,"1993-02-22 2022-03-08",20.32,7.23,450,"1993-02-22 2022-03-08",-16.1,7.97,450,"1993-02-22 2022-03-08",53.51,13.43,450,"1993-02-22 2022-03-08",-12.59,7.83,450,"1993-02-22 2022-03-08",2.79,3.41,450,"1993-02-22 2022-03-08",0.48,1.33,437,"1993-02-22 2022-03-08",,,,,,,,,,,,,,,,
2023-02-28,-9.49,7.3,450,"1993-02-21 2022-03-07",82.05,10.6,450,"1993-02-21 2022-03-07",-2.52,8.2,450,"1993-02-21 2022-03-07",20.26,7.29,450,"1993-02-21 2022-03-07",-16.01,7.8,450,"1993-02-21 2022-03-07",53.63,13.3,450,"1993-02-21 2022-03-07",-12.51,7.64,450,"1993-02-21 2022-03-07",2.74,3.42,450,"1993-02-21 2022-03-07",0.44,1.27,439,"1993-02-21 2022-03-07",,,,,,,,,,,,,,,,
2023-02-27,-9.43,7.22,450,"1993-02-20 2022-03-06",82.16,10.65,450,"1993-02-20 2022-03-06",-2.51,8.1,450,"1993-02-20 2022-03-06",20.08,7.15,450,"1993-02-20 2022-03-06",-15.98,7.71,450,"1993-02-20 2022-03-06",53.87,13.4,450,"1993-02-20 2022-03-06",-12.51,7.52,450,"1993-02-20 2022-03-06",2.79,3.46,450,"1993-02-20 2022-03-06",0.39,1.1,439,"1993-02-21 2022-03-06",,,,,,,,,,,,,,,,
2023-02-26,-9.26,7.16,450,"1993-02-19 2022-03-05",82.42,10.77,450,"1993-02-19 2022-03-05",-2.44,7.95,450,"1993-02-19 2022-03-05",20.19,7.16,450,"1993-02-19 2022-03-05",-15.88,7.64,450,"1993-02-19 2022-03-05",54.4,13.49,450,"1993-02-19 2022-03-05",-12.48,7.37,450,"1993-02-19 2022-03-05",2.82,3.42,450,"1993-02-19 2022-03-05",0.41,1.15,439,"1993-02-19 2022-03-05",,,,,,,,,,,,,,,,
2023-02-25,-9.18,7.12,450,"1993-02-18 2022-03-04",82.49,10.77,450,"1993-02-18 2022-03-04",-2.4,7.84,450,"1993-02-18 2022-03-04",20.2,6.92,450,"1993-02-18 2022-03-04",-15.81,7.59,450,"1993-02-18 2022-03-04",54.69,13.53,450,"1993-02-18 2022-03-04",-12.43,7.25,450,"1993-02-18 2022-03-04",2.8,3.38,450,"1993-02-18 2022-03-04",0.4,1.13,440,"1993-02-18 2022-03-04",,,,,,,,,,,,,,,,
2023-02-24,-9.24,7.13,450,"1993-02-17 2022-03-03",82.44,10.77,450,"1993-02-17 2022-03-03",-2.42,7.8,450,"1993-02-17 2022-03-03",20.16,6.81,450,"1993-02-17 2022-03-03",-15.88,7.59,450,"1993-02-17 2022-03-03",54.52,13.57,450,"1993-02-17 2022-03-03",-12.52,7.25,450,"1993-02-17 2022-03-03",2.78,3.37,450,"1993-02-17 2022-03-03",0.37,1.07,440,"1993-02-18 2022-03-03",,,,,,,,,,,,,,,,
2023-02-23,-9.36,7.2,450,"1993-02-16 2022-03-02",82.48,10.59,450,"1993-02-16 2022-03-02",-2.6,7.81,450,"1993-02-16 2022-03-02",19.96,6.83,450,"1993-02-16 2022-03-02",-15.98,7.58,450,"1993-02-16 2022-03-02",54.78,13.24,450,"1993-02-16 2022-03-02",-12.63,7.23,450,"1993-02-16 2022-03-02",2.74,3.38,450,"1993-02-16 2022-03-02",0.34,1,441,"1993-02-16 2022-03-02",,,,,,,,,,,,,,,,
2023-02-22,-9.42,7.13,450,"1993-02-15 2022-03-01",82.22,10.58,450,"1993-02-15 2022-03-01",-2.63,7.85,450,"1993-02-15 2022-03-01",19.9,6.8,450,"1993-02-15 2022-03-01",-16.07,7.53,450,"1993-02-15 2022-03-01",54.86,13.36,450,"1993-02-15 2022-03-01",-12.71,7.17,450,"1993-02-15 2022-03-01",2.65,3.34,450,"1993-02-15 2022-03-01",0.31,0.84,441,"1993-02-15 2022-03-01",,,,,,,,,,,,,,,,
2023-02-21,-9.35,7.04,450,"1993-02-14 2022-02-28",82.48,10.58,450,"1993-02-14 2022-02-28",-2.62,7.75,450,"1993-02-14 2022-02-28",19.96,6.93,450,"1993-02-14 2022-02-28",-16.13,7.45,450,"1993-02-14 2022-02-28",55.15,13.42,450,"1993-02-14 2022-02-28",-12.76,7.05,450,"1993-02-14 2022-02-28",2.73,3.41,450,"1993-02-14 2022-02-28",0.32,0.86,442,"1993-02-14 2022-02-28",,,,,,,,,,,,,,,,
2023-02-20,-9.23,7.1,450,"1993-02-13 2022-02-27",82.55,10.56,450,"1993-02-13 2022-02-27",-2.63,7.8,450,"1993-02-13 2022-02-27",20.24,7.37,450,"1993-02-13 2022-02-27",-16.05,7.44,450,"1993-02-13 2022-02-27",55.59,13.48,450,"1993-02-13 2022-02-27",-12.65,7.12,450,"1993-02-13 2022-02-27",2.79,3.43,450,"1993-02-13 2022-02-27",0.32,0.85,443,"1993-02-13 2022-02-27",,,,,,,,,,,,,,,,
2023-02-19,-9.25,7.16,450,"1993-02-12 2022-02-26",82.39,10.52,450,"1993-02-12 2022-02-26",-2.64,8,450,"1993-02-12 2022-02-26",20.2,7.37,450,"1993-02-12 2022-02-26",-16.1,7.42,450,"1993-02-12 2022-02-26",55.56,13.36,450,"1993-02-12 2022-02-26",-12.68,7.15,450,"1993-02-12 2022-02-26",2.82,3.47,450,"1993-02-12 2022-02-26",0.32,0.84,443,"1993-02-13 2022-02-26",,,,,,,,,,,,,,,,
2023-02-18,-9.33,7.21,450,"1993-02-11 2022-02-25",82.47,10.65,450,"1993-02-11 2022-02-25",-2.78,8.09,450,"1993-02-11 2022-02-25",20.32,7.51,450,"1993-02-11 2022-02-25",-16.18,7.35,450,"1993-02-11 2022-02-25",55.72,13.13,450,"1993-02-11 2022-02-25",-12.73,7.16,450,"1993-02-11 2022-02-25",2.95,3.5,450,"1993-02-11 2022-02-25",0.34,0.87,444,"1993-02-11 2022-02-25",,,,,,,,,,,,,,,,
2023-02-17,-9.38,7.25,450,"1993-02-10 2022-02-24",82.44,10.65,450,"1993-02-10 2022-02-24",-2.92,8.17,450,"1993-02-10 2022-02-24",20.54,7.62,450,"1993-02-10 2022-02-24",-16.11,7.33,450,"1993-02-10 2022-02-24",56.12,13.26,450,"1993-02-10 2022-02-24",-12.66,7.16,450,"1993-02-10 2022-02-24",3.04,3.57,450,"1993-02-10 2022-02-24",0.35,0.88,445,"1993-02-10 2022-02-24",,,,,,,,,,,,,,,,
2023-02-16,-9.4,7.4,450,"1993-02-09 2022-02-23",82.53,10.74,450,"1993-02-09 2022-02-23",-3.07,8.26,450,"1993-02-09 2022-02-23",20.81,7.85,450,"1993-02-09 2022-02-23",-16.15,7.47,450,"1993-02-09 2022-02-23",56.63,13.11,450,"1993-02-09 2022-02-23",-12.73,7.27,450,"1993-02-09 2022-02-23",3.07,3.65,450,"1993-02-09 2022-02-23",0.36,0.91,445,"1993-02-10 2022-02-23",,,,,,,,,,,,,,,,
2023-02-15,-9.48,7.53,450,"1993-02-08 2022-02-22",82.63,10.78,450,"1993-02-08 2022-02-22",-3.18,8.33,450,"1993-02-08 2022-02-22",20.82,7.88,450,"1993-02-08 2022-02-22",-16.23,7.61,450,"1993-02-08 2022-02-22",56.9,12.96,450,"1993-02-08 2022-02-22",-12.81,7.38,450,"1993-02-08 2022-02-22",3.11,3.67,450,"1993-02-08 2022-02-22",0.37,0.95,444,"1993-02-10 2022-02-22",,,,,,,,,,,,,,,,
2023-02-14,-9.61,7.64,450,"1993-02-07 2022-02-21",82.68,10.88,450,"1993-02-07 2022-02-21",-3.34,8.43,450,"1993-02-07 2022-02-21",20.6,7.98,450,"1993-02-07 2022-02-21",-16.36,7.76,450,"1993-02-07 2022-02-21",57.24,12.92,450,"1993-02-07 2022-02-21",-13,7.52,450,"1993-02-07 2022-02-21",3.1,3.69,450,"1993-02-07 2022-02-21",0.36,0.95,443,"1993-02-10 2022-02-21",,,,,,,,,,,,,,,,
2023-02-13,-9.78,7.71,450,"1993-02-06 2022-02-20",82.73,10.84,450,"1993-02-06 2022-02-20",-3.53,8.48,450,"1993-02-06 2022-02-20",20.53,7.97,450,"1993-02-06 2022-02-20",-16.47,7.79,450,"1993-02-06 2022-02-20",57.55,12.86,450,"1993-02-06 2022-02-20",-13.17,7.57,450,"1993-02-06 2022-02-20",3.02,3.64,450,"1993-02-06 2022-02-20",0.37,0.94,442,"1993-02-10 2022-02-20",,,,,,,,,,,,,,,,
2023-02-12,-9.83,7.71,450,"1993-02-05 2022-02-19",82.89,10.59,450,"1993-02-05 2022-02-19",-3.65,8.48,450,"1993-02-05 2022-02-19",20.6,7.98,450,"1993-02-05 2022-02-19",-16.59,7.84,450,"1993-02-05 2022-02-19",57.81,12.7,450,"1993-02-05 2022-02-19",-13.3,7.62,450,"1993-02-05 2022-02-19",2.96,3.62,450,"1993-02-05 2022-02-19",0.38,0.9,443,"1993-02-05 2022-02-19",,,,,,,,,,,,,,,,
2023-02-11,-9.99,7.7,450,"1993-02-04 2022-02-18",82.83,10.43,450,"1993-02-04 2022-02-18",-3.86,8.54,450,"1993-02-04 2022-02-18",20.42,7.97,450,"1993-02-04 2022-02-18",-16.74,7.85,450,"1993-02-04 2022-02-18",57.97,12.55,450,"1993-02-04 2022-02-18",-13.43,7.71,450,"1993-02-04 2022-02-18",2.98,3.62,450,"1993-02-04 2022-02-18",0.37,0.84,442,"1993-02-05 2022-02-18",,,,,,,,,,,,,,,,
2023-02-10,-10.14,7.82,450,"1993-02-03 2022-02-17",82.78,10.38,450,"1993-02-03 2022-02-17",-4,8.69,450,"1993-02-03 2022-02-17",20.25,8,450,"1993-02-03 2022-02-17",-16.85,7.93,450,"1993-02-03 2022-02-17",58.02,12.62,450,"1993-02-03 2022-02-17",-13.57,7.79,450,"1993-02-03 2022-02-17",3.01,3.67,450,"1993-02-03 2022-02-17",0.39,0.86,441,"1993-02-05 2022-02-17",,,,,,,,,,,,,,,,
2023-02-09,-10.18,7.85,450,"1993-02-02 2022-02-16",82.94,10.35,450,"1993-02-02 2022-02-16",-4.13,8.76,450,"1993-02-02 2022-02-16",20.19,8.05,450,"1993-02-02 2022-02-16",-16.85,7.97,450,"1993-02-02 2022-02-16",58.4,12.36,450,"1993-02-02 2022-02-16",-13.59,7.83,450,"1993-02-02 2022-02-16",3.06,3.69,450,"1993-02-02 2022-02-16",0.39,0.86,441,"1993-02-05 2022-02-16",,,,,,,,,,,,,,,,
2023-02-08,-10.17,7.84,450,"1993-02-01 2022-02-15",83.05,10.33,450,"1993-02-01 2022-02-15",-4.18,8.75,450,"1993-02-01 2022-02-15",20.26,8,450,"1993-02-01 2022-02-15",-16.89,8.01,450,"1993-02-01 2022-02-15",58.39,12.5,450,"1993-02-01 2022-02-15",-13.61,7.9,450,"1993-02-01 2022-02-15",3.02,3.69,450,"1993-02-01 2022-02-15",0.41,0.9,440,"1993-02-05 2022-02-15",,,,,,,,,,,,,,,,
2023-02-07,-10.21,7.91,450,"1993-01-31 2022-02-14",83.11,10.37,450,"1993-01-31 2022-02-14",-4.31,8.76,450,"1993-01-31 2022-02-14",20.32,8.12,450,"1993-01-31 2022-02-14",-16.88,8.08,450,"1993-01-31 2022-02-14",58.7,12.4,450,"1993-01-31 2022-02-14",-13.61,8.02,450,"1993-01-31 2022-02-14",3.05,3.8,450,"1993-01-31 2022-02-14",0.41,0.89,439,"1993-02-05 2022-02-14",,,,,,,,,,,,,,,,
2023-02-06,-10.24,8.08,450,"1993-01-30 2022-02-13",82.98,10.29,450,"1993-01-30 2022-02-13",-4.34,8.94,450,"1993-01-30 2022-02-13",20.3,8.17,450,"1993-01-30 2022-02-13",-16.78,8.24,450,"1993-01-30 2022-02-13",58.71,12.36,450,"1993-01-30 2022-02-13",-13.54,8.2,450,"1993-01-30 2022-02-13",2.98,3.76,450,"1993-01-30 2022-02-13",0.42,0.91,438,"1993-02-05 2022-02-13",,,,,,,,,,,,,,,,
2023-02-05,-10.35,8.18,450,"1993-01-29 2022-02-12",83.08,10.08,450,"1993-01-29 2022-02-12",-4.49,8.99,450,"1993-01-29 2022-02-12",20,7.84,450,"1993-01-29 2022-02-12",-16.95,8.33,450,"1993-01-29 2022-02-12",58.82,12.17,450,"1993-01-29 2022-02-12",-13.73,8.24,450,"1993-01-29 2022-02-12",2.98,3.77,450,"1993-01-29 2022-02-12",0.42,0.93,437,"1993-02-05 2022-02-12",,,,,,,,,,,,,,,,
2023-02-04,-10.5,8.3,450,"1993-01-28 2022-02-11",83.3,9.92,450,"1993-01-28 2022-02-11",-4.7,9.02,450,"1993-01-28 2022-02-11",20.07,7.99,450,"1993-01-28 2022-02-11",-17.03,8.44,450,"1993-01-28 2022-02-11",59.23,12.11,450,"1993-01-28 2022-02-11",-13.86,8.32,450,"1993-01-28 2022-02-11",2.96,3.77,450,"1993-01-28 2022-02-11",0.43,0.94,437,"1993-02-05 2022-02-11",,,,,,,,,,,,,,,,
2023-02-03,-10.44,8.41,450,"1993-01-27 2022-02-10",83.56,9.69,450,"1993-01-27 2022-02-10",-4.7,9.08,450,"1993-01-27 2022-02-10",19.94,8.01,450,"1993-01-27 2022-02-10",-16.98,8.64,450,"1993-01-27 2022-02-10",59.6,12.09,450,"1993-01-27 2022-02-10",-13.89,8.5,450,"1993-01-27 2022-02-10",2.86,3.78,450,"1993-01-27 2022-02-10",0.41,0.9,436,"1993-02-05 2022-02-10",,,,,,,,,,,,,,,,
2023-02-02,-10.34,8.51,450,"1993-01-26 2022-02-09",83.87,9.53,450,"1993-01-26 2022-02-09",-4.65,9.15,450,"1993-01-26 2022-02-09",19.82,8,450,"1993-01-26 2022-02-09",-16.96,8.72,450,"1993-01-26 2022-02-09",59.73,12.01,450,"1993-01-26 2022-02-09",-13.92,8.57,450,"1993-01-26 2022-02-09",2.77,3.72,450,"1993-01-26 2022-02-09",0.43,0.98,435,"1993-02-05 2022-02-09",,,,,,,,,,,,,,,,
2023-02-01,-10.27,8.45,450,"1993-01-25 2022-02-08",83.92,9.41,450,"1993-01-25 2022-02-08",-4.54,9.2,450,"1993-01-25 2022-02-08",19.62,7.68,450,"1993-01-25 2022-02-08",-16.84,8.68,450,"1993-01-25 2022-02-08",59.86,12.2,450,"1993-01-25 2022-02-08",-13.85,8.57,450,"1993-01-25 2022-02-08",2.73,3.62,450,"1993-01-25 2022-02-08",0.42,0.97,435,"1993-02-05 2022-02-08",,,,,,,,,,,,,,,,
2023-01-31,-10.19,8.42,450,"1993-01-24 2022-02-07",84.04,9.34,450,"1993-01-24 2022-02-07",-4.51,9.22,450,"1993-01-24 2022-02-07",19.53,7.7,450,"1993-01-24 2022-02-07",-16.79,8.69,450,"1993-01-24 2022-02-07",60.19,12.4,450,"1993-01-24 2022-02-07",-13.84,8.58,450,"1993-01-24 2022-02-07",2.67,3.54,450,"1993-01-24 2022-02-07",0.47,1.09,436,"1993-01-24 2022-02-07",,,,,,,,,,,,,,,,
2023-01-30,-10.1,8.39,450,"1993-01-23 2022-02-06",84.25,9.18,450,"1993-01-23 2022-02-06",-4.46,9.2,450,"1993-01-23 2022-02-06",19.7,7.79,450,"1993-01-23 2022-02-06",-16.72,8.6,450,"1993-01-23 2022-02-06",60.49,12.71,450,"1993-01-23 2022-02-06",-13.76,8.51,450,"1993-01-23 2022-02-06",2.73,3.54,450,"1993-01-23 2022-02-06",0.53,1.21,437,"1993-01-23 2022-02-06",,,,,,,,,,,,,,,,
2023-01-29,-9.94,8.28,449,"1993-01-22 2022-02-05",84.56,9.07,449,"1993-01-22 2022-02-05",-4.43,9.12,450,"1993-01-22 2022-02-05",19.66,7.82,450,"1993-01-22 2022-02-05",-16.64,8.56,449,"1993-01-22 2022-02-05",61.06,12.99,449,"1993-01-22 2022-02-05",-13.66,8.45,450,"1993-01-22 2022-02-05",2.82,3.56,450,"1993-01-22 2022-02-05",0.57,1.29,437,"1993-01-23 2022-02-05",,,,,,,,,,,,,,,,
2023-01-28,-9.9,8.22,449,"1993-01-21 2022-02-04",84.72,9.24,449,"1993-01-21 2022-02-04",-4.46,9.06,450,"1993-01-21 2022-02-04",19.61,7.78,450,"1993-01-21 2022-02-04",-16.5,8.5,449,"1993-01-21 2022-02-04",61.63,13.2,449,"1993-01-21 2022-02-04",-13.61,8.39,450,"1993-01-21 2022-02-04",2.84,3.54,450,"1993-01-21 2022-02-04",0.56,1.29,435,"1993-01-23 2022-02-04",,,,,,,,,,,,,,,,
2023-01-27,-9.83,8.2,449,"1993-01-20 2022-02-03",84.93,9.38,449,"1993-01-20 2022-02-03",-4.41,9.04,450,"1993-01-20 2022-02-03",19.46,7.82,450,"1993-01-20 2022-02-03",-16.46,8.47,449,"1993-01-20 2022-02-03",61.9,13.59,449,"1993-01-20 2022-02-03",-13.63,8.31,450,"1993-01-20 2022-02-03",2.75,3.56,450,"1993-01-20 2022-02-03",0.57,1.32,435,"1993-01-23 2022-02-03",,,,,,,,,,,,,,,,
2023-01-26,-9.72,8.15,449,"1993-01-19 2022-02-02",85.18,9.37,449,"1993-01-19 2022-02-02",-4.39,9.02,450,"1993-01-19 2022-02-02",19.48,7.95,450,"1993-01-19 2022-02-02",-16.42,8.48,449,"1993-01-19 2022-02-02",62.37,13.73,449,"1993-01-19 2022-02-02",-13.61,8.34,450,"1993-01-19 2022-02-02",2.74,3.55,450,"1993-01-19 2022-02-02",0.56,1.33,435,"1993-01-23 2022-02-02",,,,,,,,,,,,,,,,
2023-01-25,-9.73,8.25,449,"1993-01-18 2022-02-01",85.25,9.54,449,"1993-01-18 2022-02-01",-4.4,9.07,450,"1993-01-18 2022-02-01",19.47,7.95,450,"1993-01-18 2022-02-01",-16.42,8.55,449,"1993-01-18 2022-02-01",62.61,13.97,449,"1993-01-18 2022-02-01",-13.67,8.37,450,"1993-01-18 2022-02-01",2.7,3.54,450,"1993-01-18 2022-02-01",0.54,1.31,435,"1993-01-23 2022-02-01",,,,,,,,,,,,,,,,
2023-01-24,-9.75,8.44,448,"1993-01-17 2022-01-31",85.33,9.64,448,"1993-01-17 2022-01-31",-4.45,9.2,450,"1993-01-17 2022-01-31",19.52,7.89,450,"1993-01-17 2022-01-31",-16.48,8.64,448,"1993-01-17 2022-01-31",62.94,13.78,448,"1993-01-17 2022-01-31",-13.75,8.4,450,"1993-01-17 2022-01-31",2.71,3.52,450,"1993-01-17 2022-01-31",0.56,1.35,435,"1993-01-23 2022-01-31",,,,,,,,,,,,,,,,
2023-01-23,-9.85,8.6,448,"1993-01-16 2022-01-30",85.33,9.62,448,"1993-01-16 2022-01-30",-4.6,9.3,450,"1993-01-16 2022-01-30",19.34,7.71,450,"1993-01-16 2022-01-30",-16.56,8.65,448,"1993-01-16 2022-01-30",62.96,13.79,448,"1993-01-16 2022-01-30",-13.85,8.37,450,"1993-01-16 2022-01-30",2.71,3.36,450,"1993-01-16 2022-01-30",0.57,1.37,436,"1993-01-23 2022-01-30",,,,,,,,,,,,,,,,
2023-01-22,-9.96,8.61,448,"1993-01-15 2022-01-29",85.34,9.73,448,"1993-01-15 2022-01-29",-4.72,9.31,450,"1993-01-15 2022-01-29",19.45,8,450,"1993-01-15 2022-01-29",-16.7,8.68,448,"1993-01-15 2022-01-29",63.2,13.89,448,"1993-01-15 2022-01-29",-14,8.38,450,"1993-01-15 2022-01-29",2.78,3.45,450,"1993-01-15 2022-01-29",0.59,1.4,436,"1993-01-23 2022-01-29",,,,,,,,,,,,,,,,
2023-01-21,-10.08,8.68,448,"1993-01-14 2022-01-28",85.36,9.95,448,"1993-01-14 2022-01-28",-4.93,9.36,450,"1993-01-14 2022-01-28",19.37,7.96,450,"1993-01-14 2022-01-28",-16.72,8.72,448,"1993-01-14 2022-01-28",63.64,13.85,448,"1993-01-14 2022-01-28",-14.08,8.37,450,"1993-01-14 2022-01-28",2.83,3.43,450,"1993-01-14 2022-01-28",0.62,1.41,435,"1993-01-23 2022-01-28",,,,,,,,,,,,,,,,
2023-01-20,-10.06,8.73,448,"1993-01-13 2022-01-27",85.7,9.98,448,"1993-01-13 2022-01-27",-5.03,9.36,450,"1993-01-13 2022-01-27",19.35,8.06,450,"1993-01-13 2022-01-27",-16.76,8.77,448,"1993-01-13 2022-01-27",63.98,13.84,448,"1993-01-13 2022-01-27",-14.16,8.37,450,"1993-01-13 2022-01-27",2.86,3.42,450,"1993-01-13 2022-01-27",0.66,1.44,435,"1993-01-23 2022-01-27",,,,,,,,,,,,,,,,
2023-01-19,-10.25,8.76,448,"1993-01-12 2022-01-26",85.6,10.12,448,"1993-01-12 2022-01-26",-5.24,9.35,450,"1993-01-12 2022-01-26",19.29,8.01,450,"1993-01-12 2022-01-26",-16.93,8.77,448,"1993-01-12 2022-01-26",64.25,13.75,448,"1993-01-12 2022-01-26",-14.34,8.32,450,"1993-01-12 2022-01-26",2.87,3.4,450,"1993-01-12 2022-01-26",0.7,1.55,436,"1993-01-12 2022-01-26",,,,,,,,,,,,,,,,
2023-01-18,-10.48,8.76,448,"1993-01-11 2022-01-25",85.39,10.2,448,"1993-01-11 2022-01-25",-5.48,9.38,450,"1993-01-11 2022-01-25",19.28,8.07,450,"1993-01-11 2022-01-25",-17.09,8.82,448,"1993-01-11 2022-01-25",64.49,13.7,448,"1993-01-11 2022-01-25",-14.51,8.35,450,"1993-01-11 2022-01-25",2.86,3.4,450,"1993-01-11 2022-01-25",0.7,1.52,435,"1993-01-12 2022-01-25",,,,,,,,,,,,,,,,
2023-01-17,-10.7,8.79,448,"1993-01-10 2022-01-24",85.33,10.22,448,"1993-01-10 2022-01-24",-5.77,9.34,450,"1993-01-10 2022-01-24",19.15,8.15,450,"1993-01-10 2022-01-24",-17.41,8.83,448,"1993-01-10 2022-01-24",64.73,13.41,448,"1993-01-10 2022-01-24",-14.83,8.3,450,"1993-01-10 2022-01-24",2.85,3.39,450,"1993-01-10 2022-01-24",0.7,1.52,435,"1993-01-12 2022-01-24",,,,,,,,,,,,,,,,
2023-01-16,-10.95,8.82,448,"1993-01-09 2022-01-23",85.18,10.29,448,"1993-01-09 2022-01-23",-6.04,9.38,450,"1993-01-09 2022-01-23",19.25,8.2,450,"1993-01-09 2022-01-23",-17.66,8.8,448,"1993-01-09 2022-01-23",64.59,13.25,448,"1993-01-09 2022-01-23",-15.05,8.27,450,"1993-01-09 2022-01-23",2.87,3.46,450,"1993-01-09 2022-01-23",0.67,1.44,435,"1993-01-09 2022-01-23",,,,,,,,,,,,,,,,
2023-01-15,-11.09,8.8,448,"1993-01-08 2022-01-22",84.94,10.35,448,"1993-01-08 2022-01-22",-6.23,9.37,450,"1993-01-08 2022-01-22",19.42,8.47,450,"1993-01-08 2022-01-22",-17.88,8.81,448,"1993-01-08 2022-01-22",64.58,13.02,448,"1993-01-08 2022-01-22",-15.21,8.32,450,"1993-01-08 2022-01-22",2.84,3.49,450,"1993-01-08 2022-01-22",0.64,1.39,433,"1993-01-09 2022-01-22",,,,,,,,,,,,,,,,
2023-01-14,-11.19,8.83,449,"1993-01-07 2022-01-21",84.66,10.32,449,"1993-01-07 2022-01-21",-6.3,9.42,450,"1993-01-07 2022-01-21",19.58,8.42,450,"1993-01-07 2022-01-21",-17.96,8.83,449,"1993-01-07 2022-01-21",64.26,12.77,449,"1993-01-07 2022-01-21",-15.33,8.31,450,"1993-01-07 2022-01-21",2.76,3.45,450,"1993-01-07 2022-01-21",0.63,1.33,434,"1993-01-07 2022-01-21",,,,,,,,,,,,,,,,
2023-01-13,-11.3,8.91,449,"1993-01-06 2022-01-20",84.18,10.38,449,"1993-01-06 2022-01-20",-6.35,9.55,450,"1993-01-06 2022-01-20",19.72,8.47,450,"1993-01-06 2022-01-20",-18.11,8.93,449,"1993-01-06 2022-01-20",63.69,12.79,449,"1993-01-06 2022-01-20",-15.35,8.47,450,"1993-01-06 2022-01-20",2.77,3.43,450,"1993-01-06 2022-01-20",0.62,1.33,435,"1993-01-06 2022-01-20",,,,,,,,,,,,,,,,
2023-01-12,-11.4,9.03,448,"1993-01-05 2022-01-19",84.01,10.37,448,"1993-01-05 2022-01-19",-6.51,9.65,450,"1993-01-05 2022-01-19",19.85,8.51,450,"1993-01-05 2022-01-19",-18.2,9.03,448,"1993-01-05 2022-01-19",63.52,12.55,448,"1993-01-05 2022-01-19",-15.42,8.58,450,"1993-01-05 2022-01-19",2.82,3.46,450,"1993-01-05 2022-01-19",0.66,1.53,435,"1993-01-05 2022-01-19",,,,,,,,,,,,,,,,
2023-01-11,-11.54,9.05,447,"1993-01-04 2022-01-18",83.88,10.3,447,"1993-01-04 2022-01-18",-6.67,9.69,450,"1993-01-04 2022-01-18",19.85,8.43,450,"1993-01-04 2022-01-18",-18.31,9.07,447,"1993-01-04 2022-01-18",63.28,12.4,447,"1993-01-04 2022-01-18",-15.54,8.63,450,"1993-01-04 2022-01-18",2.82,3.44,450,"1993-01-04 2022-01-18",0.7,1.63,436,"1993-01-04 2022-01-18",,,,,,,,,,,,,,,,
2023-01-10,-11.62,9.03,447,"1993-01-03 2022-01-17",83.79,10.05,447,"1993-01-03 2022-01-17",-6.79,9.73,450,"1993-01-03 2022-01-17",19.83,8.41,450,"1993-01-03 2022-01-17",-18.48,9.02,447,"1993-01-03 2022-01-17",63.14,12.13,447,"1993-01-03 2022-01-17",-15.63,8.65,450,"1993-01-03 2022-01-17",2.83,3.44,450,"1993-01-03 2022-01-17",0.71,1.65,437,"1993-01-03 2022-01-17",,,,,,,,,,,,,,,,
2023-01-09,-11.66,8.85,448,"1993-01-02 2022-01-16",83.65,9.81,448,"1993-01-02 2022-01-16",-6.85,9.63,450,"1993-01-02 2022-01-16",19.73,8.45,450,"1993-01-02 2022-01-16",-18.52,8.93,448,"1993-01-02 2022-01-16",63.23,12.23,448,"1993-01-02 2022-01-16",-15.67,8.62,450,"1993-01-02 2022-01-16",2.76,3.38,450,"1993-01-02 2022-01-16",0.68,1.6,437,"1993-01-03 2022-01-16",,,,,,,,,,,,,,,,
2023-01-08,-11.71,8.67,448,"1993-01-01 2022-01-15",83.75,9.75,448,"1993-01-01 2022-01-15",-6.94,9.48,450,"1993-01-01 2022-01-15",19.82,8.55,450,"1993-01-01 2022-01-15",-18.67,8.85,448,"1993-01-01 2022-01-15",63.42,12.25,448,"1993-01-01 2022-01-15",-15.83,8.55,450,"1993-01-01 2022-01-15",2.75,3.51,450,"1993-01-01 2022-01-15",0.69,1.62,437,"1993-01-03 2022-01-15",,,,,,,,,,,,,,,,
2023-01-07,-11.91,8.68,448,"1992-12-31 2022-01-14",83.76,9.78,448,"1992-12-31 2022-01-14",-7.17,9.43,450,"1992-12-31 2022-01-14",19.58,8.19,450,"1992-12-31 2022-01-14",-18.85,8.73,448,"1992-12-31 2022-01-14",63.55,12.15,448,"1992-12-31 2022-01-14",-16.02,8.42,450,"1992-12-31 2022-01-14",2.73,3.42,450,"1992-12-31 2022-01-14",0.67,1.6,437,"1993-01-03 2022-01-14",,,,,,,,,,,,,,,,
2023-01-06,-12.07,8.52,448,"1992-12-30 2022-01-13",83.64,9.87,448,"1992-12-30 2022-01-13",-7.29,9.33,450,"1992-12-30 2022-01-13",19.48,8.1,450,"1992-12-30 2022-01-13",-18.92,8.61,448,"1992-12-30 2022-01-13",63.41,12.33,448,"1992-12-30 2022-01-13",-16.11,8.33,450,"1992-12-30 2022-01-13",2.68,3.46,450,"1992-12-30 2022-01-13",0.68,1.7,437,"1993-01-03 2022-01-13",,,,,,,,,,,,,,,,
2023-01-05,-12.17,8.44,448,"1992-12-29 2022-01-12",83.53,9.89,448,"1992-12-29 2022-01-12",-7.35,9.32,450,"1992-12-29 2022-01-12",19.4,7.98,450,"1992-12-29 2022-01-12",-18.89,8.51,448,"1992-12-29 2022-01-12",63.34,12.56,448,"1992-12-29 2022-01-12",-16.06,8.3,450,"1992-12-29 2022-01-12",2.69,3.51,450,"1992-12-29 2022-01-12",0.67,1.7,438,"1992-12-29 2022-01-12",,,,,,,,,,,,,,,,
2023-01-04,-12.09,8.44,448,"1992-12-28 2022-01-11",83.55,9.87,448,"1992-12-28 2022-01-11",-7.31,9.35,450,"1992-12-28 2022-01-11",19.36,7.86,450,"1992-12-28 2022-01-11",-18.77,8.48,448,"1992-12-28 2022-01-11",63.35,12.75,448,"1992-12-28 2022-01-11",-15.93,8.32,450,"1992-12-28 2022-01-11",2.69,3.49,450,"1992-12-28 2022-01-11",0.63,1.63,438,"1992-12-28 2022-01-10",,,,,,,,,,,,,,,,
2023-01-03,-11.96,8.37,448,"1992-12-27 2022-01-10",83.69,9.82,448,"1992-12-27 2022-01-10",-7.21,9.29,450,"1992-12-27 2022-01-10",19.24,7.85,450,"1992-12-27 2022-01-10",-18.67,8.39,448,"1992-12-27 2022-01-10",63.46,12.99,448,"1992-12-27 2022-01-10",-15.8,8.24,450,"1992-12-27 2022-01-10",2.68,3.48,450,"1992-12-27 2022-01-10",0.6,1.6,438,"1992-12-28 2022-01-10",,,,,,,,,,,,,,,,
2023-01-02,-11.78,8.31,448,"1992-12-26 2022-01-09",83.81,9.82,448,"1992-12-26 2022-01-09",-7.04,9.23,450,"1992-12-26 2022-01-09",19.15,7.8,450,"1992-12-26 2022-01-09",-18.42,8.35,448,"1992-12-26 2022-01-09",63.52,13.08,448,"1992-12-26 2022-01-09",-15.57,8.24,450,"1992-12-26 2022-01-09",2.64,3.46,450,"1992-12-26 2022-01-09",0.6,1.61,439,"1992-12-26 2022-01-09",,,,,,,,,,,,,,,,
2023-01-01,-11.55,8.28,448,"1992-12-25 2022-01-08",83.94,9.76,448,"1992-12-25 2022-01-08",-6.8,9.24,450,"1992-12-25 2022-01-08",18.87,7.71,450,"1992-12-25 2022-01-08",-18.17,8.36,448,"1992-12-25 2022-01-08",63.6,12.99,448,"1992-12-25 2022-01-08",-15.35,8.26,450,"1992-12-25 2022-01-08",2.58,3.36,450,"1992-12-25 2022-01-08",0.57,1.59,439,"1992-12-25 2022-01-08",,,,,,,,,,,,,,,,
2022-12-31,-11.39,8.3,448,"1992-12-24 2022-01-07",83.86,9.79,448,"1992-12-24 2022-01-07",-6.57,9.28,450,"1992-12-24 2022-01-07",18.6,7.36,450,"1992-12-24 2022-01-07",-17.96,8.4,448,"1992-12-24 2022-01-07",63.41,13.22,448,"1992-12-24 2022-01-07",-15.14,8.32,450,"1992-12-24 2022-01-07",2.6,3.29,450,"1992-12-24 2022-01-07",0.55,1.57,441,"1992-12-24 2022-01-07",,,,,,,,,,,,,,,,
2022-12-30,-11.33,8.36,448,"1992-12-23 2022-01-06",83.79,9.97,448,"1992-12-23 2022-01-06",-6.48,9.33,450,"1992-12-23 2022-01-06",18.48,7.42,450,"1992-12-23 2022-01-06",-17.95,8.44,448,"1992-12-23 2022-01-06",63.38,13.27,448,"1992-12-23 2022-01-06",-15.12,8.35,450,"1992-12-23 2022-01-06",2.69,3.3,450,"1992-12-23 2022-01-06",0.53,1.56,440,"1992-12-24 2022-01-06",,,,,,,,,,,,,,,,
2022-12-29,-11.38,8.38,448,"1992-12-22 2022-01-05",83.93,9.96,448,"1992-12-22 2022-01-05",-6.54,9.32,450,"1992-12-22 2022-01-05",18.26,7.39,450,"1992-12-22 2022-01-05",-17.94,8.42,448,"1992-12-22 2022-01-05",63.39,13.2,448,"1992-12-22 2022-01-05",-15.16,8.32,450,"1992-12-22 2022-01-05",2.7,3.33,450,"1992-12-22 2022-01-05",0.55,1.57,440,"1992-12-24 2022-01-05",,,,,,,,,,,,,,,,
2022-12-28,-11.31,8.31,449,"1992-12-21 2022-01-04",84.09,9.87,449,"1992-12-21 2022-01-04",-6.46,9.25,450,"1992-12-21 2022-01-04",18.24,7.41,450,"1992-12-21 2022-01-04",-17.89,8.41,449,"1992-12-21 2022-01-04",63.4,13.08,449,"1992-12-21 2022-01-04",-15.07,8.29,450,"1992-12-21 2022-01-04",2.67,3.3,450,"1992-12-21 2022-01-04",0.5,1.34,440,"1992-12-24 2022-01-04",,,,,,,,,,,,,,,,
2022-12-27,-11.21,8.28,449,"1992-12-20 2022-01-03",84.22,9.89,449,"1992-12-20 2022-01-03",-6.31,9.14,450,"1992-12-20 2022-01-03",18.34,7.6,450,"1992-12-20 2022-01-03",-17.79,8.31,449,"1992-12-20 2022-01-03",63.56,13.06,449,"1992-12-20 2022-01-03",-14.95,8.19,450,"1992-12-20 2022-01-03",2.61,3.31,450,"1992-12-20 2022-01-03",0.46,1.23,439,"1992-12-24 2022-01-03",,,,,,,,,,,,,,,,
2022-12-26,-11.03,8.19,449,"1992-12-19 2022-01-02",84.37,10,449,"1992-12-19 2022-01-02",-6.14,9,450,"1992-12-19 2022-01-02",18.38,7.87,450,"1992-12-19 2022-01-02",-17.54,8.2,449,"1992-12-19 2022-01-02",63.72,13.07,449,"1992-12-19 2022-01-02",-14.74,8.1,450,"1992-12-19 2022-01-02",2.59,3.29,450,"1992-12-19 2022-01-02",0.44,1.2,438,"1992-12-24 2022-01-02",,,,,,,,,,,,,,,,
2022-12-25,-10.89,8.05,449,"1992-12-18 2022-01-01",84.43,10.04,449,"1992-12-18 2022-01-01",-5.96,8.85,450,"1992-12-18 2022-01-01",18.46,8.05,450,"1992-12-18 2022-01-01",-17.43,8.08,449,"1992-12-18 2022-01-01",63.76,13.01,449,"1992-12-18 2022-01-01",-14.66,7.93,450,"1992-12-18 2022-01-01",2.7,3.33,450,"1992-12-18 2022-01-01",0.43,1.2,439,"1992-12-18 2022-01-01",,,,,,,,,,,,,,,,
2022-12-24,-10.69,8.01,449,"1992-12-17 2021-12-31",84.45,9.9,449,"1992-12-17 2021-12-31",-5.74,8.83,450,"1992-12-17 2021-12-31",18.52,8.43,450,"1992-12-17 2021-12-31",-17.18,8.02,449,"1992-12-17 2021-12-31",63.74,12.97,449,"1992-12-17 2021-12-31",-14.37,7.95,450,"1992-12-17 2021-12-31",2.65,3.18,450,"1992-12-17 2021-12-31",0.41,1.17,440,"1992-12-17 2021-12-31",,,,,,,,,,,,,,,,
2022-12-23,-10.46,7.8,449,"1992-12-16 2021-12-30",84.51,9.75,449,"1992-12-16 2021-12-30",-5.51,8.68,450,"1992-12-16 2021-12-30",18.53,8.49,450,"1992-12-16 2021-12-30",-16.86,7.94,449,"1992-12-16 2021-12-30",63.68,12.83,449,"1992-12-16 2021-12-30",-14.06,7.89,450,"1992-12-16 2021-12-30",2.6,3.21,450,"1992-12-16 2021-12-30",0.39,1.13,441,"1992-12-16 2021-12-30",,,,,,,,,,,,,,,,
2022-12-22,-10.14,7.7,449,"1992-12-15 2021-12-29",84.71,9.54,449,"1992-12-15 2021-12-29",-5.21,8.59,450,"1992-12-15 2021-12-29",18.89,8.74,450,"1992-12-15 2021-12-29",-16.66,7.89,449,"1992-12-15 2021-12-29",63.6,12.74,449,"1992-12-15 2021-12-29",-13.83,7.86,450,"1992-12-15 2021-12-29",2.62,3.24,450,"1992-12-15 2021-12-29",0.37,0.94,442,"1992-12-16 2021-12-29",,,,,,,,,,,,,,,,
2022-12-21,-9.95,7.66,448,"1992-12-14 2021-12-28",84.66,9.5,448,"1992-12-14 2021-12-28",-4.98,8.53,450,"1992-12-14 2021-12-28",18.88,8.65,450,"1992-12-14 2021-12-28",-16.54,7.86,448,"1992-12-14 2021-12-28",63.43,12.59,448,"1992-12-14 2021-12-28",-13.7,7.82,450,"1992-12-14 2021-12-28",2.63,3.17,450,"1992-12-14 2021-12-28",0.36,0.97,440,"1992-12-16 2021-12-28",,,,,,,,,,,,,,,,
2022-12-20,-9.82,7.6,448,"1992-12-13 2021-12-27",84.73,9.4,448,"1992-12-13 2021-12-27",-4.82,8.47,450,"1992-12-13 2021-12-27",19.06,8.69,450,"1992-12-13 2021-12-27",-16.37,7.84,448,"1992-12-13 2021-12-27",63.22,12.46,448,"1992-12-13 2021-12-27",-13.53,7.8,450,"1992-12-13 2021-12-27",2.64,3.27,450,"1992-12-13 2021-12-27",0.36,0.94,439,"1992-12-16 2021-12-27",,,,,,,,,,,,,,,,
2022-12-19,-9.69,7.54,448,"1992-12-12 2021-12-26",84.7,9.46,448,"1992-12-12 2021-12-26",-4.65,8.41,450,"1992-12-12 2021-12-26",19.3,8.67,450,"1992-12-12 2021-12-26",-16.19,7.77,448,"1992-12-12 2021-12-26",62.96,12.31,448,"1992-12-12 2021-12-26",-13.33,7.74,450,"1992-12-12 2021-12-26",2.78,3.41,450,"1992-12-12 2021-12-26",0.38,0.97,441,"1992-12-12 2021-12-26",,,,,,,,,,,,,,,,
2022-12-18,-9.52,7.53,447,"1992-12-11 2021-12-25",84.84,9.47,447,"1992-12-11 2021-12-25",-4.48,8.38,450,"1992-12-11 2021-12-25",19.51,8.55,450,"1992-12-11 2021-12-25",-16,7.73,447,"1992-12-11 2021-12-25",62.98,12.33,447,"1992-12-11 2021-12-25",-13.09,7.73,450,"1992-12-11 2021-12-25",2.86,3.51,450,"1992-12-11 2021-12-25",0.4,1.02,441,"1992-12-11 2021-12-25",,,,,,,,,,,,,,,,
2022-12-17,-9.39,7.5,446,"1992-12-10 2021-12-24",84.87,9.55,446,"1992-12-10 2021-12-24",-4.34,8.36,450,"1992-12-10 2021-12-24",19.82,8.62,450,"1992-12-10 2021-12-24",-15.9,7.63,446,"1992-12-10 2021-12-24",62.96,12.47,446,"1992-12-10 2021-12-24",-12.99,7.63,450,"1992-12-10 2021-12-24",2.83,3.52,450,"1992-12-10 2021-12-24",0.42,1.03,440,"1992-12-11 2021-12-24",,,,,,,,,,,,,,,,
2022-12-16,-9.37,7.46,445,"1992-12-09 2021-12-23",84.99,9.62,445,"1992-12-09 2021-12-23",-4.34,8.3,450,"1992-12-09 2021-12-23",19.82,8.55,450,"1992-12-09 2021-12-23",-15.9,7.52,445,"1992-12-09 2021-12-23",63.13,12.26,445,"1992-12-09 2021-12-23",-12.99,7.53,450,"1992-12-09 2021-12-23",2.84,3.57,450,"1992-12-09 2021-12-23",0.42,1.01,439,"1992-12-11 2021-12-23",,,,,,,,,,,,,,,,
2022-12-15,-9.4,7.43,444,"1992-12-08 2021-12-22",85.17,9.47,444,"1992-12-08 2021-12-22",-4.41,8.23,450,"1992-12-08 2021-12-22",19.73,8.51,450,"1992-12-08 2021-12-22",-15.88,7.51,444,"1992-12-08 2021-12-22",63.22,12.19,444,"1992-12-08 2021-12-22",-12.97,7.51,450,"1992-12-08 2021-12-22",2.8,3.57,450,"1992-12-08 2021-12-22",0.43,1.06,440,"1992-12-08 2021-12-22",,,,,,,,,,,,,,,,
2022-12-14,-9.39,7.37,444,"1992-12-07 2021-12-21",85.07,9.44,444,"1992-12-07 2021-12-21",-4.36,8.18,450,"1992-12-07 2021-12-21",19.71,8.46,450,"1992-12-07 2021-12-21",-15.86,7.49,444,"1992-12-07 2021-12-21",63.37,12.29,444,"1992-12-07 2021-12-21",-12.98,7.47,450,"1992-12-07 2021-12-21",2.82,3.55,450,"1992-12-07 2021-12-21",0.41,1.03,440,"1992-12-08 2021-12-21",,,,,,,,,,,,,,,,
2022-12-13,-9.47,7.4,444,"1992-12-06 2021-12-20",84.91,9.47,444,"1992-12-06 2021-12-20",-4.4,8.21,450,"1992-12-06 2021-12-20",19.7,8.44,450,"1992-12-06 2021-12-20",-15.86,7.42,444,"1992-12-06 2021-12-20",63.44,12.36,444,"1992-12-06 2021-12-20",-12.99,7.4,450,"1992-12-06 2021-12-20",2.87,3.61,450,"1992-12-06 2021-12-20",0.42,1.04,440,"1992-12-08 2021-12-20",,,,,,,,,,,,,,,,
2022-12-12,-9.48,7.34,445,"1992-12-05 2021-12-19",84.8,9.39,445,"1992-12-05 2021-12-19",-4.42,8.19,450,"1992-12-05 2021-12-19",19.9,8.49,450,"1992-12-05 2021-12-19",-15.81,7.36,445,"1992-12-05 2021-12-19",63.18,12.37,445,"1992-12-05 2021-12-19",-12.93,7.35,450,"1992-12-05 2021-12-19",3.08,3.74,450,"1992-12-05 2021-12-19",0.43,1.05,440,"1992-12-08 2021-12-19",,,,,,,,,,,,,,,,
2022-12-11,-9.45,7.27,445,"1992-12-04 2021-12-18",84.84,9.28,445,"1992-12-04 2021-12-18",-4.41,8.08,450,"1992-12-04 2021-12-18",20.13,8.56,450,"1992-12-04 2021-12-18",-15.86,7.31,445,"1992-12-04 2021-12-18",63.34,12.36,445,"1992-12-04 2021-12-18",-12.99,7.28,450,"1992-12-04 2021-12-18",3.21,3.8,450,"1992-12-04 2021-12-18",0.45,1.09,440,"1992-12-08 2021-12-18",,,,,,,,,,,,,,,,
2022-12-10,-9.45,7.31,445,"1992-12-03 2021-12-17",85.01,9.26,445,"1992-12-03 2021-12-17",-4.4,8.16,450,"1992-12-03 2021-12-17",20.14,8.5,450,"1992-12-03 2021-12-17",-15.7,7.28,445,"1992-12-03 2021-12-17",63.1,12.41,445,"1992-12-03 2021-12-17",-12.83,7.29,450,"1992-12-03 2021-12-17",3.22,3.79,450,"1992-12-03 2021-12-17",0.46,1.1,439,"1992-12-08 2021-12-17",,,,,,,,,,,,,,,,
2022-12-09,-9.35,7.27,445,"1992-12-02 2021-12-16",85.19,9.37,445,"1992-12-02 2021-12-16",-4.3,8.12,450,"1992-12-02 2021-12-16",20.13,8.26,450,"1992-12-02 2021-12-16",-15.56,7.22,445,"1992-12-02 2021-12-16",63.12,12.77,445,"1992-12-02 2021-12-16",-12.73,7.21,450,"1992-12-02 2021-12-16",3.22,3.82,450,"1992-12-02 2021-12-16",0.48,1.15,438,"1992-12-08 2021-12-16",,,,,,,,,,,,,,,,
2022-12-08,-9.18,7.23,445,"1992-12-01 2021-12-15",85.28,9.4,445,"1992-12-01 2021-12-15",-4.13,8.06,450,"1992-12-01 2021-12-15",20.3,8.39,450,"1992-12-01 2021-12-15",-15.42,7.2,445,"1992-12-01 2021-12-15",63.11,13.17,445,"1992-12-01 2021-12-15",-12.6,7.2,450,"1992-12-01 2021-12-15",3.29,3.8,450,"1992-12-01 2021-12-15",0.48,1.16,436,"1992-12-08 2021-12-15",,,,,,,,,,,,,,,,
2022-12-07,-9.02,7.15,444,"1992-11-30 2021-12-14",85.24,9.26,444,"1992-11-30 2021-12-14",-3.95,8.05,450,"1992-11-30 2021-12-14",20.2,8.31,450,"1992-11-30 2021-12-14",-15.15,7.15,444,"1992-11-30 2021-12-14",63.08,13.25,444,"1992-11-30 2021-12-14",-12.34,7.22,450,"1992-11-30 2021-12-14",3.35,3.76,450,"1992-11-30 2021-12-14",0.48,1.17,437,"1992-11-30 2021-12-14",,,,,,,,,,,,,,,,
2022-12-06,-8.91,7,445,"1992-11-29 2021-12-13",85.18,9.31,445,"1992-11-29 2021-12-13",-3.79,7.95,450,"1992-11-29 2021-12-13",20.21,8.38,450,"1992-11-29 2021-12-13",-14.94,7.07,445,"1992-11-29 2021-12-13",62.89,13.35,445,"1992-11-29 2021-12-13",-12.13,7.17,450,"1992-11-29 2021-12-13",3.33,3.81,450,"1992-11-29 2021-12-13",0.47,1.16,439,"1992-11-29 2021-12-13",,,,,,,,,,,,,,,,
2022-12-05,-8.76,6.89,445,"1992-11-28 2021-12-12",85.22,9.23,445,"1992-11-28 2021-12-12",-3.62,7.83,450,"1992-11-28 2021-12-12",20.18,8.41,450,"1992-11-28 2021-12-12",-14.76,6.96,445,"1992-11-28 2021-12-12",62.82,13.22,445,"1992-11-28 2021-12-12",-11.98,7.04,450,"1992-11-28 2021-12-12",3.37,3.75,450,"1992-11-28 2021-12-12",0.47,1.16,440,"1992-11-28 2021-12-12",,,,,,,,,,,,,,,,
2022-12-04,-8.58,6.81,445,"1992-11-27 2021-12-11",85.4,9.12,445,"1992-11-27 2021-12-11",-3.43,7.77,450,"1992-11-27 2021-12-11",20.05,8.29,450,"1992-11-27 2021-12-11",-14.57,6.88,445,"1992-11-27 2021-12-11",62.81,13.31,445,"1992-11-27 2021-12-11",-11.79,6.98,450,"1992-11-27 2021-12-11",3.29,3.72,450,"1992-11-27 2021-12-11",0.47,1.15,440,"1992-11-27 2021-12-11",,,,,,,,,,,,,,,,
2022-12-03,-8.49,6.74,446,"1992-11-26 2021-12-10",85.27,9.15,446,"1992-11-26 2021-12-10",-3.32,7.7,450,"1992-11-26 2021-12-10",19.94,8.31,450,"1992-11-26 2021-12-10",-14.43,6.81,446,"1992-11-26 2021-12-10",62.7,13.36,446,"1992-11-26 2021-12-10",-11.68,6.9,450,"1992-11-26 2021-12-10",3.3,3.66,450,"1992-11-26 2021-12-10",0.45,1.11,440,"1992-11-26 2021-12-10",,,,,,,,,,,,,,,,
2022-12-02,-8.39,6.67,447,"1992-11-25 2021-12-09",85.22,9.09,447,"1992-11-25 2021-12-09",-3.19,7.59,450,"1992-11-25 2021-12-09",19.87,8.23,450,"1992-11-25 2021-12-09",-14.33,6.77,447,"1992-11-25 2021-12-09",62.33,13.3,447,"1992-11-25 2021-12-09",-11.55,6.86,450,"1992-11-25 2021-12-09",3.42,3.71,450,"1992-11-25 2021-12-09",0.45,1.14,440,"1992-11-25 2021-12-09",,,,,,,,,,,,,,,,
2022-12-01,-8.2,6.62,448,"1992-11-24 2021-12-08",85.36,9.03,448,"1992-11-24 2021-12-08",-3,7.53,450,"1992-11-24 2021-12-08",19.91,8.19,450,"1992-11-24 2021-12-08",-14.1,6.8,448,"1992-11-24 2021-12-08",62.17,13.41,448,"1992-11-24 2021-12-08",-11.35,6.82,450,"1992-11-24 2021-12-08",3.38,3.71,450,"1992-11-24 2021-12-08",0.45,1.14,440,"1992-11-24 2021-12-08",,,,,,,,,,,,,,,,
2022-11-30,-8.01,6.56,449,"1992-11-23 2021-12-07",85.34,9.26,449,"1992-11-23 2021-12-07",-2.75,7.49,450,"1992-11-23 2021-12-07",20,8.06,450,"1992-11-23 2021-12-07",-13.85,6.73,449,"1992-11-23 2021-12-07",62.11,13.81,449,"1992-11-23 2021-12-07",-11.09,6.79,450,"1992-11-23 2021-12-07",3.34,3.7,450,"1992-11-23 2021-12-07",0.44,1.12,440,"1992-11-23 2021-12-07",,,,,,,,,,,,,,,,
2022-11-29,-7.77,6.53,449,"1992-11-22 2021-12-06",85.46,9.33,449,"1992-11-22 2021-12-06",-2.43,7.54,450,"1992-11-22 2021-12-06",20.25,8.25,450,"1992-11-22 2021-12-06",-13.57,6.67,449,"1992-11-22 2021-12-06",61.87,14.14,449,"1992-11-22 2021-12-06",-10.75,6.76,450,"1992-11-22 2021-12-06",3.37,3.74,450,"1992-11-22 2021-12-06",0.49,1.36,441,"1992-11-22 2021-12-06",,,,,,,,,,,,,,,,
2022-11-28,-7.46,6.44,449,"1992-11-21 2021-12-05",85.71,9.36,449,"1992-11-21 2021-12-05",-2.1,7.45,450,"1992-11-21 2021-12-05",20.28,8.17,450,"1992-11-21 2021-12-05",-13.24,6.65,449,"1992-11-21 2021-12-05",61.8,14.14,449,"1992-11-21 2021-12-05",-10.45,6.73,450,"1992-11-21 2021-12-05",3.36,3.7,450,"1992-11-21 2021-12-05",0.49,1.35,441,"1992-11-21 2021-12-05",,,,,,,,,,,,,,,,
2022-11-27,-7.22,6.43,449,"1992-11-20 2021-12-04",85.89,9.39,449,"1992-11-20 2021-12-04",-1.86,7.45,450,"1992-11-20 2021-12-04",20.09,8.08,450,"1992-11-20 2021-12-04",-13.05,6.71,449,"1992-11-20 2021-12-04",61.96,14.21,449,"1992-11-20 2021-12-04",-10.31,6.75,450,"1992-11-20 2021-12-04",3.28,3.55,450,"1992-11-20 2021-12-04",0.48,1.39,442,"1992-11-20 2021-12-04",,,,,,,,,,,,,,,,
2022-11-26,-7.09,6.46,449,"1992-11-19 2021-12-03",85.8,9.55,449,"1992-11-19 2021-12-03",-1.67,7.54,450,"1992-11-19 2021-12-03",19.97,7.84,450,"1992-11-19 2021-12-03",-12.72,6.71,449,"1992-11-19 2021-12-03",61.93,14.41,449,"1992-11-19 2021-12-03",-9.97,6.74,450,"1992-11-19 2021-12-03",3.24,3.52,450,"1992-11-19 2021-12-03",0.49,1.43,442,"1992-11-19 2021-12-03",,,,,,,,,,,,,,,,
2022-11-25,-6.82,6.42,449,"1992-11-18 2021-12-02",85.85,9.63,449,"1992-11-18 2021-12-02",-1.43,7.5,450,"1992-11-18 2021-12-02",20.25,8.19,450,"1992-11-18 2021-12-02",-12.5,6.7,449,"1992-11-18 2021-12-02",61.98,14.57,449,"1992-11-18 2021-12-02",-9.7,6.74,450,"1992-11-18 2021-12-02",3.28,3.55,450,"1992-11-18 2021-12-02",0.5,1.43,443,"1992-11-18 2021-12-02",,,,,,,,,,,,,,,,
2022-11-24,-6.69,6.4,449,"1992-11-17 2021-12-01",85.83,9.66,449,"1992-11-17 2021-12-01",-1.25,7.54,450,"1992-11-17 2021-12-01",20.21,8.12,450,"1992-11-17 2021-12-01",-12.3,6.69,449,"1992-11-17 2021-12-01",61.82,14.71,449,"1992-11-17 2021-12-01",-9.51,6.75,450,"1992-11-17 2021-12-01",3.3,3.56,450,"1992-11-17 2021-12-01",0.48,1.41,444,"1992-11-17 2021-12-01",,,,,,,,,,,,,,,,
2022-11-23,-6.51,6.39,449,"1992-11-16 2021-11-30",86.04,9.68,449,"1992-11-16 2021-11-30",-1.08,7.54,450,"1992-11-16 2021-11-30",20.15,7.96,450,"1992-11-16 2021-11-30",-12.07,6.68,449,"1992-11-16 2021-11-30",62.02,14.61,449,"1992-11-16 2021-11-30",-9.32,6.71,450,"1992-11-16 2021-11-30",3.28,3.53,450,"1992-11-16 2021-11-30",0.5,1.46,445,"1992-11-16 2021-11-30",,,,,,,,,,,,,,,,
2022-11-22,-6.3,6.42,450,"1992-11-15 2021-11-29",86.27,9.82,450,"1992-11-15 2021-11-29",-0.85,7.47,450,"1992-11-15 2021-11-29",20.15,7.96,450,"1992-11-15 2021-11-29",-11.87,6.69,450,"1992-11-15 2021-11-29",62.14,14.72,450,"1992-11-15 2021-11-29",-9.1,6.63,450,"1992-11-15 2021-11-29",3.28,3.56,450,"1992-11-15 2021-11-29",0.54,1.56,445,"1992-11-15 2021-11-29",,,,,,,,,,,,,,,,
2022-11-21,-5.97,6.31,450,"1992-11-14 2021-11-28",86.58,9.74,450,"1992-11-14 2021-11-28",-0.58,7.36,450,"1992-11-14 2021-11-28",20.27,7.86,450,"1992-11-14 2021-11-28",-11.58,6.61,450,"1992-11-14 2021-11-28",62.25,14.89,450,"1992-11-14 2021-11-28",-8.77,6.56,450,"1992-11-14 2021-11-28",3.21,3.52,450,"1992-11-14 2021-11-28",0.53,1.52,445,"1992-11-14 2021-11-28",,,,,,,,,,,,,,,,
2022-11-20,-5.65,6.21,450,"1992-11-13 2021-11-27",86.81,9.82,450,"1992-11-13 2021-11-27",-0.24,7.28,450,"1992-11-13 2021-11-27",20.35,8.2,450,"1992-11-13 2021-11-27",-11.26,6.51,450,"1992-11-13 2021-11-27",62.25,15.25,450,"1992-11-13 2021-11-27",-8.45,6.48,450,"1992-11-13 2021-11-27",3.15,3.58,450,"1992-11-13 2021-11-27",0.54,1.53,445,"1992-11-13 2021-11-27",,,,,,,,,,,,,,,,
2022-11-19,-5.46,6.12,450,"1992-11-12 2021-11-26",86.75,10.1,450,"1992-11-12 2021-11-26",0,7.2,450,"1992-11-12 2021-11-26",20.33,8.25,450,"1992-11-12 2021-11-26",-11.08,6.46,450,"1992-11-12 2021-11-26",62.12,15.48,450,"1992-11-12 2021-11-26",-8.28,6.47,450,"1992-11-12 2021-11-26",3.13,3.51,450,"1992-11-12 2021-11-26",0.53,1.52,445,"1992-11-12 2021-11-26",,,,,,,,,,,,,,,,
2022-11-18,-5.38,6.05,450,"1992-11-11 2021-11-25",86.84,10.02,450,"1992-11-11 2021-11-25",0.12,7.15,450,"1992-11-11 2021-11-25",20.31,8.24,450,"1992-11-11 2021-11-25",-10.98,6.45,450,"1992-11-11 2021-11-25",61.86,15.65,450,"1992-11-11 2021-11-25",-8.19,6.48,450,"1992-11-11 2021-11-25",3.02,3.5,450,"1992-11-11 2021-11-25",0.52,1.51,445,"1992-11-11 2021-11-25",,,,,,,,,,,,,,,,
2022-11-17,-5.3,6.04,450,"1992-11-10 2021-11-24",87.09,9.88,450,"1992-11-10 2021-11-24",0.18,7.24,450,"1992-11-10 2021-11-24",20.39,8.28,450,"1992-11-10 2021-11-24",-10.77,6.42,450,"1992-11-10 2021-11-24",62.18,15.8,450,"1992-11-10 2021-11-24",-8.03,6.44,450,"1992-11-10 2021-11-24",3.01,3.48,450,"1992-11-10 2021-11-24",0.55,1.61,445,"1992-11-10 2021-11-24",,,,,,,,,,,,,,,,
2022-11-16,-5.2,5.96,450,"1992-11-09 2021-11-23",87.17,9.9,450,"1992-11-09 2021-11-23",0.27,7.22,450,"1992-11-09 2021-11-23",20.35,8.2,450,"1992-11-09 2021-11-23",-10.62,6.23,450,"1992-11-09 2021-11-23",62.38,15.88,450,"1992-11-09 2021-11-23",-7.87,6.31,450,"1992-11-09 2021-11-23",3.05,3.39,450,"1992-11-09 2021-11-23",0.58,1.67,446,"1992-11-09 2021-11-23",,,,,,,,,,,,,,,,
2022-11-15,-4.97,5.79,450,"1992-11-08 2021-11-22",87.35,9.79,450,"1992-11-08 2021-11-22",0.49,7.12,450,"1992-11-08 2021-11-22",20.35,8.31,450,"1992-11-08 2021-11-22",-10.34,6.02,450,"1992-11-08 2021-11-22",62.45,15.9,450,"1992-11-08 2021-11-22",-7.6,6.12,450,"1992-11-08 2021-11-22",3.06,3.45,450,"1992-11-08 2021-11-22",0.62,1.74,445,"1992-11-08 2021-11-22",,,,,,,,,,,,,,,,
2022-11-14,-4.71,5.56,450,"1992-11-07 2021-11-21",87.57,9.67,450,"1992-11-07 2021-11-21",0.71,6.83,450,"1992-11-07 2021-11-21",20.19,8.05,450,"1992-11-07 2021-11-21",-10.01,5.72,450,"1992-11-07 2021-11-21",62.5,15.74,450,"1992-11-07 2021-11-21",-7.32,5.83,450,"1992-11-07 2021-11-21",3.06,3.42,450,"1992-11-07 2021-11-21",0.61,1.64,444,"1992-11-07 2021-11-21",,,,,,,,,,,,,,,,
2022-11-13,-4.44,5.33,450,"1992-11-06 2021-11-20",87.55,9.71,450,"1992-11-06 2021-11-20",0.97,6.61,450,"1992-11-06 2021-11-20",20.21,7.99,450,"1992-11-06 2021-11-20",-9.74,5.5,450,"1992-11-06 2021-11-20",62.39,15.89,450,"1992-11-06 2021-11-20",-7.03,5.66,450,"1992-11-06 2021-11-20",3.07,3.4,450,"1992-11-06 2021-11-20",0.64,1.69,445,"1992-11-06 2021-11-20",,,,,,,,,,,,,,,,
2022-11-12,-4.18,5.1,450,"1992-11-05 2021-11-19",87.59,9.75,450,"1992-11-05 2021-11-19",1.32,6.5,450,"1992-11-05 2021-11-19",20.22,7.89,450,"1992-11-05 2021-11-19",-9.38,5.25,450,"1992-11-05 2021-11-19",62.13,16.12,450,"1992-11-05 2021-11-19",-6.65,5.53,450,"1992-11-05 2021-11-19",3.02,3.4,450,"1992-11-05 2021-11-19",0.64,1.65,444,"1992-11-05 2021-11-19",,,,,,,,,,,,,,,,
2022-11-11,-3.89,4.98,450,"1992-11-04 2021-11-18",87.79,9.7,450,"1992-11-04 2021-11-18",1.66,6.43,450,"1992-11-04 2021-11-18",20.25,7.91,450,"1992-11-04 2021-11-18",-9.16,5.13,450,"1992-11-04 2021-11-18",61.69,16.25,450,"1992-11-04 2021-11-18",-6.38,5.44,450,"1992-11-04 2021-11-18",3,3.36,450,"1992-11-04 2021-11-18",0.65,1.63,445,"1992-11-04 2021-11-18",,,,,,,,,,,,,,,,
2022-11-10,-3.68,4.89,450,"1992-11-03 2021-11-17",87.82,9.71,450,"1992-11-03 2021-11-17",1.97,6.42,450,"1992-11-03 2021-11-17",19.98,7.52,450,"1992-11-03 2021-11-17",-8.91,5.06,450,"1992-11-03 2021-11-17",61.35,16.64,450,"1992-11-03 2021-11-17",-6.14,5.37,450,"1992-11-03 2021-11-17",2.92,3.34,450,"1992-11-03 2021-11-17",0.65,1.67,444,"1992-11-03 2021-11-17",,,,,,,,,,,,,,,,
2022-11-09,-3.44,4.82,449,"1992-11-02 2021-11-16",87.77,9.92,449,"1992-11-02 2021-11-16",2.3,6.31,450,"1992-11-02 2021-11-16",19.86,7.38,450,"1992-11-02 2021-11-16",-8.63,5.02,449,"1992-11-02 2021-11-16",61.1,16.82,449,"1992-11-02 2021-11-16",-5.82,5.31,450,"1992-11-02 2021-11-16",2.93,3.27,450,"1992-11-02 2021-11-16",0.67,1.71,443,"1992-11-02 2021-11-16",,,,,,,,,,,,,,,,
2022-11-08,-3.27,4.76,449,"1992-11-01 2021-11-15",87.49,10.22,449,"1992-11-01 2021-11-15",2.62,6.25,450,"1992-11-01 2021-11-15",19.92,7.31,450,"1992-11-01 2021-11-15",-8.41,4.99,449,"1992-11-01 2021-11-15",60.39,17.15,449,"1992-11-01 2021-11-15",-5.51,5.28,450,"1992-11-01 2021-11-15",2.96,3.3,450,"1992-11-01 2021-11-15",0.68,1.68,443,"1992-11-01 2021-11-15",,,,,,,,,,,,,,,,
2022-11-07,-3.13,4.72,449,"1992-10-31 2021-11-14",87.28,10.24,449,"1992-10-31 2021-11-14",2.87,6.23,450,"1992-10-31 2021-11-14",20.05,7.34,450,"1992-10-31 2021-11-14",-8.27,4.99,449,"1992-10-31 2021-11-14",59.71,17.12,449,"1992-10-31 2021-11-14",-5.31,5.27,450,"1992-10-31 2021-11-14",2.94,3.27,450,"1992-10-31 2021-11-14",0.65,1.61,443,"1992-10-31 2021-11-14",,,,,,,,,,,,,,,,
2022-11-06,-3.07,4.72,449,"1992-10-30 2021-11-13",86.99,10.44,449,"1992-10-30 2021-11-13",3.09,6.24,450,"1992-10-30 2021-11-13",20.07,7.37,450,"1992-10-30 2021-11-13",-8.15,5,449,"1992-10-30 2021-11-13",59.22,17.2,449,"1992-10-30 2021-11-13",-5.21,5.26,450,"1992-10-30 2021-11-13",3.02,3.33,450,"1992-10-30 2021-11-13",0.65,1.61,442,"1992-10-30 2021-11-13",,,,,,,,,,,,,,,,
2022-11-05,-3.01,4.7,449,"1992-10-29 2021-11-12",86.89,10.53,449,"1992-10-29 2021-11-12",3.17,6.22,450,"1992-10-29 2021-11-12",20.23,7.09,450,"1992-10-29 2021-11-12",-8.07,5.02,449,"1992-10-29 2021-11-12",58.98,17.14,449,"1992-10-29 2021-11-12",-5.1,5.29,450,"1992-10-29 2021-11-12",3.14,3.38,450,"1992-10-29 2021-11-12",0.63,1.59,442,"1992-10-29 2021-11-12",,,,,,,,,,,,,,,,
2022-11-04,-2.87,4.7,449,"1992-10-28 2021-11-11",86.85,10.54,449,"1992-10-28 2021-11-11",3.36,6.25,450,"1992-10-28 2021-11-11",20.65,7.49,450,"1992-10-28 2021-11-11",-7.9,4.98,449,"1992-10-28 2021-11-11",58.78,17.38,449,"1992-10-28 2021-11-11",-4.88,5.21,450,"1992-10-28 2021-11-11",3.12,3.44,450,"1992-10-28 2021-11-11",0.67,1.66,442,"1992-10-28 2021-11-11",,,,,,,,,,,,,,,,
2022-11-03,-2.52,4.59,449,"1992-10-27 2021-11-10",86.68,10.96,449,"1992-10-27 2021-11-10",3.9,6.22,450,"1992-10-27 2021-11-10",21.23,8.09,450,"1992-10-27 2021-11-10",-7.6,4.8,449,"1992-10-27 2021-11-10",58,17.92,449,"1992-10-27 2021-11-10",-4.46,5.03,450,"1992-10-27 2021-11-10",3.28,3.47,450,"1992-10-27 2021-11-10",0.69,1.66,442,"1992-10-27 2021-11-10",,,,,,,,,,,,,,,,
2022-11-02,-2.11,4.43,449,"1992-10-26 2021-11-09",86.44,11.29,449,"1992-10-26 2021-11-09",4.44,6.03,450,"1992-10-26 2021-11-09",21.55,8.34,450,"1992-10-26 2021-11-09",-7.34,4.67,449,"1992-10-26 2021-11-09",56.92,18.25,449,"1992-10-26 2021-11-09",-3.99,4.92,450,"1992-10-26 2021-11-09",3.27,3.47,450,"1992-10-26 2021-11-09",0.65,1.54,443,"1992-10-26 2021-11-09",,,,,,,,,,,,,,,,
2022-11-01,-1.81,4.38,449,"1992-10-25 2021-11-08",86.15,11.57,449,"1992-10-25 2021-11-08",4.96,5.93,450,"1992-10-25 2021-11-08",21.87,8.6,450,"1992-10-25 2021-11-08",-6.98,4.6,449,"1992-10-25 2021-11-08",56.08,18.56,449,"1992-10-25 2021-11-08",-3.58,4.77,450,"1992-10-25 2021-11-08",3.35,3.7,450,"1992-10-25 2021-11-08",0.61,1.48,442,"1992-10-25 2021-11-08",,,,,,,,,,,,,,,,
2022-10-31,-1.51,4.31,449,"1992-10-24 2021-11-07",85.81,11.86,449,"1992-10-24 2021-11-07",5.5,6,450,"1992-10-24 2021-11-07",22.34,8.97,450,"1992-10-24 2021-11-07",-6.71,4.57,449,"1992-10-24 2021-11-07",55.16,18.55,449,"1992-10-24 2021-11-07",-3.19,4.74,450,"1992-10-24 2021-11-07",3.44,3.69,450,"1992-10-24 2021-11-07",0.59,1.47,442,"1992-10-24 2021-11-07",,,,,,,,,,,,,,,,
2022-10-30,-1.25,4.27,448,"1992-10-23 2021-11-06",85.65,11.94,448,"1992-10-23 2021-11-06",5.99,6.14,450,"1992-10-23 2021-11-06",22.54,9.22,450,"1992-10-23 2021-11-06",-6.46,4.59,448,"1992-10-23 2021-11-06",54.43,18.91,448,"1992-10-23 2021-11-06",-2.83,4.71,450,"1992-10-23 2021-11-06",3.31,3.68,450,"1992-10-23 2021-11-06",0.64,1.76,443,"1992-10-23 2021-11-06",,,,,,,,,,,,,,,,
2022-10-29,-1.03,4.24,447,"1992-10-22 2021-11-05",85.36,12.04,447,"1992-10-22 2021-11-05",6.51,6.22,450,"1992-10-22 2021-11-05",22.72,9.23,450,"1992-10-22 2021-11-05",-6.24,4.5,447,"1992-10-22 2021-11-05",53.54,19.02,447,"1992-10-22 2021-11-05",-2.52,4.6,450,"1992-10-22 2021-11-05",3.32,3.71,450,"1992-10-22 2021-11-05",0.64,1.75,443,"1992-10-22 2021-11-05",,,,,,,,,,,,,,,,
2022-10-28,-0.79,4.2,446,"1992-10-21 2021-11-04",85.17,12.14,446,"1992-10-21 2021-11-04",6.92,6.18,450,"1992-10-21 2021-11-04",22.81,9.31,450,"1992-10-21 2021-11-04",-6.06,4.36,446,"1992-10-21 2021-11-04",52.64,18.97,446,"1992-10-21 2021-11-04",-2.23,4.38,450,"1992-10-21 2021-11-04",3.3,3.74,450,"1992-10-21 2021-11-04",0.62,1.75,444,"1992-10-21 2021-11-04",,,,,,,,,,,,,,,,
2022-10-27,-0.58,4.11,445,"1992-10-20 2021-11-03",84.84,12.21,445,"1992-10-20 2021-11-03",7.32,6.08,450,"1992-10-20 2021-11-03",22.93,9.28,450,"1992-10-20 2021-11-03",-5.85,4.3,445,"1992-10-20 2021-11-03",51.98,19.04,445,"1992-10-20 2021-11-03",-1.91,4.31,450,"1992-10-20 2021-11-03",3.28,3.76,450,"1992-10-20 2021-11-03",0.57,1.7,443,"1992-10-20 2021-11-03",,,,,,,,,,,,,,,,
2022-10-26,-0.4,4.05,444,"1992-10-19 2021-11-02",84.46,12.39,444,"1992-10-19 2021-11-02",7.68,6.01,450,"1992-10-19 2021-11-02",23.13,9.28,450,"1992-10-19 2021-11-02",-5.63,4.28,444,"1992-10-19 2021-11-02",51.41,18.92,444,"1992-10-19 2021-11-02",-1.61,4.24,450,"1992-10-19 2021-11-02",3.31,3.78,450,"1992-10-19 2021-11-02",0.56,1.67,444,"1992-10-19 2021-11-02",,,,,,,,,,,,,,,,
2022-10-25,-0.24,3.98,445,"1992-10-18 2021-11-01",84.16,12.52,445,"1992-10-18 2021-11-01",8.05,6.01,450,"1992-10-18 2021-11-01",23.32,9.24,450,"1992-10-18 2021-11-01",-5.47,4.21,445,"1992-10-18 2021-11-01",50.55,18.58,445,"1992-10-18 2021-11-01",-1.36,4.11,450,"1992-10-18 2021-11-01",3.22,3.77,450,"1992-10-18 2021-11-01",0.55,1.65,445,"1992-10-18 2021-11-01",,,,,,,,,,,,,,,,
2022-10-24,-0.05,4,444,"1992-10-17 2021-10-31",83.98,12.47,444,"1992-10-17 2021-10-31",8.44,6.05,450,"1992-10-17 2021-10-31",23.54,9.43,450,"1992-10-17 2021-10-31",-5.3,4.24,444,"1992-10-17 2021-10-31",49.99,18.38,444,"1992-10-17 2021-10-31",-1.15,4.11,450,"1992-10-17 2021-10-31",3.18,3.78,450,"1992-10-17 2021-10-31",0.55,1.67,446,"1992-10-17 2021-10-31",,,,,,,,,,,,,,,,
2022-10-23,0.07,4,444,"1992-10-16 2021-10-30",83.91,12.57,444,"1992-10-16 2021-10-30",8.79,6.06,450,"1992-10-16 2021-10-30",23.41,9.5,450,"1992-10-16 2021-10-30",-5.14,4.25,444,"1992-10-16 2021-10-30",49.45,18.83,444,"1992-10-16 2021-10-30",-0.98,4.04,450,"1992-10-16 2021-10-30",3.11,3.73,450,"1992-10-16 2021-10-30",0.57,1.85,446,"1992-10-16 2021-10-30",,,,,,,,,,,,,,,,
2022-10-22,0.29,3.92,444,"1992-10-15 2021-10-29",84.03,12.55,444,"1992-10-15 2021-10-29",9.08,5.98,450,"1992-10-15 2021-10-29",23.58,9.58,450,"1992-10-15 2021-10-29",-4.9,4.17,444,"1992-10-15 2021-10-29",49.14,18.9,444,"1992-10-15 2021-10-29",-0.72,3.9,450,"1992-10-15 2021-10-29",3.08,3.71,450,"1992-10-15 2021-10-29",0.58,1.86,447,"1992-10-15 2021-10-29",,,,,,,,,,,,,,,,
2022-10-21,0.54,3.79,444,"1992-10-14 2021-10-28",83.86,12.69,444,"1992-10-14 2021-10-28",9.47,5.86,450,"1992-10-14 2021-10-28",23.55,9.61,450,"1992-10-14 2021-10-28",-4.65,4.07,444,"1992-10-14 2021-10-28",48.72,18.91,444,"1992-10-14 2021-10-28",-0.45,3.68,450,"1992-10-14 2021-10-28",2.99,3.6,450,"1992-10-14 2021-10-28",0.61,1.95,447,"1992-10-14 2021-10-28",,,,,,,,,,,,,,,,
2022-10-20,0.75,3.76,444,"1992-10-13 2021-10-27",83.8,12.71,444,"1992-10-13 2021-10-27",9.79,5.74,450,"1992-10-13 2021-10-27",23.46,9.65,450,"1992-10-13 2021-10-27",-4.44,3.99,444,"1992-10-13 2021-10-27",48.12,18.36,444,"1992-10-13 2021-10-27",-0.23,3.55,450,"1992-10-13 2021-10-27",3.05,3.57,450,"1992-10-13 2021-10-27",0.58,1.91,447,"1992-10-13 2021-10-27",,,,,,,,,,,,,,,,
2022-10-19,0.83,3.76,444,"1992-10-12 2021-10-26",83.81,12.55,444,"1992-10-12 2021-10-26",9.92,5.7,450,"1992-10-12 2021-10-26",23.2,9.4,450,"1992-10-12 2021-10-26",-4.32,3.9,444,"1992-10-12 2021-10-26",48.06,17.92,444,"1992-10-12 2021-10-26",-0.16,3.52,450,"1992-10-12 2021-10-26",2.97,3.56,450,"1992-10-12 2021-10-26",0.58,1.94,447,"1992-10-12 2021-10-26",,,,,,,,,,,,,,,,
2022-10-18,0.88,3.71,444,"1992-10-11 2021-10-25",83.77,12.45,444,"1992-10-11 2021-10-25",9.99,5.68,450,"1992-10-11 2021-10-25",23.06,9.32,450,"1992-10-11 2021-10-25",-4.18,3.8,444,"1992-10-11 2021-10-25",48.15,17.92,444,"1992-10-11 2021-10-25",-0.08,3.51,450,"1992-10-11 2021-10-25",2.88,3.53,450,"1992-10-11 2021-10-25",0.59,1.94,447,"1992-10-11 2021-10-25",,,,,,,,,,,,,,,,
2022-10-17,1.03,3.67,443,"1992-10-10 2021-10-24",83.69,12.35,443,"1992-10-10 2021-10-24",10.2,5.82,450,"1992-10-10 2021-10-24",23.12,9.23,450,"1992-10-10 2021-10-24",-4.06,3.72,443,"1992-10-10 2021-10-24",47.93,17.72,443,"1992-10-10 2021-10-24",0.12,3.56,450,"1992-10-10 2021-10-24",2.8,3.35,450,"1992-10-10 2021-10-24",0.6,1.95,448,"1992-10-10 2021-10-24",,,,,,,,,,,,,,,,
2022-10-16,1.08,3.7,443,"1992-10-09 2021-10-23",83.61,12.17,443,"1992-10-09 2021-10-23",10.36,5.82,450,"1992-10-09 2021-10-23",22.98,8.95,450,"1992-10-09 2021-10-23",-3.97,3.77,443,"1992-10-09 2021-10-23",47.58,17.78,443,"1992-10-09 2021-10-23",0.19,3.59,450,"1992-10-09 2021-10-23",2.8,3.38,450,"1992-10-09 2021-10-23",0.62,1.99,449,"1992-10-09 2021-10-23",,,,,,,,,,,,,,,,
2022-10-15,1.2,3.7,444,"1992-10-08 2021-10-22",83.44,12.13,444,"1992-10-08 2021-10-22",10.5,5.82,450,"1992-10-08 2021-10-22",23.18,8.79,450,"1992-10-08 2021-10-22",-3.9,3.82,444,"1992-10-08 2021-10-22",47.18,17.54,444,"1992-10-08 2021-10-22",0.29,3.6,450,"1992-10-08 2021-10-22",2.92,3.47,450,"1992-10-08 2021-10-22",0.54,1.69,449,"1992-10-08 2021-10-22",,,,,,,,,,,,,,,,
2022-10-14,1.38,3.71,445,"1992-10-07 2021-10-21",83.45,12.2,445,"1992-10-07 2021-10-21",10.75,5.85,450,"1992-10-07 2021-10-21",23.5,8.93,450,"1992-10-07 2021-10-21",-3.71,3.84,445,"1992-10-07 2021-10-21",46.74,17.4,445,"1992-10-07 2021-10-21",0.5,3.6,450,"1992-10-07 2021-10-21",2.93,3.56,450,"1992-10-07 2021-10-21",0.53,1.67,449,"1992-10-07 2021-10-21",,,,,,,,,,,,,,,,
2022-10-13,1.54,3.74,446,"1992-10-06 2021-10-20",83.3,12.18,446,"1992-10-06 2021-10-20",11,5.86,450,"1992-10-06 2021-10-20",23.56,8.92,450,"1992-10-06 2021-10-20",-3.52,3.87,446,"1992-10-06 2021-10-20",46.67,17.46,446,"1992-10-06 2021-10-20",0.7,3.63,450,"1992-10-06 2021-10-20",2.98,3.52,450,"1992-10-06 2021-10-20",0.53,1.66,448,"1992-10-06 2021-10-20",,,,,,,,,,,,,,,,
2022-10-12,1.65,3.8,446,"1992-10-05 2021-10-19",83.47,12.15,446,"1992-10-05 2021-10-19",11.25,5.89,450,"1992-10-05 2021-10-19",23.61,8.91,450,"1992-10-05 2021-10-19",-3.4,3.87,446,"1992-10-05 2021-10-19",46.11,17.24,446,"1992-10-05 2021-10-19",0.78,3.63,450,"1992-10-05 2021-10-19",3.06,3.59,450,"1992-10-05 2021-10-19",0.54,1.69,448,"1992-10-05 2021-10-19",,,,,,,,,,,,,,,,
2022-10-11,1.88,3.92,447,"1992-10-04 2021-10-18",83.95,11.96,447,"1992-10-04 2021-10-18",11.45,5.94,450,"1992-10-04 2021-10-18",23.53,8.84,450,"1992-10-04 2021-10-18",-3.24,3.92,447,"1992-10-04 2021-10-18",45.91,16.96,447,"1992-10-04 2021-10-18",0.89,3.66,450,"1992-10-04 2021-10-18",3.03,3.59,450,"1992-10-04 2021-10-18",0.54,1.67,447,"1992-10-04 2021-10-18",,,,,,,,,,,,,,,,
2022-10-10,2.07,3.96,447,"1992-10-03 2021-10-17",84.27,11.64,447,"1992-10-03 2021-10-17",11.59,5.89,450,"1992-10-03 2021-10-17",23.52,8.8,450,"1992-10-03 2021-10-17",-3.09,3.93,447,"1992-10-03 2021-10-17",45.98,16.78,447,"1992-10-03 2021-10-17",0.96,3.72,450,"1992-10-03 2021-10-17",3.04,3.62,450,"1992-10-03 2021-10-17",0.52,1.62,447,"1992-10-03 2021-10-17",,,,,,,,,,,,,,,,
2022-10-09,2.26,3.9,448,"1992-10-02 2021-10-16",84.59,11.49,448,"1992-10-02 2021-10-16",11.75,5.93,450,"1992-10-02 2021-10-16",23.52,8.58,450,"1992-10-02 2021-10-16",-2.93,3.89,448,"1992-10-02 2021-10-16",45.92,16.66,448,"1992-10-02 2021-10-16",1.08,3.72,450,"1992-10-02 2021-10-16",3.14,3.75,450,"1992-10-02 2021-10-16",0.53,1.62,447,"1992-10-02 2021-10-16",,,,,,,,,,,,,,,,
2022-10-08,2.49,3.85,448,"1992-10-01 2021-10-15",84.67,11.43,448,"1992-10-01 2021-10-15",11.94,5.97,450,"1992-10-01 2021-10-15",23.71,8.52,450,"1992-10-01 2021-10-15",-2.73,3.84,448,"1992-10-01 2021-10-15",46.03,16.35,448,"1992-10-01 2021-10-15",1.31,3.72,450,"1992-10-01 2021-10-15",3.2,3.85,450,"1992-10-01 2021-10-15",0.57,1.65,447,"1992-10-01 2021-10-15",,,,,,,,,,,,,,,,
2022-10-07,2.72,3.89,448,"1992-09-30 2021-10-14",84.46,11.47,448,"1992-09-30 2021-10-14",12.24,6.04,450,"1992-09-30 2021-10-14",23.73,8.59,450,"1992-09-30 2021-10-14",-2.59,3.88,448,"1992-09-30 2021-10-14",45.7,15.92,448,"1992-09-30 2021-10-14",1.53,3.76,450,"1992-09-30 2021-10-14",3.16,3.81,450,"1992-09-30 2021-10-14",0.58,1.65,447,"1992-09-30 2021-10-14",,,,,,,,,,,,,,,,
2022-10-06,2.93,3.93,448,"1992-09-29 2021-10-13",84.23,11.29,448,"1992-09-29 2021-10-13",12.6,6.13,450,"1992-09-29 2021-10-13",23.82,8.64,450,"1992-09-29 2021-10-13",-2.42,3.91,448,"1992-09-29 2021-10-13",45.07,15.69,448,"1992-09-29 2021-10-13",1.81,3.85,450,"1992-09-29 2021-10-13",3.15,3.8,450,"1992-09-29 2021-10-13",0.59,1.7,446,"1992-09-29 2021-10-13",,,,,,,,,,,,,,,,
2022-10-05,3.17,3.92,448,"1992-09-28 2021-10-12",84.07,11.1,448,"1992-09-28 2021-10-12",13.02,6.12,450,"1992-09-28 2021-10-12",23.84,8.5,450,"1992-09-28 2021-10-12",-2.2,3.9,448,"1992-09-28 2021-10-12",44.56,15.54,448,"1992-09-28 2021-10-12",2.14,3.9,450,"1992-09-28 2021-10-12",3.14,3.79,450,"1992-09-28 2021-10-12",0.62,1.89,446,"1992-09-28 2021-10-12",,,,,,,,,,,,,,,,
2022-10-04,3.46,3.88,448,"1992-09-27 2021-10-11",83.91,11.07,448,"1992-09-27 2021-10-11",13.45,6.15,450,"1992-09-27 2021-10-11",24.03,8.44,450,"1992-09-27 2021-10-11",-1.92,3.88,448,"1992-09-27 2021-10-11",44.08,15.5,448,"1992-09-27 2021-10-11",2.47,3.88,450,"1992-09-27 2021-10-11",3.15,3.77,450,"1992-09-27 2021-10-11",0.6,1.87,446,"1992-09-27 2021-10-11",,,,,,,,,,,,,,,,
2022-10-03,3.79,3.83,448,"1992-09-26 2021-10-10",83.87,11.1,448,"1992-09-26 2021-10-10",13.91,6.04,450,"1992-09-26 2021-10-10",24.26,8.51,450,"1992-09-26 2021-10-10",-1.61,3.85,448,"1992-09-26 2021-10-10",43.81,15.36,448,"1992-09-26 2021-10-10",2.81,3.91,450,"1992-09-26 2021-10-10",3.22,3.76,450,"1992-09-26 2021-10-10",0.63,1.95,446,"1992-09-26 2021-10-10",,,,,,,,,,,,,,,,
2022-10-02,4.06,3.81,449,"1992-09-25 2021-10-09",83.94,10.96,449,"1992-09-25 2021-10-09",14.38,6.04,450,"1992-09-25 2021-10-09",24.19,8.46,450,"1992-09-25 2021-10-09",-1.3,3.89,449,"1992-09-25 2021-10-09",43.31,15.16,449,"1992-09-25 2021-10-09",3.09,3.92,450,"1992-09-25 2021-10-09",3.17,3.75,450,"1992-09-25 2021-10-09",0.62,1.96,446,"1992-09-25 2021-10-09",,,,,,,,,,,,,,,,
2022-10-01,4.38,3.72,448,"1992-09-24 2021-10-08",84.11,10.89,448,"1992-09-24 2021-10-08",14.81,6,450,"1992-09-24 2021-10-08",24.14,8.43,450,"1992-09-24 2021-10-08",-1.04,3.81,448,"1992-09-24 2021-10-08",42.85,14.74,448,"1992-09-24 2021-10-08",3.37,3.91,450,"1992-09-24 2021-10-08",3.06,3.71,450,"1992-09-24 2021-10-08",0.58,1.85,445,"1992-09-24 2021-10-08",,,,,,,,,,,,,,,,
2022-09-30,4.63,3.71,447,"1992-09-23 2021-10-07",84.21,10.79,447,"1992-09-23 2021-10-07",15.23,5.97,450,"1992-09-23 2021-10-07",24.03,8.51,450,"1992-09-23 2021-10-07",-0.74,3.74,447,"1992-09-23 2021-10-07",42.76,14.31,447,"1992-09-23 2021-10-07",3.62,3.89,450,"1992-09-23 2021-10-07",3.07,3.7,450,"1992-09-23 2021-10-07",0.57,1.85,445,"1992-09-23 2021-10-07",,,,,,,,,,,,,,,,
2022-09-29,4.83,3.7,446,"1992-09-22 2021-10-06",84.38,10.66,446,"1992-09-22 2021-10-06",15.45,6.07,450,"1992-09-22 2021-10-06",23.82,8.37,450,"1992-09-22 2021-10-06",-0.51,3.78,446,"1992-09-22 2021-10-06",43.02,14.36,446,"1992-09-22 2021-10-06",3.82,3.92,450,"1992-09-22 2021-10-06",3.04,3.63,450,"1992-09-22 2021-10-06",0.59,1.94,445,"1992-09-22 2021-10-06",,,,,,,,,,,,,,,,
2022-09-28,4.96,3.67,445,"1992-09-21 2021-10-05",84.68,10.52,445,"1992-09-21 2021-10-05",15.63,6.15,450,"1992-09-21 2021-10-05",23.7,8.24,450,"1992-09-21 2021-10-05",-0.32,3.76,445,"1992-09-21 2021-10-05",43.07,14.46,445,"1992-09-21 2021-10-05",3.91,3.86,450,"1992-09-21 2021-10-05",3.03,3.65,450,"1992-09-21 2021-10-05",0.64,2.1,446,"1992-09-21 2021-10-05",,,,,,,,,,,,,,,,
2022-09-27,5.16,3.6,445,"1992-09-20 2021-10-04",84.71,10.44,445,"1992-09-20 2021-10-04",15.75,6.12,450,"1992-09-20 2021-10-04",23.81,8.32,450,"1992-09-20 2021-10-04",-0.1,3.69,445,"1992-09-20 2021-10-04",43.39,14.45,445,"1992-09-20 2021-10-04",4.11,3.77,450,"1992-09-20 2021-10-04",3,3.63,450,"1992-09-20 2021-10-04",0.66,2.1,447,"1992-09-20 2021-10-04",,,,,,,,,,,,,,,,
2022-09-26,5.35,3.51,445,"1992-09-19 2021-10-03",84.66,10.48,445,"1992-09-19 2021-10-03",15.93,6.05,450,"1992-09-19 2021-10-03",23.93,8.34,450,"1992-09-19 2021-10-03",0.11,3.65,445,"1992-09-19 2021-10-03",43.72,14.74,445,"1992-09-19 2021-10-03",4.29,3.73,450,"1992-09-19 2021-10-03",3.04,3.63,450,"1992-09-19 2021-10-03",0.76,2.34,448,"1992-09-19 2021-10-03",,,,,,,,,,,,,,,,
2022-09-25,5.57,3.49,445,"1992-09-18 2021-10-02",84.78,10.47,445,"1992-09-18 2021-10-02",16.2,5.92,450,"1992-09-18 2021-10-02",23.98,8.45,450,"1992-09-18 2021-10-02",0.33,3.61,445,"1992-09-18 2021-10-02",43.7,14.98,445,"1992-09-18 2021-10-02",4.53,3.62,450,"1992-09-18 2021-10-02",3.06,3.62,450,"1992-09-18 2021-10-02",0.82,2.45,448,"1992-09-18 2021-10-02",,,,,,,,,,,,,,,,
2022-09-24,5.77,3.49,444,"1992-09-17 2021-10-01",84.87,10.48,444,"1992-09-17 2021-10-01",16.41,5.83,450,"1992-09-17 2021-10-01",23.87,8.46,450,"1992-09-17 2021-10-01",0.53,3.65,444,"1992-09-17 2021-10-01",43.63,15.05,444,"1992-09-17 2021-10-01",4.73,3.57,450,"1992-09-17 2021-10-01",2.95,3.45,450,"1992-09-17 2021-10-01",0.84,2.5,448,"1992-09-17 2021-10-01",,,,,,,,,,,,,,,,
2022-09-23,5.97,3.53,443,"1992-09-16 2021-09-30",84.97,10.35,443,"1992-09-16 2021-09-30",16.68,5.87,450,"1992-09-16 2021-09-30",23.74,8.39,450,"1992-09-16 2021-09-30",0.79,3.69,443,"1992-09-16 2021-09-30",43.65,15.17,443,"1992-09-16 2021-09-30",4.92,3.57,450,"1992-09-16 2021-09-30",2.9,3.39,450,"1992-09-16 2021-09-30",0.85,2.71,448,"1992-09-16 2021-09-30",,,,,,,,,,,,,,,,
2022-09-22,6.18,3.49,443,"1992-09-15 2021-09-29",85.34,10.28,443,"1992-09-15 2021-09-29",16.9,5.92,450,"1992-09-15 2021-09-29",23.56,8.29,450,"1992-09-15 2021-09-29",1.05,3.63,443,"1992-09-15 2021-09-29",43.96,15.68,443,"1992-09-15 2021-09-29",5.08,3.55,450,"1992-09-15 2021-09-29",2.98,3.56,450,"1992-09-15 2021-09-29",0.95,2.94,448,"1992-09-15 2021-09-29",,,,,,,,,,,,,,,,
2022-09-21,6.35,3.48,443,"1992-09-14 2021-09-28",85.56,10.4,443,"1992-09-14 2021-09-28",17.05,5.91,450,"1992-09-14 2021-09-28",23.43,8.21,450,"1992-09-14 2021-09-28",1.31,3.66,443,"1992-09-14 2021-09-28",44.32,15.76,443,"1992-09-14 2021-09-28",5.2,3.49,450,"1992-09-14 2021-09-28",2.96,3.59,450,"1992-09-14 2021-09-28",0.97,3.08,449,"1992-09-14 2021-09-28",,,,,,,,,,,,,,,,
2022-09-20,6.48,3.45,443,"1992-09-13 2021-09-27",85.85,10.31,443,"1992-09-13 2021-09-27",17.09,5.98,450,"1992-09-13 2021-09-27",23.17,8.01,450,"1992-09-13 2021-09-27",1.49,3.7,443,"1992-09-13 2021-09-27",44.69,15.97,443,"1992-09-13 2021-09-27",5.27,3.52,450,"1992-09-13 2021-09-27",2.94,3.57,450,"1992-09-13 2021-09-27",0.95,2.98,449,"1992-09-13 2021-09-27",,,,,,,,,,,,,,,,
2022-09-19,6.68,3.43,443,"1992-09-12 2021-09-26",86.15,10.29,443,"1992-09-12 2021-09-26",17.16,6.01,450,"1992-09-12 2021-09-26",23.1,8.01,450,"1992-09-12 2021-09-26",1.71,3.6,443,"1992-09-12 2021-09-26",45.14,16.04,443,"1992-09-12 2021-09-26",5.41,3.53,450,"1992-09-12 2021-09-26",3.05,3.68,450,"1992-09-12 2021-09-26",1.05,3.08,449,"1992-09-12 2021-09-26",,,,,,,,,,,,,,,,
2022-09-18,6.83,3.48,442,"1992-09-11 2021-09-25",86.34,10.13,442,"1992-09-11 2021-09-25",17.32,6.05,450,"1992-09-11 2021-09-25",22.94,7.84,450,"1992-09-11 2021-09-25",1.93,3.62,442,"1992-09-11 2021-09-25",45.39,16.17,442,"1992-09-11 2021-09-25",5.5,3.53,450,"1992-09-11 2021-09-25",3.17,3.78,450,"1992-09-11 2021-09-25",1.05,3.09,449,"1992-09-11 2021-09-25",,,,,,,,,,,,,,,,
2022-09-17,7.05,3.49,442,"1992-09-10 2021-09-24",86.84,9.93,442,"1992-09-10 2021-09-24",17.31,6.04,450,"1992-09-10 2021-09-24",22.92,7.88,450,"1992-09-10 2021-09-24",2.13,3.65,442,"1992-09-10 2021-09-24",45.97,16.22,442,"1992-09-10 2021-09-24",5.65,3.54,450,"1992-09-10 2021-09-24",3.19,3.82,450,"1992-09-10 2021-09-24",1.12,3.12,449,"1992-09-10 2021-09-24",,,,,,,,,,,,,,,,
2022-09-16,7.23,3.52,443,"1992-09-09 2021-09-23",87.14,9.7,443,"1992-09-09 2021-09-23",17.28,6.11,450,"1992-09-09 2021-09-23",22.84,7.83,450,"1992-09-09 2021-09-23",2.4,3.65,443,"1992-09-09 2021-09-23",46.79,16.46,443,"1992-09-09 2021-09-23",5.83,3.54,450,"1992-09-09 2021-09-23",3.34,3.84,450,"1992-09-09 2021-09-23",1.16,3.16,450,"1992-09-09 2021-09-23",,,,,,,,,,,,,,,,
2022-09-15,7.44,3.52,444,"1992-09-08 2021-09-22",87.45,9.79,444,"1992-09-08 2021-09-22",17.33,6.08,450,"1992-09-08 2021-09-22",22.96,7.71,450,"1992-09-08 2021-09-22",2.63,3.66,444,"1992-09-08 2021-09-22",47.27,16.78,444,"1992-09-08 2021-09-22",6,3.54,450,"1992-09-08 2021-09-22",3.32,3.81,450,"1992-09-08 2021-09-22",1.24,3.19,449,"1992-09-08 2021-09-22",,,,,,,,,,,,,,,,
2022-09-14,7.62,3.5,445,"1992-09-07 2021-09-21",87.51,9.76,445,"1992-09-07 2021-09-21",17.52,6.01,450,"1992-09-07 2021-09-21",22.86,7.79,450,"1992-09-07 2021-09-21",2.79,3.64,445,"1992-09-07 2021-09-21",47.21,16.79,445,"1992-09-07 2021-09-21",6.12,3.53,450,"1992-09-07 2021-09-21",3.28,3.76,450,"1992-09-07 2021-09-21",1.2,3.14,448,"1992-09-07 2021-09-21",,,,,,,,,,,,,,,,
2022-09-13,7.85,3.42,445,"1992-09-06 2021-09-20",87.53,9.93,445,"1992-09-06 2021-09-20",17.7,5.94,450,"1992-09-06 2021-09-20",22.9,7.91,450,"1992-09-06 2021-09-20",2.99,3.64,445,"1992-09-06 2021-09-20",47.18,16.68,445,"1992-09-06 2021-09-20",6.38,3.51,450,"1992-09-06 2021-09-20",3.29,3.76,450,"1992-09-06 2021-09-20",1.2,3.24,448,"1992-09-06 2021-09-20",,,,,,,,,,,,,,,,
2022-09-12,8.06,3.34,446,"1992-09-05 2021-09-19",87.54,10.07,446,"1992-09-05 2021-09-19",17.96,5.94,450,"1992-09-05 2021-09-19",22.71,7.7,450,"1992-09-05 2021-09-19",3.24,3.58,446,"1992-09-05 2021-09-19",47.16,16.68,446,"1992-09-05 2021-09-19",6.57,3.48,450,"1992-09-05 2021-09-19",3.22,3.7,450,"1992-09-05 2021-09-19",1.22,3.26,448,"1992-09-05 2021-09-19",,,,,,,,,,,,,,,,
2022-09-11,8.25,3.35,446,"1992-09-04 2021-09-18",87.61,9.95,446,"1992-09-04 2021-09-18",18.16,5.91,450,"1992-09-04 2021-09-18",22.68,7.75,450,"1992-09-04 2021-09-18",3.47,3.58,446,"1992-09-04 2021-09-18",47.03,16.51,446,"1992-09-04 2021-09-18",6.8,3.43,450,"1992-09-04 2021-09-18",3.18,3.72,450,"1992-09-04 2021-09-18",1.26,3.82,447,"1992-09-04 2021-09-18",,,,,,,,,,,,,,,,
2022-09-10,8.46,3.28,446,"1992-09-03 2021-09-17",87.51,10.08,446,"1992-09-03 2021-09-17",18.41,5.93,450,"1992-09-03 2021-09-17",22.71,7.69,450,"1992-09-03 2021-09-17",3.74,3.51,446,"1992-09-03 2021-09-17",47.07,16.46,446,"1992-09-03 2021-09-17",7.06,3.41,450,"1992-09-03 2021-09-17",3.23,3.76,450,"1992-09-03 2021-09-17",1.25,3.82,447,"1992-09-03 2021-09-17",,,,,,,,,,,,,,,,
2022-09-09,8.7,3.12,447,"1992-09-02 2021-09-16",87.42,10.11,447,"1992-09-02 2021-09-16",18.71,5.84,450,"1992-09-02 2021-09-16",22.77,7.69,450,"1992-09-02 2021-09-16",3.96,3.39,447,"1992-09-02 2021-09-16",46.95,16.45,447,"1992-09-02 2021-09-16",7.3,3.33,450,"1992-09-02 2021-09-16",3.24,3.81,450,"1992-09-02 2021-09-16",1.3,3.94,447,"1992-09-02 2021-09-16",,,,,,,,,,,,,,,,
2022-09-08,8.89,3.02,448,"1992-09-01 2021-09-15",87.43,10.28,448,"1992-09-01 2021-09-15",18.82,5.59,450,"1992-09-01 2021-09-15",22.89,7.74,450,"1992-09-01 2021-09-15",4.13,3.29,448,"1992-09-01 2021-09-15",46.99,16.29,448,"1992-09-01 2021-09-15",7.54,3.24,450,"1992-09-01 2021-09-15",3.35,3.87,450,"1992-09-01 2021-09-15",1.34,3.84,446,"1992-09-01 2021-09-15",,,,,,,,,,,,,,,,
2022-09-07,9.06,3,448,"1992-08-31 2021-09-14",87.5,10.15,448,"1992-08-31 2021-09-14",18.99,5.37,450,"1992-08-31 2021-09-14",23.01,7.65,450,"1992-08-31 2021-09-14",4.29,3.23,448,"1992-08-31 2021-09-14",46.78,16.04,448,"1992-08-31 2021-09-14",7.74,3.21,450,"1992-08-31 2021-09-14",3.36,3.78,450,"1992-08-31 2021-09-14",1.29,3.76,446,"1992-08-31 2021-09-14",,,,,,,,,,,,,,,,
2022-09-06,9.29,2.93,448,"1992-08-30 2021-09-13",87.76,9.84,448,"1992-08-30 2021-09-13",19.17,5.28,450,"1992-08-30 2021-09-13",23.15,7.68,450,"1992-08-30 2021-09-13",4.48,3.16,448,"1992-08-30 2021-09-13",46.85,16.06,448,"1992-08-30 2021-09-13",7.97,3.19,450,"1992-08-30 2021-09-13",3.44,3.78,450,"1992-08-30 2021-09-13",1.29,3.62,446,"1992-08-30 2021-09-13",,,,,,,,,,,,,,,,
2022-09-05,9.57,2.88,448,"1992-08-29 2021-09-12",87.82,9.83,448,"1992-08-29 2021-09-12",19.47,5.24,450,"1992-08-29 2021-09-12",23.35,7.7,450,"1992-08-29 2021-09-12",4.76,3.09,448,"1992-08-29 2021-09-12",46.86,15.98,448,"1992-08-29 2021-09-12",8.26,3.15,450,"1992-08-29 2021-09-12",3.42,3.77,450,"1992-08-29 2021-09-12",1.39,4.02,446,"1992-08-29 2021-09-12",,,,,,,,,,,,,,,,
2022-09-04,9.77,2.9,448,"1992-08-28 2021-09-11",87.9,9.63,448,"1992-08-28 2021-09-11",19.82,5.22,450,"1992-08-28 2021-09-11",23.38,7.69,450,"1992-08-28 2021-09-11",4.99,3.05,448,"1992-08-28 2021-09-11",46.44,15.8,448,"1992-08-28 2021-09-11",8.51,3.1,450,"1992-08-28 2021-09-11",3.27,3.71,450,"1992-08-28 2021-09-11",1.34,3.98,446,"1992-08-28 2021-09-11",,,,,,,,,,,,,,,,
2022-09-03,9.96,2.9,449,"1992-08-27 2021-09-10",88.01,9.53,449,"1992-08-27 2021-09-10",20.03,5.2,450,"1992-08-27 2021-09-10",23.17,7.66,450,"1992-08-27 2021-09-10",5.16,3.08,449,"1992-08-27 2021-09-10",46.28,15.56,449,"1992-08-27 2021-09-10",8.71,3.08,450,"1992-08-27 2021-09-10",3.1,3.63,450,"1992-08-27 2021-09-10",1.35,4.07,445,"1992-08-27 2021-09-10",,,,,,,,,,,,,,,,
2022-09-02,10.1,2.9,449,"1992-08-26 2021-09-09",87.89,9.51,449,"1992-08-26 2021-09-09",20.28,5.07,450,"1992-08-26 2021-09-09",23.06,7.71,450,"1992-08-26 2021-09-09",5.32,3.07,449,"1992-08-26 2021-09-09",46.07,15.22,449,"1992-08-26 2021-09-09",8.86,3.05,450,"1992-08-26 2021-09-09",3.03,3.57,450,"1992-08-26 2021-09-09",1.32,4.08,445,"1992-08-26 2021-09-09",,,,,,,,,,,,,,,,
2022-09-01,10.21,2.85,449,"1992-08-25 2021-09-08",87.61,9.66,449,"1992-08-25 2021-09-08",20.52,4.9,450,"1992-08-25 2021-09-08",23.09,7.74,450,"1992-08-25 2021-09-08",5.39,3.07,449,"1992-08-25 2021-09-08",45.57,14.75,449,"1992-08-25 2021-09-08",8.96,3.04,450,"1992-08-25 2021-09-08",2.89,3.48,450,"1992-08-25 2021-09-08",1.26,4.04,445,"1992-08-25 2021-09-08",,,,,,,,,,,,,,,,
2022-08-31,10.31,2.88,449,"1992-08-24 2021-09-07",87.66,9.54,449,"1992-08-24 2021-09-07",20.68,4.83,450,"1992-08-24 2021-09-07",22.93,7.69,450,"1992-08-24 2021-09-07",5.49,3.08,449,"1992-08-24 2021-09-07",45.17,14.26,449,"1992-08-24 2021-09-07",9.09,2.99,450,"1992-08-24 2021-09-07",2.92,3.49,450,"1992-08-24 2021-09-07",1.28,4.15,446,"1992-08-24 2021-09-07",,,,,,,,,,,,,,,,
2022-08-30,10.46,2.92,449,"1992-08-23 2021-09-06",87.67,9.46,449,"1992-08-23 2021-09-06",20.71,4.85,450,"1992-08-23 2021-09-06",23.07,7.71,450,"1992-08-23 2021-09-06",5.66,3.1,449,"1992-08-23 2021-09-06",45.46,14.42,449,"1992-08-23 2021-09-06",9.26,2.91,450,"1992-08-23 2021-09-06",2.89,3.49,450,"1992-08-23 2021-09-06",1.38,4.27,447,"1992-08-23 2021-09-06",,,,,,,,,,,,,,,,
2022-08-29,10.61,2.93,450,"1992-08-22 2021-09-05",87.67,9.26,450,"1992-08-22 2021-09-05",20.86,4.78,450,"1992-08-22 2021-09-05",23.1,7.61,450,"1992-08-22 2021-09-05",5.82,3.05,450,"1992-08-22 2021-09-05",45.43,14.43,450,"1992-08-22 2021-09-05",9.44,2.89,450,"1992-08-22 2021-09-05",2.87,3.49,450,"1992-08-22 2021-09-05",1.43,4.27,447,"1992-08-22 2021-09-05",,,,,,,,,,,,,,,,
2022-08-28,10.8,2.95,450,"1992-08-21 2021-09-04",87.56,9.19,450,"1992-08-21 2021-09-04",21.05,4.77,450,"1992-08-21 2021-09-04",23.34,7.77,450,"1992-08-21 2021-09-04",5.99,3.05,450,"1992-08-21 2021-09-04",45.54,14.4,450,"1992-08-21 2021-09-04",9.65,2.88,450,"1992-08-21 2021-09-04",2.89,3.5,450,"1992-08-21 2021-09-04",1.46,4.28,446,"1992-08-21 2021-09-04",,,,,,,,,,,,,,,,
2022-08-27,10.93,2.92,450,"1992-08-20 2021-09-03",87.41,9.26,450,"1992-08-20 2021-09-03",21.31,4.65,450,"1992-08-20 2021-09-03",23.23,7.65,450,"1992-08-20 2021-09-03",6.08,3.07,450,"1992-08-20 2021-09-03",45.06,14.15,450,"1992-08-20 2021-09-03",9.8,2.86,450,"1992-08-20 2021-09-03",2.87,3.44,450,"1992-08-20 2021-09-03",1.35,3.73,447,"1992-08-20 2021-09-03",,,,,,,,,,,,,,,,
2022-08-26,11.08,2.91,450,"1992-08-19 2021-09-02",87.52,9.1,450,"1992-08-19 2021-09-02",21.44,4.52,450,"1992-08-19 2021-09-02",23.11,7.57,450,"1992-08-19 2021-09-02",6.21,3.07,450,"1992-08-19 2021-09-02",44.92,13.82,450,"1992-08-19 2021-09-02",9.95,2.85,450,"1992-08-19 2021-09-02",2.8,3.38,450,"1992-08-19 2021-09-02",1.37,3.79,447,"1992-08-19 2021-09-02",,,,,,,,,,,,,,,,
2022-08-25,11.23,2.92,450,"1992-08-18 2021-09-01",87.46,9.11,450,"1992-08-18 2021-09-01",21.61,4.59,450,"1992-08-18 2021-09-01",23.17,7.74,450,"1992-08-18 2021-09-01",6.36,3.09,450,"1992-08-18 2021-09-01",44.87,13.68,450,"1992-08-18 2021-09-01",10.09,2.89,450,"1992-08-18 2021-09-01",2.78,3.32,450,"1992-08-18 2021-09-01",1.3,3.62,447,"1992-08-18 2021-09-01",,,,,,,,,,,,,,,,
2022-08-24,11.36,2.91,449,"1992-08-17 2021-08-31",87.49,8.91,449,"1992-08-17 2021-08-31",21.87,4.61,450,"1992-08-17 2021-08-31",23.06,7.71,450,"1992-08-17 2021-08-31",6.53,3.06,449,"1992-08-17 2021-08-31",44.57,13.44,449,"1992-08-17 2021-08-31",10.21,2.9,450,"1992-08-17 2021-08-31",2.68,3.2,450,"1992-08-17 2021-08-31",1.34,4.62,448,"1992-08-17 2021-08-31",,,,,,,,,,,,,,,,
2022-08-23,11.51,2.86,449,"1992-08-16 2021-08-30",87.34,9.01,449,"1992-08-16 2021-08-30",22.02,4.62,450,"1992-08-16 2021-08-30",22.95,7.69,450,"1992-08-16 2021-08-30",6.72,3.07,449,"1992-08-16 2021-08-30",44.73,13.43,449,"1992-08-16 2021-08-30",10.4,2.93,450,"1992-08-16 2021-08-30",2.56,3.1,450,"1992-08-16 2021-08-30",1.32,4.56,448,"1992-08-16 2021-08-30",,,,,,,,,,,,,,,,
2022-08-22,11.63,2.83,448,"1992-08-15 2021-08-29",87.37,9.01,448,"1992-08-15 2021-08-29",22.13,4.63,450,"1992-08-15 2021-08-29",22.84,7.54,450,"1992-08-15 2021-08-29",6.86,3.09,448,"1992-08-15 2021-08-29",44.68,13.37,448,"1992-08-15 2021-08-29",10.54,2.98,450,"1992-08-15 2021-08-29",2.53,3.13,450,"1992-08-15 2021-08-29",1.37,4.69,448,"1992-08-15 2021-08-29",,,,,,,,,,,,,,,,
2022-08-21,11.74,2.84,447,"1992-08-14 2021-08-28",87.29,9.05,447,"1992-08-14 2021-08-28",22.29,4.63,450,"1992-08-14 2021-08-28",22.94,7.87,450,"1992-08-14 2021-08-28",6.98,3.1,447,"1992-08-14 2021-08-28",44.63,13.32,447,"1992-08-14 2021-08-28",10.68,2.96,450,"1992-08-14 2021-08-28",2.59,3.14,450,"1992-08-14 2021-08-28",1.27,4.38,448,"1992-08-14 2021-08-28",,,,,,,,,,,,,,,,
2022-08-20,11.86,2.85,447,"1992-08-13 2021-08-27",87.19,9.13,447,"1992-08-13 2021-08-27",22.4,4.6,450,"1992-08-13 2021-08-27",22.85,7.74,450,"1992-08-13 2021-08-27",7.17,3.14,447,"1992-08-13 2021-08-27",45.01,13.55,447,"1992-08-13 2021-08-27",10.82,3,450,"1992-08-13 2021-08-27",2.66,3.23,450,"1992-08-13 2021-08-27",1.28,4.38,448,"1992-08-13 2021-08-27",,,,,,,,,,,,,,,,
2022-08-19,11.92,2.85,446,"1992-08-12 2021-08-26",87.19,9.24,446,"1992-08-12 2021-08-26",22.45,4.59,450,"1992-08-12 2021-08-26",22.92,7.69,450,"1992-08-12 2021-08-26",7.25,3.16,446,"1992-08-12 2021-08-26",45.24,13.82,446,"1992-08-12 2021-08-26",10.93,2.98,450,"1992-08-12 2021-08-26",2.76,3.26,450,"1992-08-12 2021-08-26",1.38,4.4,449,"1992-08-12 2021-08-26",,,,,,,,,,,,,,,,
2022-08-18,11.98,2.84,446,"1992-08-11 2021-08-25",87.28,9.33,446,"1992-08-11 2021-08-25",22.43,4.62,450,"1992-08-11 2021-08-25",22.86,7.58,450,"1992-08-11 2021-08-25",7.34,3.18,446,"1992-08-11 2021-08-25",45.54,14.23,446,"1992-08-11 2021-08-25",11.03,3.01,450,"1992-08-11 2021-08-25",2.83,3.27,450,"1992-08-11 2021-08-25",1.49,4.68,449,"1992-08-11 2021-08-25",,,,,,,,,,,,,,,,
2022-08-17,12.12,2.83,446,"1992-08-10 2021-08-24",87.45,9.35,446,"1992-08-10 2021-08-24",22.47,4.68,450,"1992-08-10 2021-08-24",22.81,7.48,450,"1992-08-10 2021-08-24",7.5,3.15,446,"1992-08-10 2021-08-24",45.94,14.38,446,"1992-08-10 2021-08-24",11.18,2.95,450,"1992-08-10 2021-08-24",2.95,3.29,450,"1992-08-10 2021-08-24",1.52,4.68,449,"1992-08-10 2021-08-24",,,,,,,,,,,,,,,,
2022-08-16,12.24,2.78,445,"1992-08-09 2021-08-23",87.28,9.39,445,"1992-08-09 2021-08-23",22.61,4.7,450,"1992-08-09 2021-08-23",22.82,7.49,450,"1992-08-09 2021-08-23",7.66,3.08,445,"1992-08-09 2021-08-23",46.14,14.57,445,"1992-08-09 2021-08-23",11.35,2.9,450,"1992-08-09 2021-08-23",2.88,3.26,450,"1992-08-09 2021-08-23",1.58,4.96,449,"1992-08-09 2021-08-23",,,,,,,,,,,,,,,,
2022-08-15,12.35,2.72,445,"1992-08-08 2021-08-22",87.48,9.27,445,"1992-08-08 2021-08-22",22.74,4.64,450,"1992-08-08 2021-08-22",22.69,7.46,450,"1992-08-08 2021-08-22",7.8,3.06,445,"1992-08-08 2021-08-22",46.08,14.45,445,"1992-08-08 2021-08-22",11.49,2.86,450,"1992-08-08 2021-08-22",2.94,3.27,450,"1992-08-08 2021-08-22",1.6,5.19,448,"1992-08-08 2021-08-22",,,,,,,,,,,,,,,,
2022-08-14,12.53,2.63,445,"1992-08-07 2021-08-21",87.59,9.47,445,"1992-08-07 2021-08-21",22.83,4.57,450,"1992-08-07 2021-08-21",22.79,7.41,450,"1992-08-07 2021-08-21",7.96,2.97,445,"1992-08-07 2021-08-21",46.4,14.43,445,"1992-08-07 2021-08-21",11.64,2.8,450,"1992-08-07 2021-08-21",2.96,3.27,450,"1992-08-07 2021-08-21",1.74,5.63,448,"1992-08-07 2021-08-21",,,,,,,,,,,,,,,,
2022-08-13,12.68,2.61,445,"1992-08-06 2021-08-20",87.86,9.3,445,"1992-08-06 2021-08-20",22.96,4.51,450,"1992-08-06 2021-08-20",22.55,7.26,450,"1992-08-06 2021-08-20",8.14,2.94,445,"1992-08-06 2021-08-20",46.47,14.51,445,"1992-08-06 2021-08-20",11.8,2.75,450,"1992-08-06 2021-08-20",2.96,3.29,450,"1992-08-06 2021-08-20",1.84,5.91,449,"1992-08-06 2021-08-20",,,,,,,,,,,,,,,,
2022-08-12,12.88,2.59,445,"1992-08-05 2021-08-19",88.13,9.22,445,"1992-08-05 2021-08-19",23.1,4.57,450,"1992-08-05 2021-08-19",22.62,7.31,450,"1992-08-05 2021-08-19",8.41,2.92,445,"1992-08-05 2021-08-19",46.95,14.53,445,"1992-08-05 2021-08-19",11.93,2.74,450,"1992-08-05 2021-08-19",2.92,3.32,450,"1992-08-05 2021-08-19",1.87,5.91,448,"1992-08-05 2021-08-19",,,,,,,,,,,,,,,,
2022-08-11,13.01,2.61,445,"1992-08-04 2021-08-18",88.13,9.28,445,"1992-08-04 2021-08-18",23.22,4.62,450,"1992-08-04 2021-08-18",22.68,7.39,450,"1992-08-04 2021-08-18",8.6,2.91,445,"1992-08-04 2021-08-18",47.26,14.59,445,"1992-08-04 2021-08-18",12.06,2.74,450,"1992-08-04 2021-08-18",2.99,3.38,450,"1992-08-04 2021-08-18",1.91,5.89,448,"1992-08-04 2021-08-18",,,,,,,,,,,,,,,,
2022-08-10,13.11,2.61,445,"1992-08-03 2021-08-17",88.25,9.24,445,"1992-08-03 2021-08-17",23.22,4.51,450,"1992-08-03 2021-08-17",22.54,7.15,450,"1992-08-03 2021-08-17",8.74,2.92,445,"1992-08-03 2021-08-17",47.64,14.51,445,"1992-08-03 2021-08-17",12.19,2.69,450,"1992-08-03 2021-08-17",3,3.39,450,"1992-08-03 2021-08-17",1.99,6.08,448,"1992-08-03 2021-08-17",,,,,,,,,,,,,,,,
2022-08-09,13.21,2.66,446,"1992-08-02 2021-08-16",88.27,9.26,446,"1992-08-02 2021-08-16",23.27,4.45,450,"1992-08-02 2021-08-16",22.53,7.1,450,"1992-08-02 2021-08-16",8.85,2.93,446,"1992-08-02 2021-08-16",47.86,14.33,446,"1992-08-02 2021-08-16",12.28,2.68,450,"1992-08-02 2021-08-16",3.02,3.39,450,"1992-08-02 2021-08-16",1.85,5.33,447,"1992-08-02 2021-08-16",,,,,,,,,,,,,,,,
2022-08-08,13.29,2.64,446,"1992-08-01 2021-08-15",88.29,9.24,446,"1992-08-01 2021-08-15",23.4,4.38,450,"1992-08-01 2021-08-15",22.92,7.36,450,"1992-08-01 2021-08-15",8.87,2.95,446,"1992-08-01 2021-08-15",47.54,14.13,446,"1992-08-01 2021-08-15",12.38,2.63,450,"1992-08-01 2021-08-15",3.13,3.46,450,"1992-08-01 2021-08-15",2.01,5.69,447,"1992-08-01 2021-08-15",,,,,,,,,,,,,,,,
2022-08-07,13.34,2.64,447,"1992-07-31 2021-08-14",88.06,9.41,447,"1992-07-31 2021-08-14",23.49,4.34,450,"1992-07-31 2021-08-14",23.07,7.52,450,"1992-07-31 2021-08-14",8.93,2.91,447,"1992-07-31 2021-08-14",47.43,13.8,447,"1992-07-31 2021-08-14",12.45,2.63,450,"1992-07-31 2021-08-14",3.18,3.53,450,"1992-07-31 2021-08-14",1.98,5.62,446,"1992-07-31 2021-08-14",,,,,,,,,,,,,,,,
2022-08-06,13.42,2.69,447,"1992-07-30 2021-08-13",88.06,9.33,447,"1992-07-30 2021-08-13",23.52,4.32,450,"1992-07-30 2021-08-13",23.18,7.37,450,"1992-07-30 2021-08-13",8.96,2.95,447,"1992-07-30 2021-08-13",47.43,13.68,447,"1992-07-30 2021-08-13",12.54,2.65,450,"1992-07-30 2021-08-13",3.2,3.68,450,"1992-07-30 2021-08-13",2.07,5.69,446,"1992-07-30 2021-08-13",,,,,,,,,,,,,,,,
2022-08-05,13.49,2.71,447,"1992-07-29 2021-08-12",88.11,9.45,447,"1992-07-29 2021-08-12",23.58,4.35,450,"1992-07-29 2021-08-12",23.19,7.54,450,"1992-07-29 2021-08-12",9,3,447,"1992-07-29 2021-08-12",47.27,13.75,447,"1992-07-29 2021-08-12",12.59,2.61,450,"1992-07-29 2021-08-12",3.18,3.63,450,"1992-07-29 2021-08-12",2.18,5.98,446,"1992-07-29 2021-08-12",,,,,,,,,,,,,,,,
2022-08-04,13.59,2.72,448,"1992-07-28 2021-08-11",87.96,9.44,448,"1992-07-28 2021-08-11",23.7,4.28,450,"1992-07-28 2021-08-11",23.23,7.51,450,"1992-07-28 2021-08-11",9.1,2.97,448,"1992-07-28 2021-08-11",47.15,13.51,448,"1992-07-28 2021-08-11",12.69,2.62,450,"1992-07-28 2021-08-11",3.06,3.58,450,"1992-07-28 2021-08-11",2.08,5.92,446,"1992-07-28 2021-08-11",,,,,,,,,,,,,,,,
2022-08-03,13.72,2.72,448,"1992-07-27 2021-08-10",87.96,9.43,448,"1992-07-27 2021-08-10",23.88,4.23,450,"1992-07-27 2021-08-10",23.4,7.54,450,"1992-07-27 2021-08-10",9.16,2.95,448,"1992-07-27 2021-08-10",46.75,13.17,448,"1992-07-27 2021-08-10",12.77,2.55,450,"1992-07-27 2021-08-10",2.99,3.58,450,"1992-07-27 2021-08-10",2.06,5.85,446,"1992-07-27 2021-08-10",,,,,,,,,,,,,,,,
2022-08-02,13.82,2.66,448,"1992-07-26 2021-08-09",88.1,9.36,448,"1992-07-26 2021-08-09",23.97,4.16,450,"1992-07-26 2021-08-09",23.5,7.7,450,"1992-07-26 2021-08-09",9.24,2.9,448,"1992-07-26 2021-08-09",46.67,13.06,448,"1992-07-26 2021-08-09",12.85,2.52,450,"1992-07-26 2021-08-09",2.91,3.58,450,"1992-07-26 2021-08-09",2.17,5.93,446,"1992-07-26 2021-08-09",,,,,,,,,,,,,,,,
2022-08-01,13.87,2.64,449,"1992-07-25 2021-08-08",88.12,9.36,449,"1992-07-25 2021-08-08",24,4.1,450,"1992-07-25 2021-08-08",23.55,7.7,450,"1992-07-25 2021-08-08",9.26,2.89,449,"1992-07-25 2021-08-08",46.74,13.11,449,"1992-07-25 2021-08-08",12.9,2.52,450,"1992-07-25 2021-08-08",2.9,3.61,450,"1992-07-25 2021-08-08",2.3,6.49,445,"1992-07-25 2021-08-08",,,,,,,,,,,,,,,,
2022-07-31,13.91,2.64,449,"1992-07-24 2021-08-07",88,9.46,449,"1992-07-24 2021-08-07",24.06,4.07,450,"1992-07-24 2021-08-07",23.62,7.59,450,"1992-07-24 2021-08-07",9.26,2.88,449,"1992-07-24 2021-08-07",46.67,13.17,449,"1992-07-24 2021-08-07",12.96,2.51,450,"1992-07-24 2021-08-07",2.87,3.58,450,"1992-07-24 2021-08-07",2.32,6.4,446,"1992-07-24 2021-08-07",,,,,,,,,,,,,,,,
2022-07-30,13.93,2.69,449,"1992-07-23 2021-08-06",87.84,9.45,449,"1992-07-23 2021-08-06",24.16,4.05,450,"1992-07-23 2021-08-06",23.73,7.73,450,"1992-07-23 2021-08-06",9.28,2.9,449,"1992-07-23 2021-08-06",46.39,12.9,449,"1992-07-23 2021-08-06",13,2.53,450,"1992-07-23 2021-08-06",2.85,3.58,450,"1992-07-23 2021-08-06",2.26,6.1,445,"1992-07-23 2021-08-06",,,,,,,,,,,,,,,,
2022-07-29,13.92,2.68,449,"1992-07-22 2021-08-05",87.78,9.41,449,"1992-07-22 2021-08-05",24.19,4.06,450,"1992-07-22 2021-08-05",23.82,7.72,450,"1992-07-22 2021-08-05",9.27,2.89,449,"1992-07-22 2021-08-05",46.2,12.67,449,"1992-07-22 2021-08-05",13.01,2.52,450,"1992-07-22 2021-08-05",2.86,3.56,450,"1992-07-22 2021-08-05",2.24,6.03,445,"1992-07-22 2021-08-05",,,,,,,,,,,,,,,,
2022-07-28,13.9,2.68,449,"1992-07-21 2021-08-04",87.67,9.52,449,"1992-07-21 2021-08-04",24.13,4.01,450,"1992-07-21 2021-08-04",23.89,7.72,450,"1992-07-21 2021-08-04",9.2,2.85,449,"1992-07-21 2021-08-04",46.18,12.68,449,"1992-07-21 2021-08-04",13.03,2.53,450,"1992-07-21 2021-08-04",2.89,3.55,450,"1992-07-21 2021-08-04",2.27,6.03,446,"1992-07-21 2021-08-04",,,,,,,,,,,,,,,,
2022-07-27,13.9,2.65,449,"1992-07-20 2021-08-03",87.86,9.43,449,"1992-07-20 2021-08-03",24.12,3.95,450,"1992-07-20 2021-08-03",24.09,7.78,450,"1992-07-20 2021-08-03",9.15,2.83,449,"1992-07-20 2021-08-03",45.99,12.51,449,"1992-07-20 2021-08-03",12.98,2.51,450,"1992-07-20 2021-08-03",2.86,3.54,450,"1992-07-20 2021-08-03",2.36,6.16,446,"1992-07-20 2021-08-03",,,,,,,,,,,,,,,,
2022-07-26,13.92,2.64,449,"1992-07-19 2021-08-02",88.1,9.27,449,"1992-07-19 2021-08-02",24.1,3.9,450,"1992-07-19 2021-08-02",24.1,8.08,450,"1992-07-19 2021-08-02",9.16,2.79,449,"1992-07-19 2021-08-02",45.95,12.38,449,"1992-07-19 2021-08-02",13,2.52,450,"1992-07-19 2021-08-02",2.84,3.54,450,"1992-07-19 2021-08-02",2.45,6.11,446,"1992-07-19 2021-08-02",,,,,,,,,,,,,,,,
2022-07-25,13.95,2.6,449,"1992-07-18 2021-08-01",88.3,9.23,449,"1992-07-18 2021-08-01",24.08,3.91,450,"1992-07-18 2021-08-01",24.34,8.21,450,"1992-07-18 2021-08-01",9.18,2.76,449,"1992-07-18 2021-08-01",46.08,12.48,449,"1992-07-18 2021-08-01",13.03,2.5,450,"1992-07-18 2021-08-01",2.82,3.5,450,"1992-07-18 2021-08-01",2.54,6.12,447,"1992-07-18 2021-08-01",,,,,,,,,,,,,,,,
2022-07-24,13.98,2.58,449,"1992-07-17 2021-07-31",88.46,9.11,449,"1992-07-17 2021-07-31",24.06,3.94,450,"1992-07-17 2021-07-31",24.18,8.16,450,"1992-07-17 2021-07-31",9.24,2.7,449,"1992-07-17 2021-07-31",46.29,12.56,449,"1992-07-17 2021-07-31",13.02,2.49,450,"1992-07-17 2021-07-31",2.75,3.43,450,"1992-07-17 2021-07-31",2.58,6.2,447,"1992-07-17 2021-07-31",,,,,,,,,,,,,,,,
2022-07-23,14.01,2.6,449,"1992-07-16 2021-07-30",88.58,9.1,449,"1992-07-16 2021-07-30",24.02,3.91,450,"1992-07-16 2021-07-30",24.17,8.12,450,"1992-07-16 2021-07-30",9.22,2.74,449,"1992-07-16 2021-07-30",46.46,12.87,449,"1992-07-16 2021-07-30",13,2.46,450,"1992-07-16 2021-07-30",2.68,3.28,450,"1992-07-16 2021-07-30",2.74,6.43,448,"1992-07-16 2021-07-30",,,,,,,,,,,,,,,,
2022-07-22,13.93,2.61,450,"1992-07-15 2021-07-29",88.53,9.08,450,"1992-07-15 2021-07-29",23.93,3.91,450,"1992-07-15 2021-07-29",24,8.03,450,"1992-07-15 2021-07-29",9.19,2.76,450,"1992-07-15 2021-07-29",46.51,13.04,450,"1992-07-15 2021-07-29",12.96,2.46,450,"1992-07-15 2021-07-29",2.68,3.15,450,"1992-07-15 2021-07-29",2.88,6.96,448,"1992-07-15 2021-07-29",,,,,,,,,,,,,,,,
2022-07-21,13.87,2.61,450,"1992-07-14 2021-07-28",88.6,8.93,450,"1992-07-14 2021-07-28",23.82,3.89,450,"1992-07-14 2021-07-28",24.13,8,450,"1992-07-14 2021-07-28",9.11,2.7,450,"1992-07-14 2021-07-28",46.59,12.9,450,"1992-07-14 2021-07-28",12.95,2.51,450,"1992-07-14 2021-07-28",2.73,3.11,450,"1992-07-14 2021-07-28",2.83,6.8,448,"1992-07-14 2021-07-28",,,,,,,,,,,,,,,,
2022-07-20,13.86,2.59,450,"1992-07-13 2021-07-27",88.7,8.98,450,"1992-07-13 2021-07-27",23.81,3.91,450,"1992-07-13 2021-07-27",24.28,8.07,450,"1992-07-13 2021-07-27",9.06,2.7,450,"1992-07-13 2021-07-27",46.51,12.84,450,"1992-07-13 2021-07-27",12.93,2.56,450,"1992-07-13 2021-07-27",2.86,3.2,450,"1992-07-13 2021-07-27",2.96,6.92,448,"1992-07-13 2021-07-27",,,,,,,,,,,,,,,,
2022-07-19,13.83,2.61,450,"1992-07-12 2021-07-26",88.56,9.03,450,"1992-07-12 2021-07-26",23.78,3.95,450,"1992-07-12 2021-07-26",24.3,8.01,450,"1992-07-12 2021-07-26",9.03,2.69,450,"1992-07-12 2021-07-26",46.62,13.01,450,"1992-07-12 2021-07-26",12.94,2.62,450,"1992-07-12 2021-07-26",2.98,3.21,450,"1992-07-12 2021-07-26",2.97,6.88,448,"1992-07-12 2021-07-26",,,,,,,,,,,,,,,,
2022-07-18,13.78,2.64,450,"1992-07-11 2021-07-25",88.46,9.06,450,"1992-07-11 2021-07-25",23.75,3.98,450,"1992-07-11 2021-07-25",24.38,7.86,450,"1992-07-11 2021-07-25",9,2.75,450,"1992-07-11 2021-07-25",46.6,13.13,450,"1992-07-11 2021-07-25",12.95,2.66,450,"1992-07-11 2021-07-25",3.04,3.23,450,"1992-07-11 2021-07-25",2.96,6.91,448,"1992-07-11 2021-07-25",,,,,,,,,,,,,,,,
2022-07-17,13.77,2.67,450,"1992-07-10 2021-07-24",88.62,9.01,450,"1992-07-10 2021-07-24",23.73,4.02,450,"1992-07-10 2021-07-24",24.41,7.91,450,"1992-07-10 2021-07-24",9.01,2.8,450,"1992-07-10 2021-07-24",46.63,13.02,450,"1992-07-10 2021-07-24",12.93,2.7,450,"1992-07-10 2021-07-24",3.08,3.24,450,"1992-07-10 2021-07-24",2.85,6.2,449,"1992-07-10 2021-07-24",,,,,,,,,,,,,,,,
2022-07-16,13.77,2.66,450,"1992-07-09 2021-07-23",88.71,8.97,450,"1992-07-09 2021-07-23",23.74,4.08,450,"1992-07-09 2021-07-23",24.51,7.98,450,"1992-07-09 2021-07-23",9.01,2.83,450,"1992-07-09 2021-07-23",46.63,12.92,450,"1992-07-09 2021-07-23",12.92,2.73,450,"1992-07-09 2021-07-23",3.07,3.22,450,"1992-07-09 2021-07-23",2.84,6.1,449,"1992-07-09 2021-07-23",,,,,,,,,,,,,,,,
2022-07-15,13.74,2.61,450,"1992-07-08 2021-07-22",88.98,8.76,450,"1992-07-08 2021-07-22",23.69,4.09,450,"1992-07-08 2021-07-22",24.46,7.92,450,"1992-07-08 2021-07-22",8.98,2.82,450,"1992-07-08 2021-07-22",46.81,13.2,450,"1992-07-08 2021-07-22",12.85,2.72,450,"1992-07-08 2021-07-22",3.12,3.24,450,"1992-07-08 2021-07-22",2.9,6.13,450,"1992-07-08 2021-07-22",,,,,,,,,,,,,,,,
2022-07-14,13.68,2.62,450,"1992-07-07 2021-07-21",88.94,8.86,450,"1992-07-07 2021-07-21",23.58,4.04,450,"1992-07-07 2021-07-21",24.47,7.93,450,"1992-07-07 2021-07-21",8.89,2.87,450,"1992-07-07 2021-07-21",46.91,13.5,450,"1992-07-07 2021-07-21",12.78,2.71,450,"1992-07-07 2021-07-21",3.11,3.22,450,"1992-07-07 2021-07-21",2.9,6.06,450,"1992-07-07 2021-07-21",,,,,,,,,,,,,,,,
2022-07-13,13.61,2.66,450,"1992-07-06 2021-07-20",88.94,8.81,450,"1992-07-06 2021-07-20",23.51,4.05,450,"1992-07-06 2021-07-20",24.45,7.92,450,"1992-07-06 2021-07-20",8.8,2.91,450,"1992-07-06 2021-07-20",46.9,13.54,450,"1992-07-06 2021-07-20",12.71,2.74,450,"1992-07-06 2021-07-20",3.14,3.21,450,"1992-07-06 2021-07-20",2.96,6.17,450,"1992-07-06 2021-07-20",,,,,,,,,,,,,,,,
2022-07-12,13.5,2.69,450,"1992-07-05 2021-07-19",88.65,8.97,450,"1992-07-05 2021-07-19",23.42,4.12,450,"1992-07-05 2021-07-19",24.37,7.91,450,"1992-07-05 2021-07-19",8.67,2.98,450,"1992-07-05 2021-07-19",46.81,13.7,450,"1992-07-05 2021-07-19",12.65,2.78,450,"1992-07-05 2021-07-19",3.16,3.18,450,"1992-07-05 2021-07-19",2.91,6.11,450,"1992-07-05 2021-07-19",,,,,,,,,,,,,,,,
2022-07-11,13.38,2.7,450,"1992-07-04 2021-07-18",88.25,9.27,450,"1992-07-04 2021-07-18",23.35,4.19,450,"1992-07-04 2021-07-18",24.39,7.69,450,"1992-07-04 2021-07-18",8.53,2.98,450,"1992-07-04 2021-07-18",46.67,13.86,450,"1992-07-04 2021-07-18",12.6,2.78,450,"1992-07-04 2021-07-18",3.18,3.29,450,"1992-07-04 2021-07-18",2.79,6,450,"1992-07-04 2021-07-18",,,,,,,,,,,,,,,,
2022-07-10,13.29,2.68,450,"1992-07-03 2021-07-17",87.94,9.4,450,"1992-07-03 2021-07-17",23.33,4.21,450,"1992-07-03 2021-07-17",24.29,7.45,450,"1992-07-03 2021-07-17",8.39,3,450,"1992-07-03 2021-07-17",46.43,14.08,450,"1992-07-03 2021-07-17",12.53,2.81,450,"1992-07-03 2021-07-17",3.22,3.33,450,"1992-07-03 2021-07-17",2.86,6.3,449,"1992-07-03 2021-07-17",,,,,,,,,,,,,,,,
2022-07-09,13.2,2.76,450,"1992-07-02 2021-07-16",87.9,9.45,450,"1992-07-02 2021-07-16",23.28,4.21,450,"1992-07-02 2021-07-16",24.28,7.49,450,"1992-07-02 2021-07-16",8.31,3.02,450,"1992-07-02 2021-07-16",46.31,14.01,450,"1992-07-02 2021-07-16",12.46,2.82,450,"1992-07-02 2021-07-16",3.24,3.35,450,"1992-07-02 2021-07-16",2.75,6.02,449,"1992-07-02 2021-07-16",,,,,,,,,,,,,,,,
2022-07-08,13.11,2.81,450,"1992-07-01 2021-07-15",87.76,9.75,450,"1992-07-01 2021-07-15",23.23,4.2,450,"1992-07-01 2021-07-15",24.33,7.41,450,"1992-07-01 2021-07-15",8.24,3.07,450,"1992-07-01 2021-07-15",46.17,13.94,450,"1992-07-01 2021-07-15",12.41,2.87,450,"1992-07-01 2021-07-15",3.28,3.4,450,"1992-07-01 2021-07-15",2.71,5.96,448,"1992-07-01 2021-07-15",,,,,,,,,,,,,,,,
2022-07-07,13.11,2.78,450,"1992-06-30 2021-07-14",87.87,9.9,450,"1992-06-30 2021-07-14",23.21,4.22,450,"1992-06-30 2021-07-14",24.45,7.44,450,"1992-06-30 2021-07-14",8.19,3.13,450,"1992-06-30 2021-07-14",46.14,14.08,450,"1992-06-30 2021-07-14",12.38,2.88,450,"1992-06-30 2021-07-14",3.34,3.45,450,"1992-06-30 2021-07-14",2.58,5.36,447,"1992-06-30 2021-07-14",,,,,,,,,,,,,,,,
2022-07-06,13.05,2.79,450,"1992-06-29 2021-07-13",87.74,9.97,450,"1992-06-29 2021-07-13",23.19,4.26,450,"1992-06-29 2021-07-13",24.34,7.3,450,"1992-06-29 2021-07-13",8.17,3.2,450,"1992-06-29 2021-07-13",46.18,14.18,450,"1992-06-29 2021-07-13",12.32,2.9,450,"1992-06-29 2021-07-13",3.24,3.47,450,"1992-06-29 2021-07-13",2.61,5.32,447,"1992-06-29 2021-07-13",,,,,,,,,,,,,,,,
2022-07-05,12.95,2.79,450,"1992-06-28 2021-07-12",87.48,10.09,450,"1992-06-28 2021-07-12",23.08,4.33,450,"1992-06-28 2021-07-12",24.21,7.15,450,"1992-06-28 2021-07-12",8.07,3.22,450,"1992-06-28 2021-07-12",46.19,14.34,450,"1992-06-28 2021-07-12",12.25,2.88,450,"1992-06-28 2021-07-12",3.24,3.44,450,"1992-06-28 2021-07-12",2.52,5.19,447,"1992-06-28 2021-07-12",,,,,,,,,,,,,,,,
2022-07-04,12.81,2.81,450,"1992-06-27 2021-07-11",87.19,10.39,450,"1992-06-27 2021-07-11",23,4.36,450,"1992-06-27 2021-07-11",24.41,7.29,450,"1992-06-27 2021-07-11",7.9,3.28,450,"1992-06-27 2021-07-11",45.96,14.49,450,"1992-06-27 2021-07-11",12.17,2.91,450,"1992-06-27 2021-07-11",3.3,3.56,450,"1992-06-27 2021-07-11",2.51,5.15,447,"1992-06-27 2021-07-11",,,,,,,,,,,,,,,,
2022-07-03,12.7,2.8,450,"1992-06-26 2021-07-10",87.07,10.55,450,"1992-06-26 2021-07-10",22.96,4.4,450,"1992-06-26 2021-07-10",24.5,7.54,450,"1992-06-26 2021-07-10",7.75,3.28,450,"1992-06-26 2021-07-10",45.63,14.44,450,"1992-06-26 2021-07-10",12.09,2.91,450,"1992-06-26 2021-07-10",3.26,3.59,450,"1992-06-26 2021-07-10",2.52,5.12,447,"1992-06-26 2021-07-10",,,,,,,,,,,,,,,,
2022-07-02,12.55,2.78,450,"1992-06-25 2021-07-09",86.82,10.67,450,"1992-06-25 2021-07-09",22.88,4.37,450,"1992-06-25 2021-07-09",24.54,7.47,450,"1992-06-25 2021-07-09",7.61,3.22,450,"1992-06-25 2021-07-09",45.45,14.44,450,"1992-06-25 2021-07-09",12.02,2.86,450,"1992-06-25 2021-07-09",3.31,3.55,450,"1992-06-25 2021-07-09",2.51,5.4,447,"1992-06-25 2021-07-09",,,,,,,,,,,,,,,,
2022-07-01,12.39,2.78,450,"1992-06-24 2021-07-08",86.69,10.7,450,"1992-06-24 2021-07-08",22.78,4.3,450,"1992-06-24 2021-07-08",24.47,7.45,450,"1992-06-24 2021-07-08",7.47,3.2,450,"1992-06-24 2021-07-08",45.28,14.35,450,"1992-06-24 2021-07-08",11.91,2.89,450,"1992-06-24 2021-07-08",3.38,3.59,450,"1992-06-24 2021-07-08",2.45,5.34,447,"1992-06-24 2021-07-08",,,,,,,,,,,,,,,,
2022-06-30,12.2,2.83,450,"1992-06-23 2021-07-07",86.29,10.85,450,"1992-06-23 2021-07-07",22.67,4.34,450,"1992-06-23 2021-07-07",24.7,7.56,450,"1992-06-23 2021-07-07",7.27,3.22,450,"1992-06-23 2021-07-07",44.89,14.23,450,"1992-06-23 2021-07-07",11.83,2.93,450,"1992-06-23 2021-07-07",3.42,3.8,450,"1992-06-23 2021-07-07",2.32,5.28,447,"1992-06-23 2021-07-07",,,,,,,,,,,,,,,,
2022-06-29,12.04,2.85,450,"1992-06-22 2021-07-06",86.02,11.01,450,"1992-06-22 2021-07-06",22.59,4.42,450,"1992-06-22 2021-07-06",24.84,7.73,450,"1992-06-22 2021-07-06",7.1,3.23,450,"1992-06-22 2021-07-06",44.72,14.43,450,"1992-06-22 2021-07-06",11.75,2.98,450,"1992-06-22 2021-07-06",3.5,3.9,450,"1992-06-22 2021-07-06",2.34,5.39,447,"1992-06-22 2021-07-06",,,,,,,,,,,,,,,,
2022-06-28,11.9,2.81,450,"1992-06-21 2021-07-05",85.67,11.11,450,"1992-06-21 2021-07-05",22.58,4.5,450,"1992-06-21 2021-07-05",24.88,7.73,450,"1992-06-21 2021-07-05",6.92,3.23,450,"1992-06-21 2021-07-05",44.25,14.68,450,"1992-06-21 2021-07-05",11.69,2.96,450,"1992-06-21 2021-07-05",3.63,4,450,"1992-06-21 2021-07-05",2.23,5.22,447,"1992-06-21 2021-07-05",,,,,,,,,,,,,,,,
2022-06-27,11.78,2.81,450,"1992-06-20 2021-07-04",85.53,11.12,450,"1992-06-20 2021-07-04",22.54,4.49,450,"1992-06-20 2021-07-04",24.91,7.67,450,"1992-06-20 2021-07-04",6.81,3.22,450,"1992-06-20 2021-07-04",44.08,14.99,450,"1992-06-20 2021-07-04",11.6,2.95,450,"1992-06-20 2021-07-04",3.71,4.03,450,"1992-06-20 2021-07-04",2.32,5.72,447,"1992-06-20 2021-07-04",,,,,,,,,,,,,,,,
2022-06-26,11.69,2.78,450,"1992-06-19 2021-07-03",85.69,11.07,450,"1992-06-19 2021-07-03",22.43,4.49,450,"1992-06-19 2021-07-03",25.14,7.72,450,"1992-06-19 2021-07-03",6.69,3.23,450,"1992-06-19 2021-07-03",43.99,15.07,450,"1992-06-19 2021-07-03",11.47,2.93,450,"1992-06-19 2021-07-03",3.76,4.01,450,"1992-06-19 2021-07-03",2.41,5.88,447,"1992-06-19 2021-07-03",,,,,,,,,,,,,,,,
2022-06-25,11.54,2.77,450,"1992-06-18 2021-07-02",85.7,11.1,450,"1992-06-18 2021-07-02",22.33,4.49,450,"1992-06-18 2021-07-02",25.12,7.96,450,"1992-06-18 2021-07-02",6.58,3.22,450,"1992-06-18 2021-07-02",43.85,15.01,450,"1992-06-18 2021-07-02",11.34,2.92,450,"1992-06-18 2021-07-02",3.78,4.07,450,"1992-06-18 2021-07-02",2.56,5.96,448,"1992-06-18 2021-07-02",,,,,,,,,,,,,,,,
2022-06-24,11.38,2.68,450,"1992-06-17 2021-07-01",85.48,11.16,450,"1992-06-17 2021-07-01",22.17,4.45,450,"1992-06-17 2021-07-01",25.05,7.85,450,"1992-06-17 2021-07-01",6.35,3.22,450,"1992-06-17 2021-07-01",43.65,15.06,450,"1992-06-17 2021-07-01",11.24,2.92,450,"1992-06-17 2021-07-01",3.83,4.09,450,"1992-06-17 2021-07-01",2.47,5.87,448,"1992-06-17 2021-07-01",,,,,,,,,,,,,,,,
2022-06-23,11.23,2.64,450,"1992-06-16 2021-06-30",85.53,11.01,450,"1992-06-16 2021-06-30",22.05,4.46,450,"1992-06-16 2021-06-30",24.95,7.87,450,"1992-06-16 2021-06-30",6.13,3.2,450,"1992-06-16 2021-06-30",43.35,15.16,450,"1992-06-16 2021-06-30",11.1,2.88,450,"1992-06-16 2021-06-30",3.82,4.11,450,"1992-06-16 2021-06-30",2.35,5.68,448,"1992-06-16 2021-06-30",,,,,,,,,,,,,,,,
2022-06-22,11.06,2.59,450,"1992-06-15 2021-06-29",85.46,10.92,450,"1992-06-15 2021-06-29",21.88,4.43,450,"1992-06-15 2021-06-29",25.02,7.76,450,"1992-06-15 2021-06-29",5.96,3.14,450,"1992-06-15 2021-06-29",43.2,15.03,450,"1992-06-15 2021-06-29",10.94,2.82,450,"1992-06-15 2021-06-29",3.82,4.15,450,"1992-06-15 2021-06-29",2.31,5.59,449,"1992-06-15 2021-06-29",,,,,,,,,,,,,,,,
2022-06-21,10.93,2.52,450,"1992-06-14 2021-06-28",85.46,10.84,450,"1992-06-14 2021-06-28",21.69,4.38,450,"1992-06-14 2021-06-28",25.03,7.75,450,"1992-06-14 2021-06-28",5.78,3.03,450,"1992-06-14 2021-06-28",43.24,15.05,450,"1992-06-14 2021-06-28",10.84,2.72,450,"1992-06-14 2021-06-28",3.87,4.2,450,"1992-06-14 2021-06-28",2.33,5.65,448,"1992-06-14 2021-06-28",,,,,,,,,,,,,,,,
2022-06-20,10.81,2.51,450,"1992-06-13 2021-06-27",85.42,10.82,450,"1992-06-13 2021-06-27",21.61,4.28,450,"1992-06-13 2021-06-27",25.29,7.99,450,"1992-06-13 2021-06-27",5.66,3.01,450,"1992-06-13 2021-06-27",43.07,14.95,450,"1992-06-13 2021-06-27",10.74,2.68,450,"1992-06-13 2021-06-27",3.78,4.19,450,"1992-06-13 2021-06-27",2.28,5.61,448,"1992-06-13 2021-06-27",,,,,,,,,,,,,,,,
2022-06-19,10.71,2.5,450,"1992-06-12 2021-06-26",85.68,10.56,450,"1992-06-12 2021-06-26",21.46,4.23,450,"1992-06-12 2021-06-26",25.04,7.95,450,"1992-06-12 2021-06-26",5.55,3.04,450,"1992-06-12 2021-06-26",43.14,15.07,450,"1992-06-12 2021-06-26",10.61,2.64,450,"1992-06-12 2021-06-26",3.72,4.11,450,"1992-06-12 2021-06-26",2.22,5.66,448,"1992-06-12 2021-06-26",,,,,,,,,,,,,,,,
2022-06-18,10.57,2.5,450,"1992-06-11 2021-06-25",85.83,10.5,450,"1992-06-11 2021-06-25",21.25,4.19,450,"1992-06-11 2021-06-25",24.94,7.83,450,"1992-06-11 2021-06-25",5.42,3.09,450,"1992-06-11 2021-06-25",43.25,15.42,450,"1992-06-11 2021-06-25",10.43,2.61,450,"1992-06-11 2021-06-25",3.71,4.19,450,"1992-06-11 2021-06-25",2.27,5.71,448,"1992-06-11 2021-06-25",,,,,,,,,,,,,,,,
2022-06-17,10.45,2.53,450,"1992-06-10 2021-06-24",85.95,10.46,450,"1992-06-10 2021-06-24",21.03,4.2,450,"1992-06-10 2021-06-24",24.86,7.9,450,"1992-06-10 2021-06-24",5.27,3.09,450,"1992-06-10 2021-06-24",43.3,15.65,450,"1992-06-10 2021-06-24",10.26,2.57,450,"1992-06-10 2021-06-24",3.74,4.26,450,"1992-06-10 2021-06-24",2.35,5.71,448,"1992-06-10 2021-06-24",,,,,,,,,,,,,,,,
2022-06-16,10.31,2.54,450,"1992-06-09 2021-06-23",85.73,10.64,450,"1992-06-09 2021-06-23",20.88,4.2,450,"1992-06-09 2021-06-23",25.02,8.02,450,"1992-06-09 2021-06-23",5.09,3.09,450,"1992-06-09 2021-06-23",43.28,15.93,450,"1992-06-09 2021-06-23",10.11,2.53,450,"1992-06-09 2021-06-23",3.8,4.29,450,"1992-06-09 2021-06-23",2.41,5.8,447,"1992-06-09 2021-06-23",,,,,,,,,,,,,,,,
2022-06-15,10.18,2.59,450,"1992-06-08 2021-06-22",85.71,10.57,450,"1992-06-08 2021-06-22",20.73,4.13,450,"1992-06-08 2021-06-22",24.77,7.91,450,"1992-06-08 2021-06-22",4.94,3.12,450,"1992-06-08 2021-06-22",43.3,16.01,450,"1992-06-08 2021-06-22",9.99,2.57,450,"1992-06-08 2021-06-22",3.84,4.15,450,"1992-06-08 2021-06-22",2.37,5.71,447,"1992-06-08 2021-06-22",,,,,,,,,,,,,,,,
2022-06-14,10.02,2.69,450,"1992-06-07 2021-06-21",85.44,10.91,450,"1992-06-07 2021-06-21",20.6,4.14,450,"1992-06-07 2021-06-21",24.72,7.86,450,"1992-06-07 2021-06-21",4.75,3.21,450,"1992-06-07 2021-06-21",43.08,15.92,450,"1992-06-07 2021-06-21",9.89,2.62,450,"1992-06-07 2021-06-21",3.78,4.18,450,"1992-06-07 2021-06-21",2.35,5.64,447,"1992-06-07 2021-06-21",,,,,,,,,,,,,,,,
2022-06-13,9.88,2.77,450,"1992-06-06 2021-06-20",85.33,11.08,450,"1992-06-06 2021-06-20",20.43,4.05,450,"1992-06-06 2021-06-20",24.79,7.95,450,"1992-06-06 2021-06-20",4.53,3.32,450,"1992-06-06 2021-06-20",42.91,15.77,450,"1992-06-06 2021-06-20",9.78,2.66,450,"1992-06-06 2021-06-20",3.76,4.18,450,"1992-06-06 2021-06-20",2.36,5.66,446,"1992-06-06 2021-06-20",,,,,,,,,,,,,,,,
2022-06-12,9.81,2.82,450,"1992-06-05 2021-06-19",85.35,11.14,450,"1992-06-05 2021-06-19",20.36,4.07,450,"1992-06-05 2021-06-19",24.89,8.14,450,"1992-06-05 2021-06-19",4.37,3.39,450,"1992-06-05 2021-06-19",42.61,15.6,450,"1992-06-05 2021-06-19",9.74,2.73,450,"1992-06-05 2021-06-19",3.74,4.21,450,"1992-06-05 2021-06-19",2.23,5.06,445,"1992-06-05 2021-06-19",,,,,,,,,,,,,,,,
2022-06-11,9.67,2.88,450,"1992-06-04 2021-06-18",84.81,11.27,450,"1992-06-04 2021-06-18",20.39,4.11,450,"1992-06-04 2021-06-18",24.65,8.04,450,"1992-06-04 2021-06-18",4.15,3.49,450,"1992-06-04 2021-06-18",42.03,15.48,450,"1992-06-04 2021-06-18",9.69,2.76,450,"1992-06-04 2021-06-18",3.65,4.13,450,"1992-06-04 2021-06-18",2.15,4.92,445,"1992-06-04 2021-06-18",,,,,,,,,,,,,,,,
2022-06-10,9.54,2.9,450,"1992-06-03 2021-06-17",84.44,11.4,450,"1992-06-03 2021-06-17",20.36,4.11,450,"1992-06-03 2021-06-17",24.72,8.01,450,"1992-06-03 2021-06-17",3.95,3.54,450,"1992-06-03 2021-06-17",41.63,15.53,450,"1992-06-03 2021-06-17",9.64,2.77,450,"1992-06-03 2021-06-17",3.65,4.11,450,"1992-06-03 2021-06-17",1.92,4.51,445,"1992-06-03 2021-06-17",,,,,,,,,,,,,,,,
2022-06-09,9.48,2.96,450,"1992-06-02 2021-06-16",84.22,11.57,450,"1992-06-02 2021-06-16",20.4,4.14,450,"1992-06-02 2021-06-16",24.79,8.11,450,"1992-06-02 2021-06-16",3.85,3.6,450,"1992-06-02 2021-06-16",41.25,15.57,450,"1992-06-02 2021-06-16",9.59,2.81,450,"1992-06-02 2021-06-16",3.63,4.1,450,"1992-06-02 2021-06-16",1.97,4.54,445,"1992-06-02 2021-06-16",,,,,,,,,,,,,,,,
2022-06-08,9.38,3,450,"1992-06-01 2021-06-15",83.78,11.66,450,"1992-06-01 2021-06-15",20.42,4.16,450,"1992-06-01 2021-06-15",24.76,8.23,450,"1992-06-01 2021-06-15",3.76,3.6,450,"1992-06-01 2021-06-15",40.88,15.46,450,"1992-06-01 2021-06-15",9.58,2.86,450,"1992-06-01 2021-06-15",3.62,4.06,450,"1992-06-01 2021-06-15",1.97,4.59,446,"1992-06-01 2021-06-15",,,,,,,,,,,,,,,,
2022-06-07,9.23,3.08,450,"1992-05-31 2021-06-14",83.33,11.96,450,"1992-05-31 2021-06-14",20.47,4.18,450,"1992-05-31 2021-06-14",24.64,8.34,450,"1992-05-31 2021-06-14",3.57,3.67,450,"1992-05-31 2021-06-14",40.36,15.35,450,"1992-05-31 2021-06-14",9.51,2.93,450,"1992-05-31 2021-06-14",3.54,3.98,450,"1992-05-31 2021-06-14",1.94,4.58,446,"1992-05-31 2021-06-14",,,,,,,,,,,,,,,,
2022-06-06,8.99,3.16,450,"1992-05-30 2021-06-13",82.86,12.68,450,"1992-05-30 2021-06-13",20.41,4.25,450,"1992-05-30 2021-06-13",24.71,8.45,450,"1992-05-30 2021-06-13",3.29,3.82,450,"1992-05-30 2021-06-13",39.92,15.64,450,"1992-05-30 2021-06-13",9.35,2.98,450,"1992-05-30 2021-06-13",3.68,4,450,"1992-05-30 2021-06-13",1.94,4.59,446,"1992-05-30 2021-06-13",,,,,,,,,,,,,,,,
2022-06-05,8.74,3.22,450,"1992-05-29 2021-06-12",82.48,13.19,450,"1992-05-29 2021-06-12",20.29,4.32,450,"1992-05-29 2021-06-12",24.53,8.32,450,"1992-05-29 2021-06-12",2.98,3.91,450,"1992-05-29 2021-06-12",39.48,15.95,450,"1992-05-29 2021-06-12",9.18,3.01,450,"1992-05-29 2021-06-12",3.79,4.11,450,"1992-05-29 2021-06-12",2.08,4.82,446,"1992-05-29 2021-06-12",,,,,,,,,,,,,,,,
2022-06-04,8.54,3.27,450,"1992-05-28 2021-06-11",81.93,13.48,450,"1992-05-28 2021-06-11",20.23,4.37,450,"1992-05-28 2021-06-11",24.68,8.41,450,"1992-05-28 2021-06-11",2.74,3.98,450,"1992-05-28 2021-06-11",38.94,15.85,450,"1992-05-28 2021-06-11",9.05,3.04,450,"1992-05-28 2021-06-11",3.83,4.12,450,"1992-05-28 2021-06-11",2.02,4.68,446,"1992-05-28 2021-06-11",,,,,,,,,,,,,,,,
2022-06-03,8.39,3.29,450,"1992-05-27 2021-06-10",81.33,13.41,450,"1992-05-27 2021-06-10",20.3,4.34,450,"1992-05-27 2021-06-10",24.74,8.41,450,"1992-05-27 2021-06-10",2.48,3.95,450,"1992-05-27 2021-06-10",38.25,15.5,450,"1992-05-27 2021-06-10",9,3.04,450,"1992-05-27 2021-06-10",3.86,4.09,450,"1992-05-27 2021-06-10",1.85,4.5,446,"1992-05-27 2021-06-10",,,,,,,,,,,,,,,,
2022-06-02,8.24,3.32,450,"1992-05-26 2021-06-09",81.02,13.39,450,"1992-05-26 2021-06-09",20.3,4.35,450,"1992-05-26 2021-06-09",24.81,8.3,450,"1992-05-26 2021-06-09",2.24,3.95,450,"1992-05-26 2021-06-09",37.66,15.31,450,"1992-05-26 2021-06-09",8.9,3.11,450,"1992-05-26 2021-06-09",3.86,4.06,450,"1992-05-26 2021-06-09",1.66,4.05,446,"1992-05-26 2021-06-09",,,,,,,,,,,,,,,,
2022-06-01,8.11,3.38,450,"1992-05-25 2021-06-08",80.82,13.36,450,"1992-05-25 2021-06-08",20.24,4.41,450,"1992-05-25 2021-06-08",24.89,8.39,450,"1992-05-25 2021-06-08",2.05,3.96,450,"1992-05-25 2021-06-08",37.17,15.01,450,"1992-05-25 2021-06-08",8.81,3.2,450,"1992-05-25 2021-06-08",3.82,4.12,450,"1992-05-25 2021-06-08",1.68,4.13,447,"1992-05-25 2021-06-08",,,,,,,,,,,,,,,,
2022-05-31,7.97,3.38,450,"1992-05-24 2021-06-07",80.6,13.45,450,"1992-05-24 2021-06-07",20.22,4.5,450,"1992-05-24 2021-06-07",25.07,8.43,450,"1992-05-24 2021-06-07",1.91,3.99,450,"1992-05-24 2021-06-07",36.67,14.72,450,"1992-05-24 2021-06-07",8.74,3.19,450,"1992-05-24 2021-06-07",3.8,4.08,450,"1992-05-24 2021-06-07",1.71,4.31,447,"1992-05-24 2021-06-07",,,,,,,,,,,,,,,,
2022-05-30,7.78,3.45,450,"1992-05-23 2021-06-06",80.36,13.55,450,"1992-05-23 2021-06-06",20.11,4.69,450,"1992-05-23 2021-06-06",25.02,8.38,450,"1992-05-23 2021-06-06",1.76,4.05,450,"1992-05-23 2021-06-06",36.64,14.85,450,"1992-05-23 2021-06-06",8.58,3.29,450,"1992-05-23 2021-06-06",3.82,4.05,450,"1992-05-23 2021-06-06",1.63,4.13,447,"1992-05-23 2021-06-06",,,,,,,,,,,,,,,,
2022-05-29,7.54,3.52,450,"1992-05-22 2021-06-05",80.27,13.67,450,"1992-05-22 2021-06-05",19.95,4.9,450,"1992-05-22 2021-06-05",24.93,8.42,450,"1992-05-22 2021-06-05",1.61,4.13,450,"1992-05-22 2021-06-05",36.68,15.47,450,"1992-05-22 2021-06-05",8.33,3.44,450,"1992-05-22 2021-06-05",3.76,4.04,450,"1992-05-22 2021-06-05",1.74,4.49,448,"1992-05-22 2021-06-05",,,,,,,,,,,,,,,,
2022-05-28,7.23,3.55,450,"1992-05-21 2021-06-04",79.98,13.92,450,"1992-05-21 2021-06-04",19.66,5.15,450,"1992-05-21 2021-06-04",24.83,8.33,450,"1992-05-21 2021-06-04",1.41,4.15,450,"1992-05-21 2021-06-04",36.94,16.08,450,"1992-05-21 2021-06-04",8.07,3.54,450,"1992-05-21 2021-06-04",3.8,4.1,450,"1992-05-21 2021-06-04",1.91,5.06,449,"1992-05-21 2021-06-04",,,,,,,,,,,,,,,,
2022-05-27,6.96,3.64,450,"1992-05-20 2021-06-03",79.95,14.26,450,"1992-05-20 2021-06-03",19.37,5.31,450,"1992-05-20 2021-06-03",25.04,8.4,450,"1992-05-20 2021-06-03",1.17,4.16,450,"1992-05-20 2021-06-03",37.14,16.53,450,"1992-05-20 2021-06-03",7.8,3.65,450,"1992-05-20 2021-06-03",3.94,4.31,450,"1992-05-20 2021-06-03",2,5.2,449,"1992-05-20 2021-06-03",,,,,,,,,,,,,,,,
2022-05-26,6.71,3.71,450,"1992-05-19 2021-06-02",79.99,14.43,450,"1992-05-19 2021-06-02",19.12,5.41,450,"1992-05-19 2021-06-02",25.18,8.4,450,"1992-05-19 2021-06-02",0.96,4.2,450,"1992-05-19 2021-06-02",37.22,16.6,450,"1992-05-19 2021-06-02",7.55,3.69,450,"1992-05-19 2021-06-02",3.93,4.28,450,"1992-05-19 2021-06-02",1.92,5.04,449,"1992-05-19 2021-06-02",,,,,,,,,,,,,,,,
2022-05-25,6.46,3.71,450,"1992-05-18 2021-06-01",79.87,14.44,450,"1992-05-18 2021-06-01",18.89,5.49,450,"1992-05-18 2021-06-01",25.45,8.39,450,"1992-05-18 2021-06-01",0.7,4.23,450,"1992-05-18 2021-06-01",37.28,16.99,450,"1992-05-18 2021-06-01",7.32,3.7,450,"1992-05-18 2021-06-01",3.95,4.28,450,"1992-05-18 2021-06-01",1.9,5.17,449,"1992-05-18 2021-06-01",,,,,,,,,,,,,,,,
2022-05-24,6.25,3.71,450,"1992-05-17 2021-05-31",79.68,14.61,450,"1992-05-17 2021-05-31",18.72,5.54,450,"1992-05-17 2021-05-31",25.7,8.36,450,"1992-05-17 2021-05-31",0.45,4.25,450,"1992-05-17 2021-05-31",37.23,17.18,450,"1992-05-17 2021-05-31",7.11,3.66,450,"1992-05-17 2021-05-31",4.06,4.33,450,"1992-05-17 2021-05-31",1.85,5.08,449,"1992-05-17 2021-05-31",,,,,,,,,,,,,,,,
2022-05-23,6.09,3.63,450,"1992-05-16 2021-05-30",79.5,14.83,450,"1992-05-16 2021-05-30",18.62,5.56,450,"1992-05-16 2021-05-30",25.91,8.44,450,"1992-05-16 2021-05-30",0.24,4.23,450,"1992-05-16 2021-05-30",36.97,17.31,450,"1992-05-16 2021-05-30",6.98,3.64,450,"1992-05-16 2021-05-30",4.03,4.41,450,"1992-05-16 2021-05-30",1.84,5.11,448,"1992-05-16 2021-05-30",,,,,,,,,,,,,,,,
2022-05-22,5.95,3.64,450,"1992-05-15 2021-05-29",79.25,14.97,450,"1992-05-15 2021-05-29",18.54,5.6,450,"1992-05-15 2021-05-29",26.02,8.65,450,"1992-05-15 2021-05-29",0.06,4.21,450,"1992-05-15 2021-05-29",36.59,17.07,450,"1992-05-15 2021-05-29",6.88,3.64,450,"1992-05-15 2021-05-29",3.94,4.42,450,"1992-05-15 2021-05-29",1.76,4.97,449,"1992-05-15 2021-05-29",,,,,,,,,,,,,,,,
2022-05-21,5.73,3.67,450,"1992-05-14 2021-05-28",78.81,15.22,450,"1992-05-14 2021-05-28",18.43,5.62,450,"1992-05-14 2021-05-28",26.16,8.66,450,"1992-05-14 2021-05-28",-0.24,4.24,450,"1992-05-14 2021-05-28",36.27,17.18,450,"1992-05-14 2021-05-28",6.74,3.6,450,"1992-05-14 2021-05-28",3.94,4.39,450,"1992-05-14 2021-05-28",1.64,4.75,449,"1992-05-14 2021-05-28",,,,,,,,,,,,,,,,
2022-05-20,5.41,3.75,450,"1992-05-13 2021-05-27",78.15,15.59,450,"1992-05-13 2021-05-27",18.3,5.57,450,"1992-05-13 2021-05-27",26.17,8.56,450,"1992-05-13 2021-05-27",-0.56,4.25,450,"1992-05-13 2021-05-27",35.82,17.08,450,"1992-05-13 2021-05-27",6.56,3.68,450,"1992-05-13 2021-05-27",3.85,4.39,450,"1992-05-13 2021-05-27",1.62,4.76,449,"1992-05-13 2021-05-27",,,,,,,,,,,,,,,,
2022-05-19,5.11,3.82,450,"1992-05-12 2021-05-26",77.7,16.03,450,"1992-05-12 2021-05-26",18.18,5.64,450,"1992-05-12 2021-05-26",26.29,8.72,450,"1992-05-12 2021-05-26",-0.89,4.36,450,"1992-05-12 2021-05-26",35.31,17.16,450,"1992-05-12 2021-05-26",6.32,3.78,450,"1992-05-12 2021-05-26",3.91,4.56,450,"1992-05-12 2021-05-26",1.66,4.78,448,"1992-05-12 2021-05-26",,,,,,,,,,,,,,,,
2022-05-18,4.77,3.87,450,"1992-05-11 2021-05-25",76.94,16.34,450,"1992-05-11 2021-05-25",18.1,5.69,450,"1992-05-11 2021-05-25",26.39,8.82,450,"1992-05-11 2021-05-25",-1.23,4.42,450,"1992-05-11 2021-05-25",34.67,16.92,450,"1992-05-11 2021-05-25",6.1,3.83,450,"1992-05-11 2021-05-25",3.93,4.66,450,"1992-05-11 2021-05-25",1.61,4.76,448,"1992-05-11 2021-05-25",,,,,,,,,,,,,,,,
2022-05-17,4.4,3.87,450,"1992-05-10 2021-05-24",76.51,16.5,450,"1992-05-10 2021-05-24",17.83,5.73,450,"1992-05-10 2021-05-24",26.15,8.65,450,"1992-05-10 2021-05-24",-1.62,4.52,450,"1992-05-10 2021-05-24",34.38,16.98,450,"1992-05-10 2021-05-24",5.81,3.88,450,"1992-05-10 2021-05-24",3.82,4.58,450,"1992-05-10 2021-05-24",1.54,4.83,448,"1992-05-10 2021-05-24",,,,,,,,,,,,,,,,
2022-05-16,4.08,3.87,450,"1992-05-09 2021-05-23",76.17,16.59,450,"1992-05-09 2021-05-23",17.55,5.75,450,"1992-05-09 2021-05-23",26.18,8.68,450,"1992-05-09 2021-05-23",-2.02,4.53,450,"1992-05-09 2021-05-23",34.16,16.97,450,"1992-05-09 2021-05-23",5.5,3.87,450,"1992-05-09 2021-05-23",3.78,4.61,450,"1992-05-09 2021-05-23",1.44,4.58,448,"1992-05-09 2021-05-23",,,,,,,,,,,,,,,,
2022-05-15,3.94,3.89,450,"1992-05-08 2021-05-22",76.39,16.54,450,"1992-05-08 2021-05-22",17.38,5.67,450,"1992-05-08 2021-05-22",26.32,8.75,450,"1992-05-08 2021-05-22",-2.32,4.48,450,"1992-05-08 2021-05-22",33.72,16.8,450,"1992-05-08 2021-05-22",5.28,3.84,450,"1992-05-08 2021-05-22",3.76,4.6,450,"1992-05-08 2021-05-22",1.42,4.56,448,"1992-05-08 2021-05-22",,,,,,,,,,,,,,,,
2022-05-14,3.8,3.89,450,"1992-05-07 2021-05-21",76.35,16.55,450,"1992-05-07 2021-05-21",17.22,5.65,450,"1992-05-07 2021-05-21",26.49,8.73,450,"1992-05-07 2021-05-21",-2.58,4.41,450,"1992-05-07 2021-05-21",33.44,16.37,450,"1992-05-07 2021-05-21",5.15,3.84,450,"1992-05-07 2021-05-21",3.77,4.67,450,"1992-05-07 2021-05-21",1.32,4.26,448,"1992-05-07 2021-05-21",,,,,,,,,,,,,,,,
2022-05-13,3.61,3.98,450,"1992-05-06 2021-05-20",76.07,16.46,450,"1992-05-06 2021-05-20",17.19,5.71,450,"1992-05-06 2021-05-20",26.67,8.75,450,"1992-05-06 2021-05-20",-2.8,4.34,450,"1992-05-06 2021-05-20",33,16.05,450,"1992-05-06 2021-05-20",5,3.84,450,"1992-05-06 2021-05-20",3.78,4.6,450,"1992-05-06 2021-05-20",1.13,3.57,448,"1992-05-06 2021-05-20",,,,,,,,,,,,,,,,
2022-05-12,3.45,3.9,450,"1992-05-05 2021-05-19",75.72,16.62,450,"1992-05-05 2021-05-19",17.12,5.81,450,"1992-05-05 2021-05-19",26.66,8.74,450,"1992-05-05 2021-05-19",-3.02,4.29,450,"1992-05-05 2021-05-19",32.53,15.8,450,"1992-05-05 2021-05-19",4.91,3.87,450,"1992-05-05 2021-05-19",3.77,4.5,450,"1992-05-05 2021-05-19",0.99,3.28,448,"1992-05-05 2021-05-19",,,,,,,,,,,,,,,,
2022-05-11,3.27,3.84,450,"1992-05-04 2021-05-18",75.44,16.68,450,"1992-05-04 2021-05-18",16.98,5.93,450,"1992-05-04 2021-05-18",26.61,8.87,450,"1992-05-04 2021-05-18",-3.26,4.2,450,"1992-05-04 2021-05-18",32.42,16.09,450,"1992-05-04 2021-05-18",4.73,3.93,450,"1992-05-04 2021-05-18",3.78,4.52,450,"1992-05-04 2021-05-18",1.09,3.62,448,"1992-05-04 2021-05-18",,,,,,,,,,,,,,,,
2022-05-10,3.04,3.79,450,"1992-05-03 2021-05-17",75.3,16.91,450,"1992-05-03 2021-05-17",16.74,6,450,"1992-05-03 2021-05-17",26.61,8.92,450,"1992-05-03 2021-05-17",-3.45,4.15,450,"1992-05-03 2021-05-17",32.45,16.08,450,"1992-05-03 2021-05-17",4.51,3.94,450,"1992-05-03 2021-05-17",3.8,4.51,450,"1992-05-03 2021-05-17",1.11,3.46,448,"1992-05-03 2021-05-17",,,,,,,,,,,,,,,,
2022-05-09,2.87,3.68,450,"1992-05-02 2021-05-16",75.41,16.96,450,"1992-05-02 2021-05-16",16.55,5.97,450,"1992-05-02 2021-05-16",26.62,9.04,450,"1992-05-02 2021-05-16",-3.65,4.04,450,"1992-05-02 2021-05-16",32.34,15.97,450,"1992-05-02 2021-05-16",4.26,3.93,450,"1992-05-02 2021-05-16",3.69,4.56,450,"1992-05-02 2021-05-16",1.11,3.47,448,"1992-05-02 2021-05-16",,,,,,,,,,,,,,,,
2022-05-08,2.58,3.64,450,"1992-05-01 2021-05-15",75.26,16.72,450,"1992-05-01 2021-05-15",16.24,5.88,450,"1992-05-01 2021-05-15",26.42,8.93,450,"1992-05-01 2021-05-15",-3.94,3.96,450,"1992-05-01 2021-05-15",32.22,15.79,450,"1992-05-01 2021-05-15",3.96,3.87,450,"1992-05-01 2021-05-15",3.72,4.49,450,"1992-05-01 2021-05-15",1.05,3.35,448,"1992-05-01 2021-05-15",,,,,,,,,,,,,,,,
2022-05-07,2.33,3.64,450,"1992-04-30 2021-05-14",75.6,16.43,450,"1992-04-30 2021-05-14",15.94,5.88,450,"1992-04-30 2021-05-14",26.38,8.72,450,"1992-04-30 2021-05-14",-4.15,3.89,450,"1992-04-30 2021-05-14",32.31,15.68,450,"1992-04-30 2021-05-14",3.63,3.83,450,"1992-04-30 2021-05-14",3.69,4.4,450,"1992-04-30 2021-05-14",1.04,3.42,447,"1992-04-30 2021-05-14",,,,,,,,,,,,,,,,
2022-05-06,2.19,3.65,450,"1992-04-29 2021-05-13",76.06,16.08,450,"1992-04-29 2021-05-13",15.64,5.86,450,"1992-04-29 2021-05-13",26.38,8.73,450,"1992-04-29 2021-05-13",-4.25,3.97,450,"1992-04-29 2021-05-13",32.44,15.34,450,"1992-04-29 2021-05-13",3.39,3.86,450,"1992-04-29 2021-05-13",3.72,4.38,450,"1992-04-29 2021-05-13",1.01,3.37,446,"1992-04-29 2021-05-13",,,,,,,,,,,,,,,,
2022-05-05,2.16,3.66,450,"1992-04-28 2021-05-12",77.03,15.81,450,"1992-04-28 2021-05-12",15.38,5.98,450,"1992-04-28 2021-05-12",26.5,8.84,450,"1992-04-28 2021-05-12",-4.32,3.99,450,"1992-04-28 2021-05-12",32.89,15.64,450,"1992-04-28 2021-05-12",3.15,3.84,450,"1992-04-28 2021-05-12",3.86,4.43,450,"1992-04-28 2021-05-12",1.05,3.4,445,"1992-04-28 2021-05-12",,,,,,,,,,,,,,,,
2022-05-04,2.08,3.59,450,"1992-04-27 2021-05-11",77.42,15.62,450,"1992-04-27 2021-05-11",15.02,5.99,450,"1992-04-27 2021-05-11",26.59,8.84,450,"1992-04-27 2021-05-11",-4.34,4,450,"1992-04-27 2021-05-11",33.79,16.16,450,"1992-04-27 2021-05-11",2.97,3.79,450,"1992-04-27 2021-05-11",3.86,4.27,450,"1992-04-27 2021-05-11",1.11,3.52,446,"1992-04-27 2021-05-11",,,,,,,,,,,,,,,,
2022-05-03,2,3.57,450,"1992-04-26 2021-05-10",77.79,15.45,450,"1992-04-26 2021-05-10",14.71,5.97,450,"1992-04-26 2021-05-10",26.62,8.78,450,"1992-04-26 2021-05-10",-4.4,4.01,450,"1992-04-26 2021-05-10",34.28,16.37,450,"1992-04-26 2021-05-10",2.8,3.78,450,"1992-04-26 2021-05-10",3.88,4.2,450,"1992-04-26 2021-05-10",1.12,3.53,446,"1992-04-26 2021-05-10",,,,,,,,,,,,,,,,
2022-05-02,1.9,3.67,450,"1992-04-25 2021-05-09",77.99,15.63,450,"1992-04-25 2021-05-09",14.55,6.05,450,"1992-04-25 2021-05-09",26.83,8.82,450,"1992-04-25 2021-05-09",-4.47,4.01,450,"1992-04-25 2021-05-09",34.56,16.7,450,"1992-04-25 2021-05-09",2.7,3.8,450,"1992-04-25 2021-05-09",3.98,4.29,450,"1992-04-25 2021-05-09",1.05,3.11,446,"1992-04-25 2021-05-09",,,,,,,,,,,,,,,,
2022-05-01,1.79,3.79,450,"1992-04-24 2021-05-08",78.2,15.67,450,"1992-04-24 2021-05-08",14.32,6.15,450,"1992-04-24 2021-05-08",26.72,8.81,450,"1992-04-24 2021-05-08",-4.5,4.14,450,"1992-04-24 2021-05-08",35.12,17.31,450,"1992-04-24 2021-05-08",2.56,3.84,450,"1992-04-24 2021-05-08",4.05,4.3,450,"1992-04-24 2021-05-08",1.13,3.23,445,"1992-04-24 2021-05-08",,,,,,,,,,,,,,,,
2022-04-30,1.6,3.78,450,"1992-04-23 2021-05-07",78.08,15.69,450,"1992-04-23 2021-05-07",14.12,6.2,450,"1992-04-23 2021-05-07",26.77,8.93,450,"1992-04-23 2021-05-07",-4.64,4.18,450,"1992-04-23 2021-05-07",35.31,17.24,450,"1992-04-23 2021-05-07",2.37,3.9,450,"1992-04-23 2021-05-07",4.16,4.33,450,"1992-04-23 2021-05-07",1.16,3.36,445,"1992-04-23 2021-05-07",,,,,,,,,,,,,,,,
2022-04-29,1.47,3.76,450,"1992-04-22 2021-05-06",77.84,15.71,450,"1992-04-22 2021-05-06",14,6.22,450,"1992-04-22 2021-05-06",26.95,8.96,450,"1992-04-22 2021-05-06",-4.74,4.2,450,"1992-04-22 2021-05-06",35.19,17.01,450,"1992-04-22 2021-05-06",2.24,3.91,450,"1992-04-22 2021-05-06",4.17,4.18,450,"1992-04-22 2021-05-06",1.1,3.23,444,"1992-04-22 2021-05-06",,,,,,,,,,,,,,,,
2022-04-28,1.36,3.78,450,"1992-04-21 2021-05-05",77.83,15.71,450,"1992-04-21 2021-05-05",13.94,6.21,450,"1992-04-21 2021-05-05",26.85,8.9,450,"1992-04-21 2021-05-05",-4.84,4.19,450,"1992-04-21 2021-05-05",35.1,16.82,450,"1992-04-21 2021-05-05",2.08,3.95,450,"1992-04-21 2021-05-05",4.14,4.25,450,"1992-04-21 2021-05-05",1.06,3.14,443,"1992-04-21 2021-05-05",,,,,,,,,,,,,,,,
2022-04-27,1.24,3.86,450,"1992-04-20 2021-05-04",77.92,15.42,450,"1992-04-20 2021-05-04",13.78,6.13,450,"1992-04-20 2021-05-04",26.79,8.94,450,"1992-04-20 2021-05-04",-4.91,4.24,450,"1992-04-20 2021-05-04",35.31,16.66,450,"1992-04-20 2021-05-04",1.9,3.88,450,"1992-04-20 2021-05-04",4.07,4.21,450,"1992-04-20 2021-05-04",1.06,3.2,443,"1992-04-20 2021-05-04",,,,,,,,,,,,,,,,
2022-04-26,1.1,3.9,450,"1992-04-19 2021-05-03",77.97,15.5,450,"1992-04-19 2021-05-03",13.62,6.08,450,"1992-04-19 2021-05-03",26.64,8.75,450,"1992-04-19 2021-05-03",-5.03,4.21,450,"1992-04-19 2021-05-03",35.3,16.36,450,"1992-04-19 2021-05-03",1.71,3.91,450,"1992-04-19 2021-05-03",4.1,4.23,450,"1992-04-19 2021-05-03",0.97,2.9,442,"1992-04-19 2021-05-03",,,,,,,,,,,,,,,,
2022-04-25,0.91,3.87,450,"1992-04-18 2021-05-02",77.9,15.39,450,"1992-04-18 2021-05-02",13.41,6.09,450,"1992-04-18 2021-05-02",26.4,8.64,450,"1992-04-18 2021-05-02",-5.24,4.15,450,"1992-04-18 2021-05-02",35.25,16.23,450,"1992-04-18 2021-05-02",1.52,3.89,450,"1992-04-18 2021-05-02",4.12,4.24,450,"1992-04-18 2021-05-02",0.92,2.83,442,"1992-04-18 2021-05-02",,,,,,,,,,,,,,,,
2022-04-24,0.74,3.87,450,"1992-04-17 2021-05-01",77.94,15.35,450,"1992-04-17 2021-05-01",13.2,6.14,450,"1992-04-17 2021-05-01",26.39,8.46,450,"1992-04-17 2021-05-01",-5.43,4.18,450,"1992-04-17 2021-05-01",35.32,16.25,450,"1992-04-17 2021-05-01",1.37,3.87,450,"1992-04-17 2021-05-01",4.11,4.11,450,"1992-04-17 2021-05-01",0.89,2.78,441,"1992-04-17 2021-05-01",,,,,,,,,,,,,,,,
2022-04-23,0.6,3.91,450,"1992-04-16 2021-04-30",78.01,15.6,450,"1992-04-16 2021-04-30",12.99,6.29,450,"1992-04-16 2021-04-30",26.27,8.45,450,"1992-04-16 2021-04-30",-5.52,4.18,450,"1992-04-16 2021-04-30",35.82,16.67,450,"1992-04-16 2021-04-30",1.13,3.92,450,"1992-04-16 2021-04-30",4.09,4.14,450,"1992-04-16 2021-04-30",0.92,2.82,441,"1992-04-16 2021-04-30",,,,,,,,,,,,,,,,
2022-04-22,0.36,3.97,450,"1992-04-15 2021-04-29",77.9,15.55,450,"1992-04-15 2021-04-29",12.66,6.44,450,"1992-04-15 2021-04-29",26.22,8.43,450,"1992-04-15 2021-04-29",-5.71,4.19,450,"1992-04-15 2021-04-29",36.26,17.33,450,"1992-04-15 2021-04-29",0.92,3.96,450,"1992-04-15 2021-04-29",4.08,4.14,450,"1992-04-15 2021-04-29",0.93,2.81,440,"1992-04-15 2021-04-29",,,,,,,,,,,,,,,,
2022-04-21,0.2,3.99,450,"1992-04-14 2021-04-28",78.12,15.77,450,"1992-04-14 2021-04-28",12.33,6.54,450,"1992-04-14 2021-04-28",26.23,8.43,450,"1992-04-14 2021-04-28",-5.77,4.17,450,"1992-04-14 2021-04-28",36.98,17.99,450,"1992-04-14 2021-04-28",0.71,3.92,450,"1992-04-14 2021-04-28",4.12,4.14,450,"1992-04-14 2021-04-28",1.04,2.99,441,"1992-04-14 2021-04-28",,,,,,,,,,,,,,,,
2022-04-20,0.02,4,450,"1992-04-13 2021-04-27",78.11,15.76,450,"1992-04-13 2021-04-27",12,6.52,450,"1992-04-13 2021-04-27",26.11,8.4,450,"1992-04-13 2021-04-27",-5.88,4.26,450,"1992-04-13 2021-04-27",37.54,18.22,450,"1992-04-13 2021-04-27",0.54,3.94,450,"1992-04-13 2021-04-27",4.09,4.12,450,"1992-04-13 2021-04-27",1.05,3,442,"1992-04-13 2021-04-27",,,,,,,,,,,,,,,,
2022-04-19,-0.12,4.05,450,"1992-04-12 2021-04-26",78.26,15.56,450,"1992-04-12 2021-04-26",11.75,6.48,450,"1992-04-12 2021-04-26",25.9,8.21,450,"1992-04-12 2021-04-26",-6.07,4.29,450,"1992-04-12 2021-04-26",37.55,18.06,450,"1992-04-12 2021-04-26",0.32,3.94,450,"1992-04-12 2021-04-26",4.02,4.07,450,"1992-04-12 2021-04-26",0.94,2.81,442,"1992-04-12 2021-04-26",,,,,,,,,,,,,,,,
2022-04-18,-0.26,4.12,450,"1992-04-11 2021-04-25",78.29,15.56,450,"1992-04-11 2021-04-25",11.54,6.46,450,"1992-04-11 2021-04-25",25.81,8.3,450,"1992-04-11 2021-04-25",-6.24,4.32,450,"1992-04-11 2021-04-25",37.74,17.96,450,"1992-04-11 2021-04-25",0.11,3.98,450,"1992-04-11 2021-04-25",3.94,3.98,450,"1992-04-11 2021-04-25",0.92,2.79,442,"1992-04-11 2021-04-25",,,,,,,,,,,,,,,,
2022-04-17,-0.41,4.11,450,"1992-04-10 2021-04-24",78.52,15.3,450,"1992-04-10 2021-04-24",11.28,6.46,450,"1992-04-10 2021-04-24",25.55,8.35,450,"1992-04-10 2021-04-24",-6.38,4.34,450,"1992-04-10 2021-04-24",37.99,17.61,450,"1992-04-10 2021-04-24",-0.14,4.01,450,"1992-04-10 2021-04-24",3.88,3.93,450,"1992-04-10 2021-04-24",0.95,2.81,441,"1992-04-10 2021-04-24",,,,,,,,,,,,,,,,
2022-04-16,-0.54,4.05,450,"1992-04-09 2021-04-23",78.51,15.2,450,"1992-04-09 2021-04-23",11.06,6.43,450,"1992-04-09 2021-04-23",25.62,8.49,450,"1992-04-09 2021-04-23",-6.54,4.25,450,"1992-04-09 2021-04-23",38.14,17.3,450,"1992-04-09 2021-04-23",-0.38,4.04,450,"1992-04-09 2021-04-23",3.9,4.06,450,"1992-04-09 2021-04-23",0.92,2.73,442,"1992-04-09 2021-04-23",,,,,,,,,,,,,,,,
2022-04-15,-0.67,4.13,450,"1992-04-08 2021-04-22",78.71,15.08,450,"1992-04-08 2021-04-22",10.78,6.48,450,"1992-04-08 2021-04-22",25.57,8.29,450,"1992-04-08 2021-04-22",-6.62,4.29,450,"1992-04-08 2021-04-22",38.66,17.3,450,"1992-04-08 2021-04-22",-0.57,4.06,450,"1992-04-08 2021-04-22",3.8,4.02,450,"1992-04-08 2021-04-22",0.84,2.46,440,"1992-04-08 2021-04-22",,,,,,,,,,,,,,,,
2022-04-14,-0.88,4.14,450,"1992-04-07 2021-04-21",78.94,14.91,450,"1992-04-07 2021-04-21",10.44,6.48,450,"1992-04-07 2021-04-21",25.16,8.08,450,"1992-04-07 2021-04-21",-6.72,4.32,450,"1992-04-07 2021-04-21",39.23,17.23,450,"1992-04-07 2021-04-21",-0.84,4.03,450,"1992-04-07 2021-04-21",3.8,4.12,450,"1992-04-07 2021-04-21",0.85,2.48,441,"1992-04-07 2021-04-21",,,,,,,,,,,,,,,,
2022-04-13,-1.1,4.18,450,"1992-04-06 2021-04-20",79.12,14.86,450,"1992-04-06 2021-04-20",9.92,6.37,450,"1992-04-06 2021-04-20",25.07,8.06,450,"1992-04-06 2021-04-20",-6.94,4.33,450,"1992-04-06 2021-04-20",39.84,17.13,450,"1992-04-06 2021-04-20",-1.12,4.05,450,"1992-04-06 2021-04-20",3.8,4.06,450,"1992-04-06 2021-04-20",0.83,2.44,442,"1992-04-06 2021-04-20",,,,,,,,,,,,,,,,
2022-04-12,-1.34,4.22,450,"1992-04-05 2021-04-19",79.72,14.65,450,"1992-04-05 2021-04-19",9.41,6.4,450,"1992-04-05 2021-04-19",24.95,7.89,450,"1992-04-05 2021-04-19",-7.19,4.35,450,"1992-04-05 2021-04-19",40.46,17.38,450,"1992-04-05 2021-04-19",-1.48,4.07,450,"1992-04-05 2021-04-19",3.79,4.02,450,"1992-04-05 2021-04-19",0.89,2.53,442,"1992-04-05 2021-04-19",,,,,,,,,,,,,,,,
2022-04-11,-1.53,4.26,450,"1992-04-04 2021-04-18",80.13,14.24,450,"1992-04-04 2021-04-18",8.97,6.37,450,"1992-04-04 2021-04-18",24.97,7.9,450,"1992-04-04 2021-04-18",-7.39,4.42,450,"1992-04-04 2021-04-18",40.88,17.17,450,"1992-04-04 2021-04-18",-1.73,4.14,450,"1992-04-04 2021-04-18",3.7,3.98,450,"1992-04-04 2021-04-18",0.85,2.39,443,"1992-04-04 2021-04-18",,,,,,,,,,,,,,,,
2022-04-10,-1.69,4.39,450,"1992-04-03 2021-04-17",80.38,14.12,450,"1992-04-03 2021-04-17",8.7,6.45,450,"1992-04-03 2021-04-17",24.97,7.93,450,"1992-04-03 2021-04-17",-7.56,4.53,450,"1992-04-03 2021-04-17",41.23,16.9,450,"1992-04-03 2021-04-17",-2.03,4.37,450,"1992-04-03 2021-04-17",3.67,4.01,450,"1992-04-03 2021-04-17",0.79,2.32,442,"1992-04-03 2021-04-17",,,,,,,,,,,,,,,,
2022-04-09,-1.96,4.51,450,"1992-04-02 2021-04-16",80.47,13.94,450,"1992-04-02 2021-04-16",8.3,6.47,450,"1992-04-02 2021-04-16",24.74,7.95,450,"1992-04-02 2021-04-16",-7.79,4.64,450,"1992-04-02 2021-04-16",41.69,16.97,450,"1992-04-02 2021-04-16",-2.38,4.53,450,"1992-04-02 2021-04-16",3.74,4.18,450,"1992-04-02 2021-04-16",0.79,2.32,442,"1992-04-02 2021-04-16",,,,,,,,,,,,,,,,
2022-04-08,-2.13,4.65,450,"1992-04-01 2021-04-15",80.87,13.55,450,"1992-04-01 2021-04-15",7.89,6.44,450,"1992-04-01 2021-04-15",24.92,8.29,450,"1992-04-01 2021-04-15",-7.93,4.76,450,"1992-04-01 2021-04-15",42.2,16.85,450,"1992-04-01 2021-04-15",-2.59,4.7,450,"1992-04-01 2021-04-15",3.89,4.31,450,"1992-04-01 2021-04-15",0.77,2.28,442,"1992-04-01 2021-04-15",,,,,,,,,,,,,,,,
2022-04-07,-2.15,4.77,450,"1992-03-31 2021-04-14",80.93,13.61,450,"1992-03-31 2021-04-14",7.74,6.5,450,"1992-03-31 2021-04-14",24.89,8.35,450,"1992-03-31 2021-04-14",-8.03,4.9,450,"1992-03-31 2021-04-14",42.2,16.27,450,"1992-03-31 2021-04-14",-2.71,4.84,450,"1992-03-31 2021-04-14",3.99,4.35,450,"1992-03-31 2021-04-14",0.72,2.13,443,"1992-03-31 2021-04-14",,,,,,,,,,,,,,,,
2022-04-06,-2.34,4.89,450,"1992-03-30 2021-04-13",80.6,13.44,450,"1992-03-30 2021-04-13",7.62,6.6,450,"1992-03-30 2021-04-13",24.69,8.29,450,"1992-03-30 2021-04-13",-8.23,5.01,450,"1992-03-30 2021-04-13",41.99,15.75,450,"1992-03-30 2021-04-13",-2.9,4.94,450,"1992-03-30 2021-04-13",3.87,4.32,450,"1992-03-30 2021-04-13",0.59,1.85,442,"1992-03-30 2021-04-13",,,,,,,,,,,,,,,,
2022-04-05,-2.48,4.87,450,"1992-03-29 2021-04-12",80.53,13.29,450,"1992-03-29 2021-04-12",7.46,6.65,450,"1992-03-29 2021-04-12",24.58,8.24,450,"1992-03-29 2021-04-12",-8.38,4.96,450,"1992-03-29 2021-04-12",41.87,15.4,450,"1992-03-29 2021-04-12",-3.08,4.89,450,"1992-03-29 2021-04-12",3.81,4.31,450,"1992-03-29 2021-04-12",0.52,1.69,442,"1992-03-29 2021-04-12",,,,,,,,,,,,,,,,
2022-04-04,-2.61,4.81,450,"1992-03-28 2021-04-11",80.64,13.32,450,"1992-03-28 2021-04-11",7.25,6.58,450,"1992-03-28 2021-04-11",24.43,8.24,450,"1992-03-28 2021-04-11",-8.44,4.96,450,"1992-03-28 2021-04-11",42.34,15.3,450,"1992-03-28 2021-04-11",-3.23,4.93,450,"1992-03-28 2021-04-11",3.8,4.3,450,"1992-03-28 2021-04-11",0.51,1.69,441,"1992-03-28 2021-04-11",,,,,,,,,,,,,,,,
2022-04-03,-2.71,4.79,450,"1992-03-27 2021-04-10",80.94,13.06,450,"1992-03-27 2021-04-10",7,6.49,450,"1992-03-27 2021-04-10",24.28,8.19,450,"1992-03-27 2021-04-10",-8.48,4.92,450,"1992-03-27 2021-04-10",42.8,15.26,450,"1992-03-27 2021-04-10",-3.37,4.9,450,"1992-03-27 2021-04-10",3.78,4.32,450,"1992-03-27 2021-04-10",0.53,1.72,441,"1992-03-27 2021-04-10",,,,,,,,,,,,,,,,
2022-04-02,-2.81,4.77,450,"1992-03-26 2021-04-09",81.07,12.9,450,"1992-03-26 2021-04-09",6.78,6.44,450,"1992-03-26 2021-04-09",24.17,8.12,450,"1992-03-26 2021-04-09",-8.55,4.93,450,"1992-03-26 2021-04-09",43.32,15.27,450,"1992-03-26 2021-04-09",-3.55,4.95,450,"1992-03-26 2021-04-09",3.8,4.3,450,"1992-03-26 2021-04-09",0.51,1.7,442,"1992-03-26 2021-04-09",,,,,,,,,,,,,,,,
2022-04-01,-2.97,4.74,450,"1992-03-25 2021-04-08",81.26,12.74,450,"1992-03-25 2021-04-08",6.51,6.42,450,"1992-03-25 2021-04-08",24.08,8.05,450,"1992-03-25 2021-04-08",-8.73,4.97,450,"1992-03-25 2021-04-08",43.76,15.26,450,"1992-03-25 2021-04-08",-3.78,5.05,450,"1992-03-25 2021-04-08",3.76,4.21,450,"1992-03-25 2021-04-08",0.46,1.57,442,"1992-03-25 2021-04-08",,,,,,,,,,,,,,,,
2022-03-31,-3.18,4.74,450,"1992-03-24 2021-04-07",81.55,12.63,450,"1992-03-24 2021-04-07",6.12,6.41,450,"1992-03-24 2021-04-07",23.87,7.89,450,"1992-03-24 2021-04-07",-8.95,5.07,450,"1992-03-24 2021-04-07",44.3,15.42,450,"1992-03-24 2021-04-07",-4.09,5.19,450,"1992-03-24 2021-04-07",3.8,4.22,450,"1992-03-24 2021-04-07",0.44,1.53,444,"1992-03-24 2021-04-07",,,,,,,,,,,,,,,,
2022-03-30,-3.4,4.89,450,"1992-03-23 2021-04-06",81.81,12.54,450,"1992-03-23 2021-04-06",5.67,6.45,450,"1992-03-23 2021-04-06",23.88,7.97,450,"1992-03-23 2021-04-06",-9.14,5.17,450,"1992-03-23 2021-04-06",45.13,15.68,450,"1992-03-23 2021-04-06",-4.37,5.33,450,"1992-03-23 2021-04-06",3.73,4.15,450,"1992-03-23 2021-04-06",0.42,1.48,444,"1992-03-23 2021-04-06",,,,,,,,,,,,,,,,
2022-03-29,-3.56,4.93,450,"1992-03-22 2021-04-05",82.15,12.35,450,"1992-03-22 2021-04-05",5.33,6.48,450,"1992-03-22 2021-04-05",23.74,7.96,450,"1992-03-22 2021-04-05",-9.27,5.25,450,"1992-03-22 2021-04-05",45.84,15.78,450,"1992-03-22 2021-04-05",-4.62,5.37,450,"1992-03-22 2021-04-05",3.74,4.17,450,"1992-03-22 2021-04-05",0.44,1.5,444,"1992-03-22 2021-04-05",,,,,,,,,,,,,,,,
2022-03-28,-3.67,4.96,450,"1992-03-21 2021-04-04",81.99,12.31,450,"1992-03-21 2021-04-04",5.13,6.47,450,"1992-03-21 2021-04-04",23.63,8.03,450,"1992-03-21 2021-04-04",-9.31,5.33,450,"1992-03-21 2021-04-04",46.39,15.84,450,"1992-03-21 2021-04-04",-4.75,5.42,450,"1992-03-21 2021-04-04",3.8,4.26,450,"1992-03-21 2021-04-04",0.35,0.95,444,"1992-03-21 2021-04-04",,,,,,,,,,,,,,,,
2022-03-27,-3.78,4.98,450,"1992-03-20 2021-04-03",81.86,12.3,450,"1992-03-20 2021-04-03",4.92,6.51,450,"1992-03-20 2021-04-03",23.54,8.05,450,"1992-03-20 2021-04-03",-9.41,5.41,450,"1992-03-20 2021-04-03",46.98,15.98,450,"1992-03-20 2021-04-03",-4.93,5.47,450,"1992-03-20 2021-04-03",3.84,4.37,450,"1992-03-20 2021-04-03",0.34,0.93,444,"1992-03-20 2021-04-03",,,,,,,,,,,,,,,,
2022-03-26,-3.9,4.97,450,"1992-03-19 2021-04-02",82.06,12.11,450,"1992-03-19 2021-04-02",4.71,6.44,450,"1992-03-19 2021-04-02",23.44,8.25,450,"1992-03-19 2021-04-02",-9.49,5.44,450,"1992-03-19 2021-04-02",47.36,16.1,450,"1992-03-19 2021-04-02",-5.08,5.5,450,"1992-03-19 2021-04-02",3.82,4.34,450,"1992-03-19 2021-04-02",0.34,0.96,444,"1992-03-19 2021-04-02",,,,,,,,,,,,,,,,
2022-03-25,-3.92,4.94,450,"1992-03-18 2021-04-01",82.28,11.95,450,"1992-03-18 2021-04-01",4.53,6.37,450,"1992-03-18 2021-04-01",23.36,8.23,450,"1992-03-18 2021-04-01",-9.49,5.45,450,"1992-03-18 2021-04-01",47.99,15.91,450,"1992-03-18 2021-04-01",-5.18,5.47,450,"1992-03-18 2021-04-01",3.76,4.16,450,"1992-03-18 2021-04-01",0.37,1.08,445,"1992-03-18 2021-04-01",,,,,,,,,,,,,,,,
2022-03-24,-4.04,4.93,450,"1992-03-17 2021-03-31",82.4,11.89,450,"1992-03-17 2021-03-31",4.34,6.32,450,"1992-03-17 2021-03-31",23.11,7.86,450,"1992-03-17 2021-03-31",-9.56,5.46,450,"1992-03-17 2021-03-31",48.47,15.77,450,"1992-03-17 2021-03-31",-5.35,5.43,450,"1992-03-17 2021-03-31",3.58,4.03,450,"1992-03-17 2021-03-31",0.38,1.07,445,"1992-03-17 2021-03-31",,,,,,,,,,,,,,,,
2022-03-23,-4.24,4.98,450,"1992-03-16 2021-03-30",82.68,11.58,450,"1992-03-16 2021-03-30",3.97,6.35,450,"1992-03-16 2021-03-30",22.78,7.73,450,"1992-03-16 2021-03-30",-9.7,5.53,450,"1992-03-16 2021-03-30",49.36,15.85,450,"1992-03-16 2021-03-30",-5.64,5.48,450,"1992-03-16 2021-03-30",3.43,4.01,450,"1992-03-16 2021-03-30",0.39,1.12,446,"1992-03-16 2021-03-30",,,,,,,,,,,,,,,,
2022-03-22,-4.35,5.01,450,"1992-03-15 2021-03-29",83.24,11.28,450,"1992-03-15 2021-03-29",3.66,6.27,450,"1992-03-15 2021-03-29",22.72,7.91,450,"1992-03-15 2021-03-29",-9.9,5.6,450,"1992-03-15 2021-03-29",50.02,15.67,450,"1992-03-15 2021-03-29",-5.95,5.58,450,"1992-03-15 2021-03-29",3.37,3.98,450,"1992-03-15 2021-03-29",0.4,1.13,447,"1992-03-15 2021-03-29",,,,,,,,,,,,,,,,
2022-03-21,-4.5,5.13,450,"1992-03-14 2021-03-28",83.38,11.37,450,"1992-03-14 2021-03-28",3.37,6.27,450,"1992-03-14 2021-03-28",22.68,7.78,450,"1992-03-14 2021-03-28",-10.05,5.74,450,"1992-03-14 2021-03-28",50.83,15.52,450,"1992-03-14 2021-03-28",-6.17,5.76,450,"1992-03-14 2021-03-28",3.4,3.97,450,"1992-03-14 2021-03-28",0.42,1.15,447,"1992-03-14 2021-03-28",,,,,,,,,,,,,,,,
2022-03-20,-4.71,5.21,450,"1992-03-13 2021-03-27",83.35,11.49,450,"1992-03-13 2021-03-27",3.08,6.38,450,"1992-03-13 2021-03-27",22.69,7.86,450,"1992-03-13 2021-03-27",-10.27,5.78,450,"1992-03-13 2021-03-27",51.12,15.57,450,"1992-03-13 2021-03-27",-6.4,5.86,450,"1992-03-13 2021-03-27",3.45,4,450,"1992-03-13 2021-03-27",0.46,1.23,448,"1992-03-13 2021-03-27",,,,,,,,,,,,,,,,
2022-03-19,-4.85,5.24,450,"1992-03-12 2021-03-26",83.24,11.54,450,"1992-03-12 2021-03-26",2.83,6.46,450,"1992-03-12 2021-03-26",22.85,7.98,450,"1992-03-12 2021-03-26",-10.48,5.89,450,"1992-03-12 2021-03-26",51.48,15.53,450,"1992-03-12 2021-03-26",-6.59,6.01,450,"1992-03-12 2021-03-26",3.49,4.01,450,"1992-03-12 2021-03-26",0.46,1.24,448,"1992-03-12 2021-03-26",,,,,,,,,,,,,,,,
2022-03-18,-5.03,5.4,450,"1992-03-11 2021-03-25",83.06,11.56,450,"1992-03-11 2021-03-25",2.63,6.69,450,"1992-03-11 2021-03-25",22.91,8.08,450,"1992-03-11 2021-03-25",-10.67,6.08,450,"1992-03-11 2021-03-25",51.64,15.63,450,"1992-03-11 2021-03-25",-6.77,6.24,450,"1992-03-11 2021-03-25",3.46,4,450,"1992-03-11 2021-03-25",0.46,1.24,448,"1992-03-11 2021-03-25",,,,,,,,,,,,,,,,
2022-03-17,-5.21,5.62,450,"1992-03-10 2021-03-24",83.01,11.51,450,"1992-03-10 2021-03-24",2.42,6.98,450,"1992-03-10 2021-03-24",22.62,7.89,450,"1992-03-10 2021-03-24",-10.85,6.25,450,"1992-03-10 2021-03-24",51.71,15.66,450,"1992-03-10 2021-03-24",-6.97,6.4,450,"1992-03-10 2021-03-24",3.45,3.93,450,"1992-03-10 2021-03-24",0.48,1.29,448,"1992-03-10 2021-03-24",,,,,,,,,,,,,,,,
2022-03-16,-5.41,5.86,450,"1992-03-09 2021-03-23",82.75,11.62,450,"1992-03-09 2021-03-23",2.28,7.24,450,"1992-03-09 2021-03-23",22.61,8.23,450,"1992-03-09 2021-03-23",-11.09,6.39,450,"1992-03-09 2021-03-23",51.37,15.48,450,"1992-03-09 2021-03-23",-7.18,6.61,450,"1992-03-09 2021-03-23",3.34,3.86,450,"1992-03-09 2021-03-23",0.48,1.29,447,"1992-03-09 2021-03-23",,,,,,,,,,,,,,,,
2022-03-15,-5.66,6.04,450,"1992-03-08 2021-03-22",82.61,11.58,450,"1992-03-08 2021-03-22",2.08,7.47,450,"1992-03-08 2021-03-22",22.49,8.18,450,"1992-03-08 2021-03-22",-11.49,6.71,450,"1992-03-08 2021-03-22",51.15,15.33,450,"1992-03-08 2021-03-22",-7.56,6.97,450,"1992-03-08 2021-03-22",3.3,3.85,450,"1992-03-08 2021-03-22",0.51,1.34,445,"1992-03-08 2021-03-22",,,,,,,,,,,,,,,,
2022-03-14,-5.97,6.33,450,"1992-03-07 2021-03-21",82.46,11.59,450,"1992-03-07 2021-03-21",1.79,7.77,450,"1992-03-07 2021-03-21",22.33,8.22,450,"1992-03-07 2021-03-21",-11.9,6.93,450,"1992-03-07 2021-03-21",51.05,15.27,450,"1992-03-07 2021-03-21",-7.96,7.25,450,"1992-03-07 2021-03-21",3.2,3.79,450,"1992-03-07 2021-03-21",0.5,1.31,444,"1992-03-07 2021-03-21",,,,,,,,,,,,,,,,
2022-03-13,-6.34,6.61,450,"1992-03-06 2021-03-20",82.47,11.6,450,"1992-03-06 2021-03-20",1.35,8.03,450,"1992-03-06 2021-03-20",22.31,8.27,450,"1992-03-06 2021-03-20",-12.32,7.17,450,"1992-03-06 2021-03-20",51.22,15.05,450,"1992-03-06 2021-03-20",-8.38,7.54,450,"1992-03-06 2021-03-20",3.1,3.68,450,"1992-03-06 2021-03-20",0.53,1.45,444,"1992-03-06 2021-03-20",,,,,,,,,,,,,,,,
2022-03-12,-6.68,6.79,450,"1992-03-05 2021-03-19",82.45,11.58,450,"1992-03-05 2021-03-19",0.98,8.21,450,"1992-03-05 2021-03-19",22.13,8.38,450,"1992-03-05 2021-03-19",-12.71,7.33,450,"1992-03-05 2021-03-19",51.14,14.77,450,"1992-03-05 2021-03-19",-8.79,7.74,450,"1992-03-05 2021-03-19",3.04,3.56,450,"1992-03-05 2021-03-19",0.54,1.47,443,"1992-03-05 2021-03-19",,,,,,,,,,,,,,,,
2022-03-11,-6.97,6.93,450,"1992-03-04 2021-03-18",82.33,11.51,450,"1992-03-04 2021-03-18",0.57,8.31,450,"1992-03-04 2021-03-18",21.87,8.16,450,"1992-03-04 2021-03-18",-13,7.48,450,"1992-03-04 2021-03-18",51.67,14.6,450,"1992-03-04 2021-03-18",-9.11,7.84,450,"1992-03-04 2021-03-18",2.94,3.53,450,"1992-03-04 2021-03-18",0.56,1.49,443,"1992-03-04 2021-03-18",,,,,,,,,,,,,,,,
2022-03-10,-7.23,7.08,450,"1992-03-03 2021-03-17",82.27,11.68,450,"1992-03-03 2021-03-17",0.26,8.43,450,"1992-03-03 2021-03-17",21.8,8.14,450,"1992-03-03 2021-03-17",-13.25,7.6,450,"1992-03-03 2021-03-17",51.93,14.74,450,"1992-03-03 2021-03-17",-9.38,7.93,450,"1992-03-03 2021-03-17",2.96,3.58,450,"1992-03-03 2021-03-17",0.57,1.44,442,"1992-03-03 2021-03-17",,,,,,,,,,,,,,,,
2022-03-09,-7.42,7.21,450,"1992-03-02 2021-03-16",82.28,11.71,450,"1992-03-02 2021-03-16",-0.05,8.5,450,"1992-03-02 2021-03-16",21.82,8.13,450,"1992-03-02 2021-03-16",-13.58,7.77,450,"1992-03-02 2021-03-16",52.22,14.69,450,"1992-03-02 2021-03-16",-9.7,8.09,450,"1992-03-02 2021-03-16",3.03,3.6,450,"1992-03-02 2021-03-16",0.58,1.53,442,"1992-03-02 2021-03-16",,,,,,,,,,,,,,,,
2022-03-08,-7.62,7.33,450,"1992-03-01 2021-03-15",82.25,11.55,450,"1992-03-01 2021-03-15",-0.25,8.62,450,"1992-03-01 2021-03-15",21.87,8.15,450,"1992-03-01 2021-03-15",-13.86,7.87,450,"1992-03-01 2021-03-15",52.18,14.36,450,"1992-03-01 2021-03-15",-9.99,8.2,450,"1992-03-01 2021-03-15",3.05,3.55,450,"1992-03-01 2021-03-15",0.56,1.48,441,"1992-03-01 2021-03-15",,,,,,,,,,,,,,,,
2022-03-07,-7.84,7.39,450,"1992-02-29 2021-03-14",82.12,11.55,450,"1992-02-29 2021-03-14",-0.49,8.69,450,"1992-02-29 2021-03-14",21.65,7.92,450,"1992-02-29 2021-03-14",-14.1,7.94,450,"1992-02-29 2021-03-14",52.3,14.2,450,"1992-02-29 2021-03-14",-10.28,8.24,450,"1992-02-29 2021-03-14",3.04,3.55,450,"1992-02-29 2021-03-14",0.56,1.47,440,"1992-02-29 2021-03-14",,,,,,,,,,,,,,,,
2022-03-06,-8.08,7.35,450,"1992-02-28 2021-03-13",81.92,11.48,450,"1992-02-28 2021-03-13",-0.73,8.63,450,"1992-02-28 2021-03-13",21.51,7.96,450,"1992-02-28 2021-03-13",-14.41,7.97,450,"1992-02-28 2021-03-13",52.29,14.19,450,"1992-02-28 2021-03-13",-10.61,8.22,450,"1992-02-28 2021-03-13",2.94,3.48,450,"1992-02-28 2021-03-13",0.54,1.46,439,"1992-02-28 2021-03-13",,,,,,,,,,,,,,,,
2022-03-05,-8.33,7.44,450,"1992-02-27 2021-03-12",81.78,11.3,450,"1992-02-27 2021-03-12",-1.03,8.63,450,"1992-02-27 2021-03-12",21.29,7.8,450,"1992-02-27 2021-03-12",-14.75,8.13,450,"1992-02-27 2021-03-12",52.5,13.97,450,"1992-02-27 2021-03-12",-10.99,8.29,450,"1992-02-27 2021-03-12",2.84,3.4,450,"1992-02-27 2021-03-12",0.51,1.4,438,"1992-02-27 2021-03-12",,,,,,,,,,,,,,,,
2022-03-04,-8.67,7.57,450,"1992-02-26 2021-03-11",81.81,11.21,450,"1992-02-26 2021-03-11",-1.38,8.67,450,"1992-02-26 2021-03-11",20.76,7.54,450,"1992-02-26 2021-03-11",-15.15,8.28,450,"1992-02-26 2021-03-11",52.6,13.94,450,"1992-02-26 2021-03-11",-11.49,8.32,450,"1992-02-26 2021-03-11",2.73,3.34,450,"1992-02-26 2021-03-11",0.5,1.38,437,"1992-02-26 2021-03-11",,,,,,,,,,,,,,,,
2022-03-03,-8.99,7.65,450,"1992-02-25 2021-03-10",81.82,11.12,450,"1992-02-25 2021-03-10",-1.73,8.68,450,"1992-02-25 2021-03-10",20.52,7.51,450,"1992-02-25 2021-03-10",-15.5,8.28,450,"1992-02-25 2021-03-10",52.62,13.69,450,"1992-02-25 2021-03-10",-11.87,8.26,450,"1992-02-25 2021-03-10",2.77,3.37,450,"1992-02-25 2021-03-10",0.48,1.35,436,"1992-02-25 2021-03-10",,,,,,,,,,,,,,,,
2022-03-02,-9.2,7.65,450,"1992-02-24 2021-03-09",81.86,10.98,450,"1992-02-24 2021-03-09",-2.02,8.59,450,"1992-02-24 2021-03-09",20.53,7.52,450,"1992-02-24 2021-03-09",-15.71,8.23,450,"1992-02-24 2021-03-09",52.9,13.47,450,"1992-02-24 2021-03-09",-12.13,8.18,450,"1992-02-24 2021-03-09",2.7,3.34,450,"1992-02-24 2021-03-09",0.45,1.3,436,"1992-02-24 2021-03-09",,,,,,,,,,,,,,,,
2022-03-01,-9.29,7.52,450,"1992-02-23 2021-03-08",81.96,10.91,450,"1992-02-23 2021-03-08",-2.2,8.43,450,"1992-02-23 2021-03-08",20.36,7.11,450,"1992-02-23 2021-03-08",-15.77,8.16,450,"1992-02-23 2021-03-08",53.38,13.48,450,"1992-02-23 2021-03-08",-12.25,8.02,450,"1992-02-23 2021-03-08",2.74,3.39,450,"1992-02-23 2021-03-08",0.45,1.29,437,"1992-02-23 2021-03-08",,,,,,,,,,,,,,,,
2022-02-28,-9.21,7.42,450,"1992-02-21 2021-03-07",82.06,10.78,450,"1992-02-21 2021-03-07",-2.18,8.34,450,"1992-02-21 2021-03-07",20.33,7.16,450,"1992-02-21 2021-03-07",-15.69,7.99,450,"1992-02-21 2021-03-07",53.5,13.37,450,"1992-02-21 2021-03-07",-12.18,7.83,450,"1992-02-21 2021-03-07",2.72,3.4,450,"1992-02-21 2021-03-07",0.42,1.25,439,"1992-02-21 2021-03-07",,,,,,,,,,,,,,,,
2022-02-27,-9.16,7.34,450,"1992-02-20 2021-03-06",82.13,10.81,450,"1992-02-20 2021-03-06",-2.16,8.26,450,"1992-02-20 2021-03-06",20.19,7.07,450,"1992-02-20 2021-03-06",-15.71,7.89,450,"1992-02-20 2021-03-06",53.65,13.34,450,"1992-02-20 2021-03-06",-12.21,7.72,450,"1992-02-20 2021-03-06",2.77,3.45,450,"1992-02-20 2021-03-06",0.37,1.08,439,"1992-02-20 2021-03-06",,,,,,,,,,,,,,,,
2022-02-26,-9.04,7.25,450,"1992-02-19 2021-03-05",82.39,10.9,450,"1992-02-19 2021-03-05",-2.14,8.1,450,"1992-02-19 2021-03-05",20.3,7.09,450,"1992-02-19 2021-03-05",-15.63,7.8,450,"1992-02-19 2021-03-05",54.21,13.46,450,"1992-02-19 2021-03-05",-12.2,7.56,450,"1992-02-19 2021-03-05",2.82,3.41,450,"1992-02-19 2021-03-05",0.43,1.35,439,"1992-02-19 2021-03-05",,,,,,,,,,,,,,,,
2022-02-25,-8.98,7.19,450,"1992-02-18 2021-03-04",82.47,10.89,450,"1992-02-18 2021-03-04",-2.13,7.99,450,"1992-02-18 2021-03-04",20.29,6.85,450,"1992-02-18 2021-03-04",-15.58,7.73,450,"1992-02-18 2021-03-04",54.52,13.51,450,"1992-02-18 2021-03-04",-12.18,7.43,450,"1992-02-18 2021-03-04",2.81,3.38,450,"1992-02-18 2021-03-04",0.43,1.34,440,"1992-02-18 2021-03-04",,,,,,,,,,,,,,,,
2022-02-24,-9.08,7.17,450,"1992-02-17 2021-03-03",82.43,10.9,450,"1992-02-17 2021-03-03",-2.21,7.93,450,"1992-02-17 2021-03-03",20.23,6.74,450,"1992-02-17 2021-03-03",-15.69,7.7,450,"1992-02-17 2021-03-03",54.46,13.69,450,"1992-02-17 2021-03-03",-12.3,7.43,450,"1992-02-17 2021-03-03",2.78,3.36,450,"1992-02-17 2021-03-03",0.4,1.3,440,"1992-02-17 2021-03-03",,,,,,,,,,,,,,,,
2022-02-23,-9.22,7.23,450,"1992-02-16 2021-03-02",82.5,10.75,450,"1992-02-16 2021-03-02",-2.41,7.94,450,"1992-02-16 2021-03-02",20.04,6.75,450,"1992-02-16 2021-03-02",-15.79,7.67,450,"1992-02-16 2021-03-02",54.77,13.43,450,"1992-02-16 2021-03-02",-12.43,7.39,450,"1992-02-16 2021-03-02",2.75,3.37,450,"1992-02-16 2021-03-02",0.39,1.28,441,"1992-02-16 2021-03-02",,,,,,,,,,,,,,,,
2022-02-22,-9.29,7.14,450,"1992-02-15 2021-03-01",82.26,10.75,450,"1992-02-15 2021-03-01",-2.46,7.97,450,"1992-02-15 2021-03-01",19.96,6.74,450,"1992-02-15 2021-03-01",-15.88,7.62,450,"1992-02-15 2021-03-01",54.9,13.58,450,"1992-02-15 2021-03-01",-12.52,7.32,450,"1992-02-15 2021-03-01",2.67,3.36,450,"1992-02-15 2021-03-01",0.37,1.17,441,"1992-02-15 2021-03-01",,,,,,,,,,,,,,,,
2022-02-21,-9.25,7.05,450,"1992-02-14 2021-02-28",82.55,10.74,450,"1992-02-14 2021-02-28",-2.5,7.84,450,"1992-02-14 2021-02-28",20.02,6.87,450,"1992-02-14 2021-02-28",-15.96,7.52,450,"1992-02-14 2021-02-28",55.27,13.62,450,"1992-02-14 2021-02-28",-12.61,7.17,450,"1992-02-14 2021-02-28",2.74,3.42,450,"1992-02-14 2021-02-28",0.37,1.18,442,"1992-02-14 2021-02-28",,,,,,,,,,,,,,,,
2022-02-20,-9.17,7.09,450,"1992-02-13 2021-02-27",82.69,10.71,450,"1992-02-13 2021-02-27",-2.58,7.83,450,"1992-02-13 2021-02-27",20.26,7.33,450,"1992-02-13 2021-02-27",-15.92,7.48,450,"1992-02-13 2021-02-27",55.83,13.67,450,"1992-02-13 2021-02-27",-12.55,7.2,450,"1992-02-13 2021-02-27",2.77,3.44,450,"1992-02-13 2021-02-27",0.37,1.17,443,"1992-02-13 2021-02-27",,,,,,,,,,,,,,,,
2022-02-19,-9.23,7.13,450,"1992-02-12 2021-02-26",82.61,10.61,450,"1992-02-12 2021-02-26",-2.66,7.99,450,"1992-02-12 2021-02-26",20.23,7.33,450,"1992-02-12 2021-02-26",-16,7.44,450,"1992-02-12 2021-02-26",55.92,13.52,450,"1992-02-12 2021-02-26",-12.64,7.18,450,"1992-02-12 2021-02-26",2.79,3.48,450,"1992-02-12 2021-02-26",0.37,1.16,443,"1992-02-12 2021-02-26",,,,,,,,,,,,,,,,
2022-02-18,-9.35,7.16,450,"1992-02-11 2021-02-25",82.73,10.72,450,"1992-02-11 2021-02-25",-2.84,8.08,450,"1992-02-11 2021-02-25",20.31,7.47,450,"1992-02-11 2021-02-25",-16.12,7.36,450,"1992-02-11 2021-02-25",56.1,13.33,450,"1992-02-11 2021-02-25",-12.75,7.14,450,"1992-02-11 2021-02-25",2.9,3.51,450,"1992-02-11 2021-02-25",0.39,1.19,444,"1992-02-11 2021-02-25",,,,,,,,,,,,,,,,
2022-02-17,-9.48,7.21,450,"1992-02-10 2021-02-24",82.7,10.73,450,"1992-02-10 2021-02-24",-3.07,8.15,450,"1992-02-10 2021-02-24",20.5,7.57,450,"1992-02-10 2021-02-24",-16.14,7.32,450,"1992-02-10 2021-02-24",56.53,13.43,450,"1992-02-10 2021-02-24",-12.78,7.11,450,"1992-02-10 2021-02-24",2.97,3.54,450,"1992-02-10 2021-02-24",0.4,1.19,445,"1992-02-10 2021-02-24",,,,,,,,,,,,,,,,
2022-02-16,-9.55,7.33,450,"1992-02-09 2021-02-23",82.81,10.82,450,"1992-02-09 2021-02-23",-3.29,8.2,450,"1992-02-09 2021-02-23",20.79,7.81,450,"1992-02-09 2021-02-23",-16.25,7.44,450,"1992-02-09 2021-02-23",57.09,13.27,450,"1992-02-09 2021-02-23",-12.9,7.2,450,"1992-02-09 2021-02-23",3.01,3.62,450,"1992-02-09 2021-02-23",0.42,1.21,445,"1992-02-09 2021-02-23",,,,,,,,,,,,,,,,
2022-02-15,-9.65,7.46,450,"1992-02-08 2021-02-22",82.96,10.87,450,"1992-02-08 2021-02-22",-3.46,8.26,450,"1992-02-08 2021-02-22",20.77,7.86,450,"1992-02-08 2021-02-22",-16.37,7.58,450,"1992-02-08 2021-02-22",57.45,13.2,450,"1992-02-08 2021-02-22",-13.04,7.3,450,"1992-02-08 2021-02-22",3.05,3.65,450,"1992-02-08 2021-02-22",0.43,1.24,444,"1992-02-08 2021-02-22",,,,,,,,,,,,,,,,
2022-02-14,-9.82,7.58,450,"1992-02-07 2021-02-21",83.06,10.91,450,"1992-02-07 2021-02-21",-3.67,8.36,450,"1992-02-07 2021-02-21",20.52,7.96,450,"1992-02-07 2021-02-21",-16.54,7.73,450,"1992-02-07 2021-02-21",57.84,13.15,450,"1992-02-07 2021-02-21",-13.27,7.43,450,"1992-02-07 2021-02-21",3.03,3.67,450,"1992-02-07 2021-02-21",0.41,1.22,443,"1992-02-07 2021-02-21",,,,,,,,,,,,,,,,
2022-02-13,-10.01,7.66,450,"1992-02-06 2021-02-20",83.15,10.87,450,"1992-02-06 2021-02-20",-3.9,8.39,450,"1992-02-06 2021-02-20",20.4,7.98,450,"1992-02-06 2021-02-20",-16.66,7.76,450,"1992-02-06 2021-02-20",58.2,13.05,450,"1992-02-06 2021-02-20",-13.45,7.48,450,"1992-02-06 2021-02-20",2.94,3.63,450,"1992-02-06 2021-02-20",0.41,1.22,442,"1992-02-06 2021-02-20",,,,,,,,,,,,,,,,
2022-02-12,-10.06,7.65,450,"1992-02-05 2021-02-19",83.28,10.61,450,"1992-02-05 2021-02-19",-4.01,8.38,450,"1992-02-05 2021-02-19",20.47,7.99,450,"1992-02-05 2021-02-19",-16.76,7.8,450,"1992-02-05 2021-02-19",58.47,12.88,450,"1992-02-05 2021-02-19",-13.56,7.52,450,"1992-02-05 2021-02-19",2.9,3.61,450,"1992-02-05 2021-02-19",0.42,1.18,443,"1992-02-05 2021-02-19",,,,,,,,,,,,,,,,
2022-02-11,-10.18,7.66,450,"1992-02-04 2021-02-18",83.18,10.44,450,"1992-02-04 2021-02-18",-4.15,8.47,450,"1992-02-04 2021-02-18",20.29,7.98,450,"1992-02-04 2021-02-18",-16.86,7.82,450,"1992-02-04 2021-02-18",58.54,12.72,450,"1992-02-04 2021-02-18",-13.64,7.62,450,"1992-02-04 2021-02-18",2.91,3.61,450,"1992-02-04 2021-02-18",0.37,0.85,442,"1992-02-04 2021-02-18",,,,,,,,,,,,,,,,
2022-02-10,-10.28,7.78,450,"1992-02-03 2021-02-17",83.1,10.37,450,"1992-02-03 2021-02-17",-4.23,8.6,450,"1992-02-03 2021-02-17",20.13,8.01,450,"1992-02-03 2021-02-17",-16.94,7.91,450,"1992-02-03 2021-02-17",58.53,12.74,450,"1992-02-03 2021-02-17",-13.74,7.7,450,"1992-02-03 2021-02-17",2.92,3.64,450,"1992-02-03 2021-02-17",0.38,0.87,441,"1992-02-03 2021-02-17",,,,,,,,,,,,,,,,
2022-02-09,-10.26,7.8,450,"1992-02-02 2021-02-16",83.27,10.32,450,"1992-02-02 2021-02-16",-4.29,8.66,450,"1992-02-02 2021-02-16",20.1,8.06,450,"1992-02-02 2021-02-16",-16.89,7.94,450,"1992-02-02 2021-02-16",58.9,12.42,450,"1992-02-02 2021-02-16",-13.71,7.73,450,"1992-02-02 2021-02-16",2.99,3.67,450,"1992-02-02 2021-02-16",0.39,0.88,441,"1992-02-02 2021-02-16",,,,,,,,,,,,,,,,
2022-02-08,-10.22,7.8,450,"1992-02-01 2021-02-15",83.38,10.28,450,"1992-02-01 2021-02-15",-4.29,8.65,450,"1992-02-01 2021-02-15",20.16,8.02,450,"1992-02-01 2021-02-15",-16.89,7.98,450,"1992-02-01 2021-02-15",58.85,12.51,450,"1992-02-01 2021-02-15",-13.7,7.81,450,"1992-02-01 2021-02-15",2.94,3.67,450,"1992-02-01 2021-02-15",0.4,0.89,440,"1992-02-01 2021-02-15",,,,,,,,,,,,,,,,
2022-02-07,-10.24,7.88,450,"1992-01-31 2021-02-14",83.44,10.33,450,"1992-01-31 2021-02-14",-4.41,8.67,450,"1992-01-31 2021-02-14",20.2,8.06,450,"1992-01-31 2021-02-14",-16.86,8.07,450,"1992-01-31 2021-02-14",59.11,12.41,450,"1992-01-31 2021-02-14",-13.67,7.94,450,"1992-01-31 2021-02-14",2.98,3.78,450,"1992-01-31 2021-02-14",0.4,0.88,439,"1992-01-31 2021-02-14",,,,,,,,,,,,,,,,
2022-02-06,-10.26,8.05,450,"1992-01-30 2021-02-13",83.34,10.24,450,"1992-01-30 2021-02-13",-4.44,8.84,450,"1992-01-30 2021-02-13",20.2,8.1,450,"1992-01-30 2021-02-13",-16.74,8.24,450,"1992-01-30 2021-02-13",59.17,12.37,450,"1992-01-30 2021-02-13",-13.58,8.13,450,"1992-01-30 2021-02-13",2.92,3.75,450,"1992-01-30 2021-02-13",0.41,0.9,438,"1992-01-30 2021-02-13",,,,,,,,,,,,,,,,
2022-02-05,-10.34,8.16,450,"1992-01-29 2021-02-12",83.41,10.02,450,"1992-01-29 2021-02-12",-4.55,8.91,450,"1992-01-29 2021-02-12",19.94,7.74,450,"1992-01-29 2021-02-12",-16.89,8.34,450,"1992-01-29 2021-02-12",59.26,12.15,450,"1992-01-29 2021-02-12",-13.74,8.18,450,"1992-01-29 2021-02-12",2.94,3.75,450,"1992-01-29 2021-02-12",0.41,0.92,437,"1992-01-29 2021-02-12",,,,,,,,,,,,,,,,
2022-02-04,-10.45,8.3,450,"1992-01-28 2021-02-11",83.62,9.87,450,"1992-01-28 2021-02-11",-4.74,8.95,450,"1992-01-28 2021-02-11",20.02,7.89,450,"1992-01-28 2021-02-11",-16.94,8.47,450,"1992-01-28 2021-02-11",59.68,12.03,450,"1992-01-28 2021-02-11",-13.84,8.29,450,"1992-01-28 2021-02-11",2.92,3.75,450,"1992-01-28 2021-02-11",0.42,0.93,437,"1992-01-28 2021-02-11",,,,,,,,,,,,,,,,
2022-02-03,-10.37,8.4,450,"1992-01-27 2021-02-10",83.84,9.65,450,"1992-01-27 2021-02-10",-4.7,9.01,450,"1992-01-27 2021-02-10",19.91,7.92,450,"1992-01-27 2021-02-10",-16.86,8.66,450,"1992-01-27 2021-02-10",59.99,12.03,450,"1992-01-27 2021-02-10",-13.82,8.47,450,"1992-01-27 2021-02-10",2.85,3.76,450,"1992-01-27 2021-02-10",0.4,0.9,436,"1992-01-27 2021-02-10",,,,,,,,,,,,,,,,
2022-02-02,-10.22,8.49,450,"1992-01-26 2021-02-09",84.15,9.46,450,"1992-01-26 2021-02-09",-4.59,9.07,450,"1992-01-26 2021-02-09",19.78,7.91,450,"1992-01-26 2021-02-09",-16.83,8.73,450,"1992-01-26 2021-02-09",60.11,11.98,450,"1992-01-26 2021-02-09",-13.84,8.54,450,"1992-01-26 2021-02-09",2.77,3.74,450,"1992-01-26 2021-02-09",0.42,0.98,435,"1992-01-26 2021-02-09",,,,,,,,,,,,,,,,
2022-02-01,-10.16,8.45,450,"1992-01-25 2021-02-08",84.14,9.33,450,"1992-01-25 2021-02-08",-4.49,9.14,450,"1992-01-25 2021-02-08",19.55,7.58,450,"1992-01-25 2021-02-08",-16.69,8.69,450,"1992-01-25 2021-02-08",60.27,12.17,450,"1992-01-25 2021-02-08",-13.75,8.55,450,"1992-01-25 2021-02-08",2.71,3.63,450,"1992-01-25 2021-02-08",0.41,0.96,435,"1992-01-25 2021-02-08",,,,,,,,,,,,,,,,
2022-01-31,-10.09,8.42,450,"1992-01-24 2021-02-07",84.21,9.25,450,"1992-01-24 2021-02-07",-4.45,9.17,450,"1992-01-24 2021-02-07",19.47,7.59,450,"1992-01-24 2021-02-07",-16.65,8.71,450,"1992-01-24 2021-02-07",60.45,12.26,450,"1992-01-24 2021-02-07",-13.73,8.58,450,"1992-01-24 2021-02-07",2.65,3.55,450,"1992-01-24 2021-02-07",0.46,1.09,436,"1992-01-24 2021-02-07",,,,,,,,,,,,,,,,
2022-01-30,-10,8.37,450,"1992-01-23 2021-02-06",84.36,9.18,450,"1992-01-23 2021-02-06",-4.4,9.16,450,"1992-01-23 2021-02-06",19.66,7.68,450,"1992-01-23 2021-02-06",-16.57,8.63,450,"1992-01-23 2021-02-06",60.77,12.62,450,"1992-01-23 2021-02-06",-13.65,8.5,450,"1992-01-23 2021-02-06",2.71,3.56,450,"1992-01-23 2021-02-06",0.52,1.21,437,"1992-01-23 2021-02-06",,,,,,,,,,,,,,,,
2022-01-29,-9.84,8.25,449,"1992-01-22 2021-02-05",84.64,9.09,449,"1992-01-22 2021-02-05",-4.35,9.08,450,"1992-01-22 2021-02-05",19.65,7.7,450,"1992-01-22 2021-02-05",-16.49,8.57,449,"1992-01-22 2021-02-05",61.29,12.9,449,"1992-01-22 2021-02-05",-13.55,8.44,450,"1992-01-22 2021-02-05",2.82,3.57,450,"1992-01-22 2021-02-05",0.55,1.29,437,"1992-01-22 2021-02-05",,,,,,,,,,,,,,,,
2022-01-28,-9.8,8.2,449,"1992-01-21 2021-02-04",84.81,9.25,449,"1992-01-21 2021-02-04",-4.39,9.02,450,"1992-01-21 2021-02-04",19.65,7.72,450,"1992-01-21 2021-02-04",-16.37,8.51,449,"1992-01-21 2021-02-04",61.86,13.11,449,"1992-01-21 2021-02-04",-13.52,8.36,450,"1992-01-21 2021-02-04",2.82,3.55,450,"1992-01-21 2021-02-04",0.55,1.29,435,"1992-01-21 2021-02-04",,,,,,,,,,,,,,,,
2022-01-27,-9.76,8.17,449,"1992-01-20 2021-02-03",85.06,9.38,449,"1992-01-20 2021-02-03",-4.37,8.98,450,"1992-01-20 2021-02-03",19.45,7.75,450,"1992-01-20 2021-02-03",-16.34,8.47,449,"1992-01-20 2021-02-03",62.16,13.49,449,"1992-01-20 2021-02-03",-13.55,8.28,450,"1992-01-20 2021-02-03",2.73,3.57,450,"1992-01-20 2021-02-03",0.56,1.33,435,"1992-01-20 2021-02-03",,,,,,,,,,,,,,,,
2022-01-26,-9.64,8.12,449,"1992-01-19 2021-02-02",85.29,9.38,449,"1992-01-19 2021-02-02",-4.36,8.97,450,"1992-01-19 2021-02-02",19.47,7.88,450,"1992-01-19 2021-02-02",-16.29,8.47,449,"1992-01-19 2021-02-02",62.62,13.62,449,"1992-01-19 2021-02-02",-13.51,8.3,450,"1992-01-19 2021-02-02",2.73,3.56,450,"1992-01-19 2021-02-02",0.55,1.33,435,"1992-01-19 2021-02-02",,,,,,,,,,,,,,,,
2022-01-25,-9.66,8.21,449,"1992-01-18 2021-02-01",85.35,9.54,449,"1992-01-18 2021-02-01",-4.37,9.03,450,"1992-01-18 2021-02-01",19.44,7.87,450,"1992-01-18 2021-02-01",-16.32,8.53,449,"1992-01-18 2021-02-01",62.8,13.85,449,"1992-01-18 2021-02-01",-13.6,8.33,450,"1992-01-18 2021-02-01",2.69,3.56,450,"1992-01-18 2021-02-01",0.54,1.31,435,"1992-01-18 2021-02-01",,,,,,,,,,,,,,,,
2022-01-24,-9.77,8.39,448,"1992-01-17 2021-01-31",85.36,9.63,448,"1992-01-17 2021-01-31",-4.5,9.15,450,"1992-01-17 2021-01-31",19.44,7.77,450,"1992-01-17 2021-01-31",-16.41,8.62,448,"1992-01-17 2021-01-31",63.13,13.65,448,"1992-01-17 2021-01-31",-13.72,8.36,450,"1992-01-17 2021-01-31",2.72,3.53,450,"1992-01-17 2021-01-31",0.54,1.32,435,"1992-01-17 2021-01-31",,,,,,,,,,,,,,,,
2022-01-23,-9.87,8.55,448,"1992-01-16 2021-01-30",85.37,9.6,448,"1992-01-16 2021-01-30",-4.67,9.24,450,"1992-01-16 2021-01-30",19.35,7.7,450,"1992-01-16 2021-01-30",-16.55,8.61,448,"1992-01-16 2021-01-30",63.17,13.64,448,"1992-01-16 2021-01-30",-13.88,8.29,450,"1992-01-16 2021-01-30",2.72,3.37,450,"1992-01-16 2021-01-30",0.55,1.33,436,"1992-01-16 2021-01-30",,,,,,,,,,,,,,,,
2022-01-22,-9.97,8.57,448,"1992-01-15 2021-01-29",85.36,9.74,448,"1992-01-15 2021-01-29",-4.78,9.25,450,"1992-01-15 2021-01-29",19.48,8.01,450,"1992-01-15 2021-01-29",-16.72,8.62,448,"1992-01-15 2021-01-29",63.45,13.76,448,"1992-01-15 2021-01-29",-14.05,8.29,450,"1992-01-15 2021-01-29",2.8,3.47,450,"1992-01-15 2021-01-29",0.58,1.36,436,"1992-01-15 2021-01-29",,,,,,,,,,,,,,,,
2022-01-21,-10.12,8.64,448,"1992-01-14 2021-01-28",85.37,9.96,448,"1992-01-14 2021-01-28",-5.02,9.3,450,"1992-01-14 2021-01-28",19.41,7.99,450,"1992-01-14 2021-01-28",-16.77,8.66,448,"1992-01-14 2021-01-28",63.86,13.73,448,"1992-01-14 2021-01-28",-14.15,8.28,450,"1992-01-14 2021-01-28",2.84,3.45,450,"1992-01-14 2021-01-28",0.6,1.37,435,"1992-01-14 2021-01-28",,,,,,,,,,,,,,,,
2022-01-20,-10.12,8.68,448,"1992-01-13 2021-01-27",85.69,10.01,448,"1992-01-13 2021-01-27",-5.13,9.3,450,"1992-01-13 2021-01-27",19.41,8.1,450,"1992-01-13 2021-01-27",-16.84,8.68,448,"1992-01-13 2021-01-27",64.14,13.78,448,"1992-01-13 2021-01-27",-14.26,8.27,450,"1992-01-13 2021-01-27",2.88,3.44,450,"1992-01-13 2021-01-27",0.64,1.4,435,"1992-01-13 2021-01-27",,,,,,,,,,,,,,,,
2022-01-19,-10.31,8.7,448,"1992-01-12 2021-01-26",85.62,10.15,448,"1992-01-12 2021-01-26",-5.35,9.27,450,"1992-01-12 2021-01-26",19.36,8.03,450,"1992-01-12 2021-01-26",-17.02,8.67,448,"1992-01-12 2021-01-26",64.42,13.7,448,"1992-01-12 2021-01-26",-14.44,8.21,450,"1992-01-12 2021-01-26",2.9,3.42,450,"1992-01-12 2021-01-26",0.68,1.51,436,"1992-01-12 2021-01-26",,,,,,,,,,,,,,,,
2022-01-18,-10.53,8.71,448,"1992-01-11 2021-01-25",85.45,10.24,448,"1992-01-11 2021-01-25",-5.58,9.3,450,"1992-01-11 2021-01-25",19.4,8.11,450,"1992-01-11 2021-01-25",-17.14,8.74,448,"1992-01-11 2021-01-25",64.69,13.64,448,"1992-01-11 2021-01-25",-14.57,8.26,450,"1992-01-11 2021-01-25",2.9,3.43,450,"1992-01-11 2021-01-25",0.68,1.48,436,"1992-01-11 2021-01-25",,,,,,,,,,,,,,,,
2022-01-17,-10.7,8.75,448,"1992-01-10 2021-01-24",85.43,10.26,448,"1992-01-10 2021-01-24",-5.83,9.27,450,"1992-01-10 2021-01-24",19.29,8.19,450,"1992-01-10 2021-01-24",-17.4,8.78,448,"1992-01-10 2021-01-24",64.88,13.37,448,"1992-01-10 2021-01-24",-14.83,8.23,450,"1992-01-10 2021-01-24",2.88,3.41,450,"1992-01-10 2021-01-24",0.68,1.48,436,"1992-01-10 2021-01-24",,,,,,,,,,,,,,,,
2022-01-16,-10.9,8.79,448,"1992-01-09 2021-01-23",85.29,10.32,448,"1992-01-09 2021-01-23",-6.02,9.32,450,"1992-01-09 2021-01-23",19.38,8.24,450,"1992-01-09 2021-01-23",-17.59,8.75,448,"1992-01-09 2021-01-23",64.78,13.24,448,"1992-01-09 2021-01-23",-15,8.21,450,"1992-01-09 2021-01-23",2.89,3.49,450,"1992-01-09 2021-01-23",0.64,1.4,436,"1992-01-09 2021-01-23",,,,,,,,,,,,,,,,
2022-01-15,-10.97,8.77,448,"1992-01-08 2021-01-22",85.05,10.36,448,"1992-01-08 2021-01-22",-6.13,9.31,450,"1992-01-08 2021-01-22",19.56,8.51,450,"1992-01-08 2021-01-22",-17.76,8.76,448,"1992-01-08 2021-01-22",64.67,12.99,448,"1992-01-08 2021-01-22",-15.12,8.27,450,"1992-01-08 2021-01-22",2.86,3.5,450,"1992-01-08 2021-01-22",0.62,1.34,434,"1992-01-08 2021-01-22",,,,,,,,,,,,,,,,
2022-01-14,-11.01,8.78,449,"1992-01-07 2021-01-21",84.81,10.33,449,"1992-01-07 2021-01-21",-6.15,9.33,450,"1992-01-07 2021-01-21",19.7,8.46,450,"1992-01-07 2021-01-21",-17.81,8.77,449,"1992-01-07 2021-01-21",64.34,12.78,449,"1992-01-07 2021-01-21",-15.18,8.25,450,"1992-01-07 2021-01-21",2.79,3.47,450,"1992-01-07 2021-01-21",0.6,1.28,435,"1992-01-07 2021-01-21",,,,,,,,,,,,,,,,
2022-01-13,-11.08,8.81,449,"1992-01-06 2021-01-20",84.39,10.41,449,"1992-01-06 2021-01-20",-6.16,9.43,450,"1992-01-06 2021-01-20",19.81,8.46,450,"1992-01-06 2021-01-20",-17.92,8.85,449,"1992-01-06 2021-01-20",63.81,12.87,449,"1992-01-06 2021-01-20",-15.16,8.39,450,"1992-01-06 2021-01-20",2.8,3.45,450,"1992-01-06 2021-01-20",0.62,1.39,436,"1992-01-06 2021-01-20",,,,,,,,,,,,,,,,
2022-01-12,-11.13,8.9,448,"1992-01-05 2021-01-19",84.25,10.41,448,"1992-01-05 2021-01-19",-6.28,9.48,450,"1992-01-05 2021-01-19",19.97,8.49,450,"1992-01-05 2021-01-19",-17.98,8.9,448,"1992-01-05 2021-01-19",63.68,12.64,448,"1992-01-05 2021-01-19",-15.22,8.46,450,"1992-01-05 2021-01-19",2.85,3.48,450,"1992-01-05 2021-01-19",0.66,1.59,436,"1992-01-05 2021-01-19",,,,,,,,,,,,,,,,
2022-01-11,-11.27,8.89,447,"1992-01-04 2021-01-18",84.17,10.35,447,"1992-01-04 2021-01-18",-6.43,9.48,450,"1992-01-04 2021-01-18",19.98,8.41,450,"1992-01-04 2021-01-18",-18.1,8.92,447,"1992-01-04 2021-01-18",63.48,12.5,447,"1992-01-04 2021-01-18",-15.36,8.48,450,"1992-01-04 2021-01-18",2.84,3.46,450,"1992-01-04 2021-01-18",0.7,1.69,437,"1992-01-04 2021-01-18",,,,,,,,,,,,,,,,
2022-01-10,-11.35,8.85,447,"1992-01-03 2021-01-17",84.05,10.11,447,"1992-01-03 2021-01-17",-6.56,9.5,450,"1992-01-03 2021-01-17",19.97,8.4,450,"1992-01-03 2021-01-17",-18.25,8.87,447,"1992-01-03 2021-01-17",63.33,12.24,447,"1992-01-03 2021-01-17",-15.42,8.51,450,"1992-01-03 2021-01-17",2.83,3.45,450,"1992-01-03 2021-01-17",0.7,1.69,438,"1992-01-03 2021-01-17",,,,,,,,,,,,,,,,
2022-01-09,-11.33,8.71,448,"1992-01-02 2021-01-16",83.97,9.9,448,"1992-01-02 2021-01-16",-6.57,9.42,450,"1992-01-02 2021-01-16",19.93,8.48,450,"1992-01-02 2021-01-16",-18.27,8.79,448,"1992-01-02 2021-01-16",63.41,12.34,448,"1992-01-02 2021-01-16",-15.42,8.5,450,"1992-01-02 2021-01-16",2.76,3.4,450,"1992-01-02 2021-01-16",0.68,1.67,438,"1992-01-02 2021-01-16",,,,,,,,,,,,,,,,
2022-01-08,-11.37,8.53,448,"1992-01-01 2021-01-15",84.06,9.83,448,"1992-01-01 2021-01-15",-6.62,9.29,450,"1992-01-01 2021-01-15",20,8.56,450,"1992-01-01 2021-01-15",-18.34,8.72,448,"1992-01-01 2021-01-15",63.59,12.35,448,"1992-01-01 2021-01-15",-15.51,8.44,450,"1992-01-01 2021-01-15",2.77,3.53,450,"1992-01-01 2021-01-15",0.7,1.69,438,"1992-01-01 2021-01-15",,,,,,,,,,,,,,,,
2022-01-07,-11.53,8.5,448,"1991-12-31 2021-01-14",84.1,9.87,448,"1991-12-31 2021-01-14",-6.8,9.21,450,"1991-12-31 2021-01-14",19.72,8.16,450,"1991-12-31 2021-01-14",-18.45,8.58,448,"1991-12-31 2021-01-14",63.66,12.26,448,"1991-12-31 2021-01-14",-15.63,8.3,450,"1991-12-31 2021-01-14",2.73,3.43,450,"1991-12-31 2021-01-14",0.68,1.67,438,"1991-12-31 2021-01-14",,,,,,,,,,,,,,,,
2022-01-06,-11.63,8.33,448,"1991-12-30 2021-01-13",84.04,9.99,448,"1991-12-30 2021-01-13",-6.86,9.09,450,"1991-12-30 2021-01-13",19.6,8.07,450,"1991-12-30 2021-01-13",-18.45,8.44,448,"1991-12-30 2021-01-13",63.56,12.48,448,"1991-12-30 2021-01-13",-15.65,8.19,450,"1991-12-30 2021-01-13",2.68,3.48,450,"1991-12-30 2021-01-13",0.68,1.77,438,"1991-12-30 2021-01-13",,,,,,,,,,,,,,,,
2022-01-05,-11.68,8.24,448,"1991-12-29 2021-01-12",83.96,10.01,448,"1991-12-29 2021-01-12",-6.88,9.06,450,"1991-12-29 2021-01-12",19.48,7.96,450,"1991-12-29 2021-01-12",-18.36,8.35,448,"1991-12-29 2021-01-12",63.56,12.76,448,"1991-12-29 2021-01-12",-15.56,8.15,450,"1991-12-29 2021-01-12",2.69,3.53,450,"1991-12-29 2021-01-12",0.67,1.76,439,"1991-12-29 2021-01-12",,,,,,,,,,,,,,,,
2022-01-04,-11.55,8.21,448,"1991-12-28 2021-01-11",84.04,9.99,448,"1991-12-28 2021-01-11",-6.79,9.07,450,"1991-12-28 2021-01-11",19.38,7.89,450,"1991-12-28 2021-01-11",-18.18,8.26,448,"1991-12-28 2021-01-11",63.6,13.01,448,"1991-12-28 2021-01-11",-15.38,8.11,450,"1991-12-28 2021-01-11",2.68,3.51,450,"1991-12-28 2021-01-11",0.63,1.7,439,"1991-12-28 2021-01-11",,,,,,,,,,,,,,,,
2022-01-03,-11.36,8.08,448,"1991-12-27 2021-01-10",84.21,9.94,448,"1991-12-27 2021-01-10",-6.61,8.96,450,"1991-12-27 2021-01-10",19.26,7.86,450,"1991-12-27 2021-01-10",-18.02,8.13,448,"1991-12-27 2021-01-10",63.7,13.25,448,"1991-12-27 2021-01-10",-15.2,7.99,450,"1991-12-27 2021-01-10",2.65,3.49,450,"1991-12-27 2021-01-10",0.6,1.68,438,"1991-12-27 2021-01-10",,,,,,,,,,,,,,,,
2022-01-02,-11.13,7.93,448,"1991-12-26 2021-01-09",84.36,9.9,448,"1991-12-26 2021-01-09",-6.39,8.84,450,"1991-12-26 2021-01-09",19.17,7.81,450,"1991-12-26 2021-01-09",-17.75,8.03,448,"1991-12-26 2021-01-09",63.75,13.35,448,"1991-12-26 2021-01-09",-14.94,7.93,450,"1991-12-26 2021-01-09",2.61,3.47,450,"1991-12-26 2021-01-09",0.6,1.68,439,"1991-12-26 2021-01-09",,,,,,,,,,,,,,,,
2022-01-01,-10.88,7.82,448,"1991-12-25 2021-01-08",84.46,9.82,448,"1991-12-25 2021-01-08",-6.13,8.79,450,"1991-12-25 2021-01-08",18.88,7.73,450,"1991-12-25 2021-01-08",-17.48,7.99,448,"1991-12-25 2021-01-08",63.81,13.26,448,"1991-12-25 2021-01-08",-14.71,7.92,450,"1991-12-25 2021-01-08",2.56,3.37,450,"1991-12-25 2021-01-08",0.57,1.66,439,"1991-12-25 2021-01-08",,,,,,,,,,,,,,,,
2021-12-31,-10.73,7.84,448,"1991-12-24 2021-01-07",84.37,9.86,448,"1991-12-24 2021-01-07",-5.91,8.83,450,"1991-12-24 2021-01-07",18.6,7.37,450,"1991-12-24 2021-01-07",-17.25,8.03,448,"1991-12-24 2021-01-07",63.61,13.49,448,"1991-12-24 2021-01-07",-14.49,7.98,450,"1991-12-24 2021-01-07",2.56,3.29,450,"1991-12-24 2021-01-07",0.55,1.64,441,"1991-12-24 2021-01-07",,,,,,,,,,,,,,,,
2021-12-30,-10.71,7.94,448,"1991-12-23 2021-01-06",84.2,10.06,448,"1991-12-23 2021-01-06",-5.84,8.92,450,"1991-12-23 2021-01-06",18.47,7.44,450,"1991-12-23 2021-01-06",-17.24,8.11,448,"1991-12-23 2021-01-06",63.53,13.52,448,"1991-12-23 2021-01-06",-14.46,8.05,450,"1991-12-23 2021-01-06",2.63,3.3,450,"1991-12-23 2021-01-06",0.53,1.64,440,"1991-12-23 2021-01-06",,,,,,,,,,,,,,,,
2021-12-29,-10.8,8,448,"1991-12-22 2021-01-05",84.23,10.06,448,"1991-12-22 2021-01-05",-5.92,8.97,450,"1991-12-22 2021-01-05",18.25,7.41,450,"1991-12-22 2021-01-05",-17.27,8.12,448,"1991-12-22 2021-01-05",63.42,13.38,448,"1991-12-22 2021-01-05",-14.54,8.07,450,"1991-12-22 2021-01-05",2.66,3.33,450,"1991-12-22 2021-01-05",0.51,1.55,440,"1991-12-22 2021-01-05",,,,,,,,,,,,,,,,
2021-12-28,-10.78,7.99,449,"1991-12-21 2021-01-04",84.27,10.01,449,"1991-12-21 2021-01-04",-5.86,8.97,450,"1991-12-21 2021-01-04",18.27,7.45,450,"1991-12-21 2021-01-04",-17.25,8.15,449,"1991-12-21 2021-01-04",63.37,13.28,449,"1991-12-21 2021-01-04",-14.46,8.09,450,"1991-12-21 2021-01-04",2.64,3.31,450,"1991-12-21 2021-01-04",0.46,1.31,440,"1991-12-21 2021-01-04",,,,,,,,,,,,,,,,
2021-12-27,-10.68,7.99,449,"1991-12-20 2021-01-03",84.33,10.06,449,"1991-12-20 2021-01-03",-5.72,8.89,450,"1991-12-20 2021-01-03",18.39,7.63,450,"1991-12-20 2021-01-03",-17.17,8.06,449,"1991-12-20 2021-01-03",63.48,13.26,449,"1991-12-20 2021-01-03",-14.35,8,450,"1991-12-20 2021-01-03",2.59,3.32,450,"1991-12-20 2021-01-03",0.42,1.19,439,"1991-12-20 2021-01-03",,,,,,,,,,,,,,,,
2021-12-26,-10.54,7.92,449,"1991-12-19 2021-01-02",84.5,10.16,449,"1991-12-19 2021-01-02",-5.57,8.78,450,"1991-12-19 2021-01-02",18.44,7.9,450,"1991-12-19 2021-01-02",-16.95,7.95,449,"1991-12-19 2021-01-02",63.61,13.31,449,"1991-12-19 2021-01-02",-14.18,7.9,450,"1991-12-19 2021-01-02",2.58,3.3,450,"1991-12-19 2021-01-02",0.42,1.18,438,"1991-12-19 2021-01-02",,,,,,,,,,,,,,,,
2021-12-25,-10.39,7.74,449,"1991-12-18 2021-01-01",84.55,10.18,449,"1991-12-18 2021-01-01",-5.39,8.59,450,"1991-12-18 2021-01-01",18.5,8.07,450,"1991-12-18 2021-01-01",-16.86,7.81,449,"1991-12-18 2021-01-01",63.67,13.26,449,"1991-12-18 2021-01-01",-14.12,7.7,450,"1991-12-18 2021-01-01",2.67,3.34,450,"1991-12-18 2021-01-01",0.41,1.18,439,"1991-12-18 2021-01-01",,,,,,,,,,,,,,,,
2021-12-24,-10.18,7.65,449,"1991-12-17 2020-12-31",84.57,10.03,449,"1991-12-17 2020-12-31",-5.15,8.5,450,"1991-12-17 2020-12-31",18.56,8.45,450,"1991-12-17 2020-12-31",-16.62,7.73,449,"1991-12-17 2020-12-31",63.62,13.22,449,"1991-12-17 2020-12-31",-13.84,7.7,450,"1991-12-17 2020-12-31",2.63,3.2,450,"1991-12-17 2020-12-31",0.38,1.15,440,"1991-12-17 2020-12-31",,,,,,,,,,,,,,,,
2021-12-23,-9.95,7.43,449,"1991-12-16 2020-12-30",84.54,9.94,449,"1991-12-16 2020-12-30",-4.92,8.36,450,"1991-12-16 2020-12-30",18.58,8.53,450,"1991-12-16 2020-12-30",-16.32,7.65,449,"1991-12-16 2020-12-30",63.51,13.09,449,"1991-12-16 2020-12-30",-13.54,7.65,450,"1991-12-16 2020-12-30",2.58,3.22,450,"1991-12-16 2020-12-30",0.36,1.11,441,"1991-12-16 2020-12-30",,,,,,,,,,,,,,,,
2021-12-22,-9.64,7.34,449,"1991-12-15 2020-12-29",84.68,9.73,449,"1991-12-15 2020-12-29",-4.61,8.28,450,"1991-12-15 2020-12-29",18.97,8.77,450,"1991-12-15 2020-12-29",-16.12,7.62,449,"1991-12-15 2020-12-29",63.34,12.96,449,"1991-12-15 2020-12-29",-13.3,7.64,450,"1991-12-15 2020-12-29",2.62,3.25,450,"1991-12-15 2020-12-29",0.34,0.91,442,"1991-12-15 2020-12-29",,,,,,,,,,,,,,,,
2021-12-21,-9.45,7.32,448,"1991-12-14 2020-12-28",84.59,9.69,448,"1991-12-14 2020-12-28",-4.38,8.23,450,"1991-12-14 2020-12-28",18.98,8.67,450,"1991-12-14 2020-12-28",-16.02,7.62,448,"1991-12-14 2020-12-28",63.09,12.74,448,"1991-12-14 2020-12-28",-13.18,7.62,450,"1991-12-14 2020-12-28",2.63,3.18,450,"1991-12-14 2020-12-28",0.31,0.86,440,"1991-12-14 2020-12-28",,,,,,,,,,,,,,,,
2021-12-20,-9.36,7.29,448,"1991-12-13 2020-12-27",84.62,9.58,448,"1991-12-13 2020-12-27",-4.25,8.2,450,"1991-12-13 2020-12-27",19.21,8.69,450,"1991-12-13 2020-12-27",-15.9,7.66,448,"1991-12-13 2020-12-27",62.77,12.52,448,"1991-12-13 2020-12-27",-13.05,7.65,450,"1991-12-13 2020-12-27",2.65,3.28,450,"1991-12-13 2020-12-27",0.31,0.83,439,"1991-12-13 2020-12-27",,,,,,,,,,,,,,,,
2021-12-19,-9.29,7.29,448,"1991-12-12 2020-12-26",84.54,9.64,448,"1991-12-12 2020-12-26",-4.16,8.2,450,"1991-12-12 2020-12-26",19.49,8.67,450,"1991-12-12 2020-12-26",-15.79,7.63,448,"1991-12-12 2020-12-26",62.46,12.34,448,"1991-12-12 2020-12-26",-12.91,7.64,450,"1991-12-12 2020-12-26",2.81,3.42,450,"1991-12-12 2020-12-26",0.33,0.86,441,"1991-12-12 2020-12-26",,,,,,,,,,,,,,,,
2021-12-18,-9.18,7.34,447,"1991-12-11 2020-12-25",84.66,9.68,447,"1991-12-11 2020-12-25",-4.06,8.22,450,"1991-12-11 2020-12-25",19.72,8.56,450,"1991-12-11 2020-12-25",-15.66,7.61,447,"1991-12-11 2020-12-25",62.5,12.33,447,"1991-12-11 2020-12-25",-12.73,7.64,450,"1991-12-11 2020-12-25",2.9,3.52,450,"1991-12-11 2020-12-25",0.36,0.92,441,"1991-12-11 2020-12-25",,,,,,,,,,,,,,,,
2021-12-17,-9.1,7.36,446,"1991-12-10 2020-12-24",84.67,9.79,446,"1991-12-10 2020-12-24",-3.96,8.25,450,"1991-12-10 2020-12-24",20.07,8.61,450,"1991-12-10 2020-12-24",-15.61,7.54,446,"1991-12-10 2020-12-24",62.5,12.47,446,"1991-12-10 2020-12-24",-12.67,7.57,450,"1991-12-10 2020-12-24",2.87,3.52,450,"1991-12-10 2020-12-24",0.38,0.93,440,"1991-12-10 2020-12-24",,,,,,,,,,,,,,,,
2021-12-16,-9.1,7.36,445,"1991-12-09 2020-12-23",84.82,9.79,445,"1991-12-09 2020-12-23",-3.99,8.22,450,"1991-12-09 2020-12-23",20.12,8.54,450,"1991-12-09 2020-12-23",-15.64,7.46,445,"1991-12-09 2020-12-23",62.69,12.24,445,"1991-12-09 2020-12-23",-12.71,7.48,450,"1991-12-09 2020-12-23",2.89,3.6,450,"1991-12-09 2020-12-23",0.38,0.91,439,"1991-12-09 2020-12-23",,,,,,,,,,,,,,,,
2021-12-15,-9.16,7.32,444,"1991-12-08 2020-12-22",85.05,9.62,444,"1991-12-08 2020-12-22",-4.1,8.15,450,"1991-12-08 2020-12-22",20,8.46,450,"1991-12-08 2020-12-22",-15.65,7.45,444,"1991-12-08 2020-12-22",62.87,12.17,444,"1991-12-08 2020-12-22",-12.74,7.45,450,"1991-12-08 2020-12-22",2.86,3.6,450,"1991-12-08 2020-12-22",0.38,0.93,440,"1991-12-08 2020-12-22",,,,,,,,,,,,,,,,
2021-12-14,-9.15,7.26,444,"1991-12-07 2020-12-21",85.03,9.56,444,"1991-12-07 2020-12-21",-4.09,8.09,450,"1991-12-07 2020-12-21",19.97,8.41,450,"1991-12-07 2020-12-21",-15.64,7.43,444,"1991-12-07 2020-12-21",63.15,12.32,444,"1991-12-07 2020-12-21",-12.77,7.4,450,"1991-12-07 2020-12-21",2.86,3.58,450,"1991-12-07 2020-12-21",0.37,0.91,440,"1991-12-07 2020-12-21",,,,,,,,,,,,,,,,
2021-12-13,-9.23,7.27,444,"1991-12-06 2020-12-20",84.97,9.54,444,"1991-12-06 2020-12-20",-4.16,8.11,450,"1991-12-06 2020-12-20",19.93,8.39,450,"1991-12-06 2020-12-20",-15.66,7.34,444,"1991-12-06 2020-12-20",63.32,12.33,444,"1991-12-06 2020-12-20",-12.8,7.31,450,"1991-12-06 2020-12-20",2.89,3.63,450,"1991-12-06 2020-12-20",0.38,0.93,440,"1991-12-06 2020-12-20",,,,,,,,,,,,,,,,
2021-12-12,-9.27,7.22,445,"1991-12-05 2020-12-19",84.88,9.44,445,"1991-12-05 2020-12-19",-4.21,8.09,450,"1991-12-05 2020-12-19",20.1,8.44,450,"1991-12-05 2020-12-19",-15.63,7.28,445,"1991-12-05 2020-12-19",63.13,12.32,445,"1991-12-05 2020-12-19",-12.76,7.26,450,"1991-12-05 2020-12-19",3.1,3.76,450,"1991-12-05 2020-12-19",0.39,0.94,440,"1991-12-05 2020-12-19",,,,,,,,,,,,,,,,
2021-12-11,-9.26,7.15,445,"1991-12-04 2020-12-18",84.9,9.34,445,"1991-12-04 2020-12-18",-4.25,8,450,"1991-12-04 2020-12-18",20.32,8.51,450,"1991-12-04 2020-12-18",-15.69,7.24,445,"1991-12-04 2020-12-18",63.38,12.24,445,"1991-12-04 2020-12-18",-12.84,7.2,450,"1991-12-04 2020-12-18",3.25,3.81,450,"1991-12-04 2020-12-18",0.42,0.99,440,"1991-12-04 2020-12-18",,,,,,,,,,,,,,,,
2021-12-10,-9.3,7.23,445,"1991-12-03 2020-12-17",85.06,9.31,445,"1991-12-03 2020-12-17",-4.29,8.12,450,"1991-12-03 2020-12-17",20.34,8.45,450,"1991-12-03 2020-12-17",-15.58,7.23,445,"1991-12-03 2020-12-17",63.2,12.26,445,"1991-12-03 2020-12-17",-12.72,7.23,450,"1991-12-03 2020-12-17",3.27,3.82,450,"1991-12-03 2020-12-17",0.45,1.03,439,"1991-12-03 2020-12-17",,,,,,,,,,,,,,,,
2021-12-09,-9.29,7.25,445,"1991-12-02 2020-12-16",85.18,9.43,445,"1991-12-02 2020-12-16",-4.28,8.14,450,"1991-12-02 2020-12-16",20.29,8.19,450,"1991-12-02 2020-12-16",-15.51,7.23,445,"1991-12-02 2020-12-16",63.33,12.51,445,"1991-12-02 2020-12-16",-12.7,7.17,450,"1991-12-02 2020-12-16",3.26,3.84,450,"1991-12-02 2020-12-16",0.46,1.08,438,"1991-12-02 2020-12-16",,,,,,,,,,,,,,,,
2021-12-08,-9.18,7.21,445,"1991-12-01 2020-12-15",85.34,9.4,445,"1991-12-01 2020-12-15",-4.2,8.09,450,"1991-12-01 2020-12-15",20.47,8.35,450,"1991-12-01 2020-12-15",-15.44,7.22,445,"1991-12-01 2020-12-15",63.41,12.88,445,"1991-12-01 2020-12-15",-12.65,7.16,450,"1991-12-01 2020-12-15",3.31,3.83,450,"1991-12-01 2020-12-15",0.48,1.13,436,"1991-12-01 2020-12-15",,,,,,,,,,,,,,,,
2021-12-07,-9.08,7.14,444,"1991-11-30 2020-12-14",85.3,9.26,444,"1991-11-30 2020-12-14",-4.09,8.08,450,"1991-11-30 2020-12-14",20.39,8.28,450,"1991-11-30 2020-12-14",-15.25,7.17,444,"1991-11-30 2020-12-14",63.41,12.98,444,"1991-11-30 2020-12-14",-12.47,7.18,450,"1991-11-30 2020-12-14",3.36,3.79,450,"1991-11-30 2020-12-14",0.48,1.14,437,"1991-11-30 2020-12-14",,,,,,,,,,,,,,,,
2021-12-06,-9.03,7,445,"1991-11-29 2020-12-13",85.2,9.3,445,"1991-11-29 2020-12-13",-3.99,8,450,"1991-11-29 2020-12-13",20.43,8.36,450,"1991-11-29 2020-12-13",-15.1,7.09,445,"1991-11-29 2020-12-13",63.24,13.1,445,"1991-11-29 2020-12-13",-12.31,7.14,450,"1991-11-29 2020-12-13",3.36,3.84,450,"1991-11-29 2020-12-13",0.49,1.19,439,"1991-11-29 2020-12-13",,,,,,,,,,,,,,,,
2021-12-05,-8.89,6.89,445,"1991-11-28 2020-12-12",85.25,9.23,445,"1991-11-28 2020-12-12",-3.84,7.88,450,"1991-11-28 2020-12-12",20.43,8.43,450,"1991-11-28 2020-12-12",-14.95,6.97,445,"1991-11-28 2020-12-12",63.24,12.99,445,"1991-11-28 2020-12-12",-12.19,7,450,"1991-11-28 2020-12-12",3.4,3.78,450,"1991-11-28 2020-12-12",0.49,1.2,440,"1991-11-28 2020-12-12",,,,,,,,,,,,,,,,
2021-12-04,-8.71,6.81,445,"1991-11-27 2020-12-11",85.46,9.14,445,"1991-11-27 2020-12-11",-3.66,7.81,450,"1991-11-27 2020-12-11",20.26,8.33,450,"1991-11-27 2020-12-11",-14.73,6.9,445,"1991-11-27 2020-12-11",63.3,13.08,445,"1991-11-27 2020-12-11",-12,6.94,450,"1991-11-27 2020-12-11",3.32,3.75,450,"1991-11-27 2020-12-11",0.49,1.19,440,"1991-11-27 2020-12-11",,,,,,,,,,,,,,,,
2021-12-03,-8.63,6.74,446,"1991-11-26 2020-12-10",85.38,9.2,446,"1991-11-26 2020-12-10",-3.56,7.74,450,"1991-11-26 2020-12-10",20.11,8.34,450,"1991-11-26 2020-12-10",-14.59,6.83,446,"1991-11-26 2020-12-10",63.26,13.17,446,"1991-11-26 2020-12-10",-11.9,6.86,450,"1991-11-26 2020-12-10",3.32,3.68,450,"1991-11-26 2020-12-10",0.48,1.16,440,"1991-11-26 2020-12-10",,,,,,,,,,,,,,,,
2021-12-02,-8.54,6.67,447,"1991-11-25 2020-12-09",85.34,9.11,447,"1991-11-25 2020-12-09",-3.45,7.62,450,"1991-11-25 2020-12-09",20.03,8.25,450,"1991-11-25 2020-12-09",-14.49,6.8,447,"1991-11-25 2020-12-09",62.92,13.15,447,"1991-11-25 2020-12-09",-11.78,6.81,450,"1991-11-25 2020-12-09",3.46,3.73,450,"1991-11-25 2020-12-09",0.48,1.18,440,"1991-11-25 2020-12-09",,,,,,,,,,,,,,,,
2021-12-01,-8.37,6.63,448,"1991-11-24 2020-12-08",85.46,9.13,448,"1991-11-24 2020-12-08",-3.27,7.56,450,"1991-11-24 2020-12-08",20.05,8.19,450,"1991-11-24 2020-12-08",-14.24,6.83,448,"1991-11-24 2020-12-08",62.78,13.29,448,"1991-11-24 2020-12-08",-11.56,6.78,450,"1991-11-24 2020-12-08",3.43,3.72,450,"1991-11-24 2020-12-08",0.48,1.19,440,"1991-11-24 2020-12-08",,,,,,,,,,,,,,,,
2021-11-30,-8.15,6.58,449,"1991-11-23 2020-12-07",85.47,9.37,449,"1991-11-23 2020-12-07",-3.01,7.53,450,"1991-11-23 2020-12-07",20.19,8.11,450,"1991-11-23 2020-12-07",-13.98,6.77,449,"1991-11-23 2020-12-07",62.73,13.74,449,"1991-11-23 2020-12-07",-11.28,6.76,450,"1991-11-23 2020-12-07",3.4,3.71,450,"1991-11-23 2020-12-07",0.48,1.19,440,"1991-11-23 2020-12-07",,,,,,,,,,,,,,,,
2021-11-29,-7.9,6.56,449,"1991-11-22 2020-12-06",85.58,9.43,449,"1991-11-22 2020-12-06",-2.7,7.58,450,"1991-11-22 2020-12-06",20.47,8.28,450,"1991-11-22 2020-12-06",-13.71,6.7,449,"1991-11-22 2020-12-06",62.51,14.05,449,"1991-11-22 2020-12-06",-10.95,6.73,450,"1991-11-22 2020-12-06",3.44,3.74,450,"1991-11-22 2020-12-06",0.53,1.42,441,"1991-11-22 2020-12-06",,,,,,,,,,,,,,,,
2021-11-28,-7.6,6.49,449,"1991-11-21 2020-12-05",85.81,9.48,449,"1991-11-21 2020-12-05",-2.37,7.49,450,"1991-11-21 2020-12-05",20.5,8.21,450,"1991-11-21 2020-12-05",-13.37,6.7,449,"1991-11-21 2020-12-05",62.39,14.09,449,"1991-11-21 2020-12-05",-10.64,6.72,450,"1991-11-21 2020-12-05",3.43,3.7,450,"1991-11-21 2020-12-05",0.53,1.4,441,"1991-11-21 2020-12-05",,,,,,,,,,,,,,,,
2021-11-27,-7.36,6.5,449,"1991-11-20 2020-12-04",86.03,9.51,449,"1991-11-20 2020-12-04",-2.12,7.51,450,"1991-11-20 2020-12-04",20.29,8.13,450,"1991-11-20 2020-12-04",-13.16,6.78,449,"1991-11-20 2020-12-04",62.57,14.19,449,"1991-11-20 2020-12-04",-10.49,6.75,450,"1991-11-20 2020-12-04",3.34,3.56,450,"1991-11-20 2020-12-04",0.53,1.45,442,"1991-11-20 2020-12-04",,,,,,,,,,,,,,,,
2021-11-26,-7.2,6.53,449,"1991-11-19 2020-12-03",85.96,9.67,449,"1991-11-19 2020-12-03",-1.9,7.59,450,"1991-11-19 2020-12-03",20.2,7.89,450,"1991-11-19 2020-12-03",-12.81,6.77,449,"1991-11-19 2020-12-03",62.53,14.39,449,"1991-11-19 2020-12-03",-10.13,6.74,450,"1991-11-19 2020-12-03",3.29,3.53,450,"1991-11-19 2020-12-03",0.53,1.48,442,"1991-11-19 2020-12-03",,,,,,,,,,,,,,,,
2021-11-25,-6.9,6.46,449,"1991-11-18 2020-12-02",85.98,9.75,449,"1991-11-18 2020-12-02",-1.62,7.52,450,"1991-11-18 2020-12-02",20.51,8.2,450,"1991-11-18 2020-12-02",-12.56,6.75,449,"1991-11-18 2020-12-02",62.55,14.59,449,"1991-11-18 2020-12-02",-9.83,6.74,450,"1991-11-18 2020-12-02",3.32,3.55,450,"1991-11-18 2020-12-02",0.53,1.47,443,"1991-11-18 2020-12-02",,,,,,,,,,,,,,,,
2021-11-24,-6.7,6.41,449,"1991-11-17 2020-12-01",86.02,9.78,449,"1991-11-17 2020-12-01",-1.38,7.53,450,"1991-11-17 2020-12-01",20.52,8.13,450,"1991-11-17 2020-12-01",-12.32,6.73,449,"1991-11-17 2020-12-01",62.3,14.83,449,"1991-11-17 2020-12-01",-9.57,6.75,450,"1991-11-17 2020-12-01",3.36,3.56,450,"1991-11-17 2020-12-01",0.51,1.44,444,"1991-11-17 2020-12-01",,,,,,,,,,,,,,,,
2021-11-23,-6.5,6.41,449,"1991-11-16 2020-11-30",86.18,9.77,449,"1991-11-16 2020-11-30",-1.15,7.54,450,"1991-11-16 2020-11-30",20.4,7.92,450,"1991-11-16 2020-11-30",-12.03,6.72,449,"1991-11-16 2020-11-30",62.43,14.75,449,"1991-11-16 2020-11-30",-9.32,6.72,450,"1991-11-16 2020-11-30",3.33,3.53,450,"1991-11-16 2020-11-30",0.49,1.42,445,"1991-11-16 2020-11-30",,,,,,,,,,,,,,,,
2021-11-22,-6.28,6.44,450,"1991-11-15 2020-11-29",86.4,9.9,450,"1991-11-15 2020-11-29",-0.89,7.48,450,"1991-11-15 2020-11-29",20.36,7.92,450,"1991-11-15 2020-11-29",-11.81,6.69,450,"1991-11-15 2020-11-29",62.52,14.81,450,"1991-11-15 2020-11-29",-9.08,6.62,450,"1991-11-15 2020-11-29",3.34,3.56,450,"1991-11-15 2020-11-29",0.52,1.49,445,"1991-11-15 2020-11-29",,,,,,,,,,,,,,,,
2021-11-21,-5.92,6.32,450,"1991-11-14 2020-11-28",86.74,9.82,450,"1991-11-14 2020-11-28",-0.59,7.36,450,"1991-11-14 2020-11-28",20.44,7.82,450,"1991-11-14 2020-11-28",-11.48,6.61,450,"1991-11-14 2020-11-28",62.66,14.95,450,"1991-11-14 2020-11-28",-8.73,6.53,450,"1991-11-14 2020-11-28",3.27,3.52,450,"1991-11-14 2020-11-28",0.51,1.45,445,"1991-11-14 2020-11-28",,,,,,,,,,,,,,,,
2021-11-20,-5.59,6.23,450,"1991-11-13 2020-11-27",86.99,9.88,450,"1991-11-13 2020-11-27",-0.24,7.28,450,"1991-11-13 2020-11-27",20.44,8.1,450,"1991-11-13 2020-11-27",-11.13,6.51,450,"1991-11-13 2020-11-27",62.71,15.24,450,"1991-11-13 2020-11-27",-8.38,6.46,450,"1991-11-13 2020-11-27",3.2,3.57,450,"1991-11-13 2020-11-27",0.52,1.46,445,"1991-11-13 2020-11-27",,,,,,,,,,,,,,,,
2021-11-19,-5.39,6.14,450,"1991-11-12 2020-11-26",86.9,10.12,450,"1991-11-12 2020-11-26",0.01,7.2,450,"1991-11-12 2020-11-26",20.4,8.14,450,"1991-11-12 2020-11-26",-10.94,6.46,450,"1991-11-12 2020-11-26",62.5,15.49,450,"1991-11-12 2020-11-26",-8.19,6.46,450,"1991-11-12 2020-11-26",3.16,3.52,450,"1991-11-12 2020-11-26",0.51,1.45,445,"1991-11-12 2020-11-26",,,,,,,,,,,,,,,,
2021-11-18,-5.29,6.08,450,"1991-11-11 2020-11-25",86.93,10.04,450,"1991-11-11 2020-11-25",0.16,7.16,450,"1991-11-11 2020-11-25",20.41,8.12,450,"1991-11-11 2020-11-25",-10.84,6.46,450,"1991-11-11 2020-11-25",62.18,15.63,450,"1991-11-11 2020-11-25",-8.08,6.48,450,"1991-11-11 2020-11-25",3.06,3.51,450,"1991-11-11 2020-11-25",0.49,1.43,445,"1991-11-11 2020-11-25",,,,,,,,,,,,,,,,
2021-11-17,-5.21,6.06,450,"1991-11-10 2020-11-24",87.19,9.9,450,"1991-11-10 2020-11-24",0.23,7.26,450,"1991-11-10 2020-11-24",20.48,8.18,450,"1991-11-10 2020-11-24",-10.63,6.42,450,"1991-11-10 2020-11-24",62.5,15.73,450,"1991-11-10 2020-11-24",-7.92,6.43,450,"1991-11-10 2020-11-24",3.05,3.48,450,"1991-11-10 2020-11-24",0.52,1.54,445,"1991-11-10 2020-11-24",,,,,,,,,,,,,,,,
2021-11-16,-5.11,5.98,450,"1991-11-09 2020-11-23",87.32,9.86,450,"1991-11-09 2020-11-23",0.3,7.24,450,"1991-11-09 2020-11-23",20.4,8.11,450,"1991-11-09 2020-11-23",-10.51,6.24,450,"1991-11-09 2020-11-23",62.74,15.77,450,"1991-11-09 2020-11-23",-7.8,6.32,450,"1991-11-09 2020-11-23",3.09,3.4,450,"1991-11-09 2020-11-23",0.55,1.61,446,"1991-11-09 2020-11-23",,,,,,,,,,,,,,,,
2021-11-15,-4.86,5.81,450,"1991-11-08 2020-11-22",87.52,9.7,450,"1991-11-08 2020-11-22",0.52,7.12,450,"1991-11-08 2020-11-22",20.42,8.22,450,"1991-11-08 2020-11-22",-10.25,6.04,450,"1991-11-08 2020-11-22",62.84,15.68,450,"1991-11-08 2020-11-22",-7.55,6.12,450,"1991-11-08 2020-11-22",3.09,3.46,450,"1991-11-08 2020-11-22",0.6,1.68,445,"1991-11-08 2020-11-22",,,,,,,,,,,,,,,,
2021-11-14,-4.58,5.58,450,"1991-11-07 2020-11-21",87.76,9.54,450,"1991-11-07 2020-11-21",0.75,6.83,450,"1991-11-07 2020-11-21",20.26,7.95,450,"1991-11-07 2020-11-21",-9.9,5.74,450,"1991-11-07 2020-11-21",62.86,15.5,450,"1991-11-07 2020-11-21",-7.25,5.84,450,"1991-11-07 2020-11-21",3.09,3.43,450,"1991-11-07 2020-11-21",0.58,1.58,444,"1991-11-07 2020-11-21",,,,,,,,,,,,,,,,
2021-11-13,-4.33,5.34,450,"1991-11-06 2020-11-20",87.71,9.57,450,"1991-11-06 2020-11-20",0.99,6.61,450,"1991-11-06 2020-11-20",20.3,7.88,450,"1991-11-06 2020-11-20",-9.67,5.54,450,"1991-11-06 2020-11-20",62.81,15.56,450,"1991-11-06 2020-11-20",-7.01,5.68,450,"1991-11-06 2020-11-20",3.11,3.41,450,"1991-11-06 2020-11-20",0.61,1.62,445,"1991-11-06 2020-11-20",,,,,,,,,,,,,,,,
2021-11-12,-4.13,5.11,450,"1991-11-05 2020-11-19",87.69,9.59,450,"1991-11-05 2020-11-19",1.28,6.49,450,"1991-11-05 2020-11-19",20.37,7.75,450,"1991-11-05 2020-11-19",-9.38,5.32,450,"1991-11-05 2020-11-19",62.53,15.78,450,"1991-11-05 2020-11-19",-6.68,5.58,450,"1991-11-05 2020-11-19",3.08,3.4,450,"1991-11-05 2020-11-19",0.61,1.58,444,"1991-11-05 2020-11-19",,,,,,,,,,,,,,,,
2021-11-11,-3.86,4.98,450,"1991-11-04 2020-11-18",87.91,9.55,450,"1991-11-04 2020-11-18",1.58,6.41,450,"1991-11-04 2020-11-18",20.4,7.78,450,"1991-11-04 2020-11-18",-9.18,5.2,450,"1991-11-04 2020-11-18",62.14,15.93,450,"1991-11-04 2020-11-18",-6.44,5.5,450,"1991-11-04 2020-11-18",3.06,3.37,450,"1991-11-04 2020-11-18",0.62,1.56,445,"1991-11-04 2020-11-18",,,,,,,,,,,,,,,,
2021-11-10,-3.66,4.89,450,"1991-11-03 2020-11-17",87.97,9.56,450,"1991-11-03 2020-11-17",1.87,6.4,450,"1991-11-03 2020-11-17",20.13,7.4,450,"1991-11-03 2020-11-17",-8.97,5.16,450,"1991-11-03 2020-11-17",61.8,16.29,450,"1991-11-03 2020-11-17",-6.22,5.45,450,"1991-11-03 2020-11-17",2.99,3.34,450,"1991-11-03 2020-11-17",0.63,1.6,444,"1991-11-03 2020-11-17",,,,,,,,,,,,,,,,
2021-11-09,-3.47,4.86,449,"1991-11-02 2020-11-16",87.9,9.78,449,"1991-11-02 2020-11-16",2.14,6.32,450,"1991-11-02 2020-11-16",19.98,7.28,450,"1991-11-02 2020-11-16",-8.75,5.18,449,"1991-11-02 2020-11-16",61.61,16.46,449,"1991-11-02 2020-11-16",-5.96,5.45,450,"1991-11-02 2020-11-16",2.99,3.28,450,"1991-11-02 2020-11-16",0.64,1.65,443,"1991-11-02 2020-11-16",,,,,,,,,,,,,,,,
2021-11-08,-3.32,4.83,449,"1991-11-01 2020-11-15",87.68,10.03,449,"1991-11-01 2020-11-15",2.4,6.3,450,"1991-11-01 2020-11-15",20.04,7.24,450,"1991-11-01 2020-11-15",-8.57,5.18,449,"1991-11-01 2020-11-15",60.99,16.75,449,"1991-11-01 2020-11-15",-5.7,5.46,450,"1991-11-01 2020-11-15",3.02,3.31,450,"1991-11-01 2020-11-15",0.67,1.67,443,"1991-11-01 2020-11-15",,,,,,,,,,,,,,,,
2021-11-07,-3.18,4.81,449,"1991-10-31 2020-11-14",87.53,10.05,449,"1991-10-31 2020-11-14",2.61,6.31,450,"1991-10-31 2020-11-14",20.22,7.27,450,"1991-10-31 2020-11-14",-8.43,5.22,449,"1991-10-31 2020-11-14",60.44,16.72,449,"1991-10-31 2020-11-14",-5.51,5.5,450,"1991-10-31 2020-11-14",3,3.29,450,"1991-10-31 2020-11-14",0.66,1.61,443,"1991-10-31 2020-11-14",,,,,,,,,,,,,,,,
2021-11-06,-3.12,4.81,449,"1991-10-30 2020-11-13",87.31,10.2,449,"1991-10-30 2020-11-13",2.81,6.34,450,"1991-10-30 2020-11-13",20.24,7.29,450,"1991-10-30 2020-11-13",-8.34,5.26,449,"1991-10-30 2020-11-13",59.99,16.78,449,"1991-10-30 2020-11-13",-5.44,5.51,450,"1991-10-30 2020-11-13",3.07,3.33,450,"1991-10-30 2020-11-13",0.66,1.61,442,"1991-10-30 2020-11-13",,,,,,,,,,,,,,,,
2021-11-05,-3.1,4.82,449,"1991-10-29 2020-11-12",87.17,10.28,449,"1991-10-29 2020-11-12",2.87,6.35,450,"1991-10-29 2020-11-12",20.4,7,450,"1991-10-29 2020-11-12",-8.29,5.3,449,"1991-10-29 2020-11-12",59.73,16.76,449,"1991-10-29 2020-11-12",-5.36,5.57,450,"1991-10-29 2020-11-12",3.2,3.39,450,"1991-10-29 2020-11-12",0.64,1.59,442,"1991-10-29 2020-11-12",,,,,,,,,,,,,,,,
2021-11-04,-2.99,4.86,449,"1991-10-28 2020-11-11",87.14,10.28,449,"1991-10-28 2020-11-11",3.01,6.41,450,"1991-10-28 2020-11-11",20.84,7.42,450,"1991-10-28 2020-11-11",-8.14,5.3,449,"1991-10-28 2020-11-11",59.61,16.93,449,"1991-10-28 2020-11-11",-5.2,5.51,450,"1991-10-28 2020-11-11",3.19,3.44,450,"1991-10-28 2020-11-11",0.68,1.66,442,"1991-10-28 2020-11-11",,,,,,,,,,,,,,,,
2021-11-03,-2.68,4.81,449,"1991-10-27 2020-11-10",86.99,10.69,449,"1991-10-27 2020-11-10",3.48,6.44,450,"1991-10-27 2020-11-10",21.42,8.02,450,"1991-10-27 2020-11-10",-7.89,5.19,449,"1991-10-27 2020-11-10",58.85,17.47,449,"1991-10-27 2020-11-10",-4.81,5.4,450,"1991-10-27 2020-11-10",3.34,3.48,450,"1991-10-27 2020-11-10",0.7,1.66,442,"1991-10-27 2020-11-10",,,,,,,,,,,,,,,,
2021-11-02,-2.31,4.68,449,"1991-10-26 2020-11-09",86.74,11.05,449,"1991-10-26 2020-11-09",3.96,6.29,450,"1991-10-26 2020-11-09",21.74,8.26,450,"1991-10-26 2020-11-09",-7.67,5.1,449,"1991-10-26 2020-11-09",57.86,17.86,449,"1991-10-26 2020-11-09",-4.38,5.34,450,"1991-10-26 2020-11-09",3.33,3.48,450,"1991-10-26 2020-11-09",0.67,1.55,443,"1991-10-26 2020-11-09",,,,,,,,,,,,,,,,
2021-11-01,-2.03,4.64,449,"1991-10-25 2020-11-08",86.41,11.41,449,"1991-10-25 2020-11-08",4.46,6.23,450,"1991-10-25 2020-11-08",22.05,8.52,450,"1991-10-25 2020-11-08",-7.32,5.03,449,"1991-10-25 2020-11-08",56.98,18.25,449,"1991-10-25 2020-11-08",-3.97,5.21,450,"1991-10-25 2020-11-08",3.4,3.69,450,"1991-10-25 2020-11-08",0.63,1.49,442,"1991-10-25 2020-11-08",,,,,,,,,,,,,,,,
2021-10-31,-1.78,4.6,449,"1991-10-24 2020-11-07",86,11.72,449,"1991-10-24 2020-11-07",4.99,6.33,450,"1991-10-24 2020-11-07",22.46,8.9,450,"1991-10-24 2020-11-07",-7.06,5.01,449,"1991-10-24 2020-11-07",56.01,18.34,449,"1991-10-24 2020-11-07",-3.58,5.21,450,"1991-10-24 2020-11-07",3.48,3.69,450,"1991-10-24 2020-11-07",0.61,1.47,442,"1991-10-24 2020-11-07",,,,,,,,,,,,,,,,
2021-10-30,-1.55,4.58,448,"1991-10-23 2020-11-06",85.79,11.81,448,"1991-10-23 2020-11-06",5.45,6.53,450,"1991-10-23 2020-11-06",22.64,9.18,450,"1991-10-23 2020-11-06",-6.86,5.04,448,"1991-10-23 2020-11-06",55.26,18.76,448,"1991-10-23 2020-11-06",-3.26,5.22,450,"1991-10-23 2020-11-06",3.35,3.68,450,"1991-10-23 2020-11-06",0.62,1.58,443,"1991-10-23 2020-11-06",,,,,,,,,,,,,,,,
2021-10-29,-1.34,4.57,447,"1991-10-22 2020-11-05",85.55,11.92,447,"1991-10-22 2020-11-05",5.96,6.65,450,"1991-10-22 2020-11-05",22.8,9.19,450,"1991-10-22 2020-11-05",-6.63,4.94,447,"1991-10-22 2020-11-05",54.32,18.94,447,"1991-10-22 2020-11-05",-2.92,5.1,450,"1991-10-22 2020-11-05",3.34,3.71,450,"1991-10-22 2020-11-05",0.62,1.59,443,"1991-10-22 2020-11-05",,,,,,,,,,,,,,,,
2021-10-28,-1.04,4.51,446,"1991-10-21 2020-11-04",85.45,12.02,446,"1991-10-21 2020-11-04",6.41,6.61,450,"1991-10-21 2020-11-04",22.88,9.3,450,"1991-10-21 2020-11-04",-6.41,4.78,446,"1991-10-21 2020-11-04",53.5,18.94,446,"1991-10-21 2020-11-04",-2.61,4.87,450,"1991-10-21 2020-11-04",3.33,3.76,450,"1991-10-21 2020-11-04",0.66,1.86,444,"1991-10-21 2020-11-04",,,,,,,,,,,,,,,,
2021-10-27,-0.8,4.45,445,"1991-10-20 2020-11-03",85.15,12.07,445,"1991-10-20 2020-11-03",6.83,6.53,450,"1991-10-20 2020-11-03",22.96,9.28,450,"1991-10-20 2020-11-03",-6.16,4.75,445,"1991-10-20 2020-11-03",52.85,18.95,445,"1991-10-20 2020-11-03",-2.27,4.83,450,"1991-10-20 2020-11-03",3.28,3.74,450,"1991-10-20 2020-11-03",0.6,1.81,443,"1991-10-20 2020-11-03",,,,,,,,,,,,,,,,
2021-10-26,-0.62,4.41,444,"1991-10-19 2020-11-02",84.8,12.23,444,"1991-10-19 2020-11-02",7.21,6.49,450,"1991-10-19 2020-11-02",23.12,9.31,450,"1991-10-19 2020-11-02",-5.91,4.71,444,"1991-10-19 2020-11-02",52.3,18.88,444,"1991-10-19 2020-11-02",-1.95,4.76,450,"1991-10-19 2020-11-02",3.3,3.74,450,"1991-10-19 2020-11-02",0.6,1.79,444,"1991-10-19 2020-11-02",,,,,,,,,,,,,,,,
2021-10-25,-0.43,4.29,445,"1991-10-18 2020-11-01",84.52,12.37,445,"1991-10-18 2020-11-01",7.61,6.46,450,"1991-10-18 2020-11-01",23.29,9.27,450,"1991-10-18 2020-11-01",-5.73,4.58,445,"1991-10-18 2020-11-01",51.38,18.58,445,"1991-10-18 2020-11-01",-1.7,4.59,450,"1991-10-18 2020-11-01",3.21,3.72,450,"1991-10-18 2020-11-01",0.59,1.76,445,"1991-10-18 2020-11-01",,,,,,,,,,,,,,,,
2021-10-24,-0.25,4.27,444,"1991-10-17 2020-10-31",84.31,12.36,444,"1991-10-17 2020-10-31",8,6.48,450,"1991-10-17 2020-10-31",23.55,9.45,450,"1991-10-17 2020-10-31",-5.57,4.58,444,"1991-10-17 2020-10-31",50.78,18.43,444,"1991-10-17 2020-10-31",-1.48,4.54,450,"1991-10-17 2020-10-31",3.19,3.73,450,"1991-10-17 2020-10-31",0.59,1.78,446,"1991-10-17 2020-10-31",,,,,,,,,,,,,,,,
2021-10-23,-0.12,4.26,444,"1991-10-16 2020-10-30",84.29,12.46,444,"1991-10-16 2020-10-30",8.34,6.45,450,"1991-10-16 2020-10-30",23.42,9.53,450,"1991-10-16 2020-10-30",-5.4,4.54,444,"1991-10-16 2020-10-30",50.28,18.93,444,"1991-10-16 2020-10-30",-1.3,4.42,450,"1991-10-16 2020-10-30",3.11,3.68,450,"1991-10-16 2020-10-30",0.67,2.27,446,"1991-10-16 2020-10-30",,,,,,,,,,,,,,,,
2021-10-22,0.12,4.21,444,"1991-10-15 2020-10-29",84.39,12.44,444,"1991-10-15 2020-10-29",8.66,6.36,450,"1991-10-15 2020-10-29",23.64,9.63,450,"1991-10-15 2020-10-29",-5.12,4.46,444,"1991-10-15 2020-10-29",49.94,18.98,444,"1991-10-15 2020-10-29",-1,4.28,450,"1991-10-15 2020-10-29",3.08,3.67,450,"1991-10-15 2020-10-29",0.67,2.28,447,"1991-10-15 2020-10-29",,,,,,,,,,,,,,,,
2021-10-21,0.43,4.06,444,"1991-10-14 2020-10-28",84.17,12.59,444,"1991-10-14 2020-10-28",9.09,6.23,450,"1991-10-14 2020-10-28",23.63,9.65,450,"1991-10-14 2020-10-28",-4.84,4.32,444,"1991-10-14 2020-10-28",49.54,18.98,444,"1991-10-14 2020-10-28",-0.68,4.03,450,"1991-10-14 2020-10-28",3,3.56,450,"1991-10-14 2020-10-28",0.7,2.35,447,"1991-10-14 2020-10-28",,,,,,,,,,,,,,,,
2021-10-20,0.66,3.96,444,"1991-10-13 2020-10-27",84.07,12.64,444,"1991-10-13 2020-10-27",9.46,6.07,450,"1991-10-13 2020-10-27",23.59,9.69,450,"1991-10-13 2020-10-27",-4.6,4.18,444,"1991-10-13 2020-10-27",48.88,18.49,444,"1991-10-13 2020-10-27",-0.42,3.84,450,"1991-10-13 2020-10-27",3.05,3.54,450,"1991-10-13 2020-10-27",0.67,2.32,447,"1991-10-13 2020-10-27",,,,,,,,,,,,,,,,
2021-10-19,0.79,3.87,444,"1991-10-12 2020-10-26",84.01,12.51,444,"1991-10-12 2020-10-26",9.66,5.95,450,"1991-10-12 2020-10-26",23.38,9.54,450,"1991-10-12 2020-10-26",-4.43,4.01,444,"1991-10-12 2020-10-26",48.78,18.07,444,"1991-10-12 2020-10-26",-0.3,3.73,450,"1991-10-12 2020-10-26",2.96,3.52,450,"1991-10-12 2020-10-26",0.67,2.34,447,"1991-10-12 2020-10-26",,,,,,,,,,,,,,,,
2021-10-18,0.88,3.81,444,"1991-10-11 2020-10-25",83.94,12.41,444,"1991-10-11 2020-10-25",9.83,5.93,450,"1991-10-11 2020-10-25",23.21,9.48,450,"1991-10-11 2020-10-25",-4.24,3.89,444,"1991-10-11 2020-10-25",48.71,18.04,444,"1991-10-11 2020-10-25",-0.17,3.69,450,"1991-10-11 2020-10-25",2.86,3.49,450,"1991-10-11 2020-10-25",0.67,2.34,447,"1991-10-11 2020-10-25",,,,,,,,,,,,,,,,
2021-10-17,1.06,3.79,443,"1991-10-10 2020-10-24",83.83,12.29,443,"1991-10-10 2020-10-24",10.09,6.05,450,"1991-10-10 2020-10-24",23.27,9.41,450,"1991-10-10 2020-10-24",-4.08,3.83,443,"1991-10-10 2020-10-24",48.47,17.79,443,"1991-10-10 2020-10-24",0.06,3.74,450,"1991-10-10 2020-10-24",2.77,3.31,450,"1991-10-10 2020-10-24",0.68,2.35,448,"1991-10-10 2020-10-24",,,,,,,,,,,,,,,,
2021-10-16,1.15,3.81,443,"1991-10-09 2020-10-23",83.78,12.11,443,"1991-10-09 2020-10-23",10.29,6.06,450,"1991-10-09 2020-10-23",23.16,9.1,450,"1991-10-09 2020-10-23",-3.96,3.87,443,"1991-10-09 2020-10-23",48.1,17.81,443,"1991-10-09 2020-10-23",0.17,3.74,450,"1991-10-09 2020-10-23",2.77,3.34,450,"1991-10-09 2020-10-23",0.7,2.39,449,"1991-10-09 2020-10-23",,,,,,,,,,,,,,,,
2021-10-15,1.3,3.78,444,"1991-10-08 2020-10-22",83.55,12.19,444,"1991-10-08 2020-10-22",10.46,6,450,"1991-10-08 2020-10-22",23.39,8.92,450,"1991-10-08 2020-10-22",-3.85,3.89,444,"1991-10-08 2020-10-22",47.69,17.56,444,"1991-10-08 2020-10-22",0.31,3.71,450,"1991-10-08 2020-10-22",2.88,3.43,450,"1991-10-08 2020-10-22",0.65,2.28,449,"1991-10-08 2020-10-22",,,,,,,,,,,,,,,,
2021-10-14,1.5,3.77,445,"1991-10-07 2020-10-21",83.43,12.33,445,"1991-10-07 2020-10-21",10.76,5.99,450,"1991-10-07 2020-10-21",23.76,9.04,450,"1991-10-07 2020-10-21",-3.65,3.9,445,"1991-10-07 2020-10-21",47.18,17.43,445,"1991-10-07 2020-10-21",0.55,3.7,450,"1991-10-07 2020-10-21",2.92,3.53,450,"1991-10-07 2020-10-21",0.64,2.25,449,"1991-10-07 2020-10-21",,,,,,,,,,,,,,,,
2021-10-13,1.66,3.81,446,"1991-10-06 2020-10-20",83.21,12.31,446,"1991-10-06 2020-10-20",11.05,6.02,450,"1991-10-06 2020-10-20",23.77,9.03,450,"1991-10-06 2020-10-20",-3.45,3.93,446,"1991-10-06 2020-10-20",46.99,17.46,446,"1991-10-06 2020-10-20",0.77,3.71,450,"1991-10-06 2020-10-20",2.94,3.47,450,"1991-10-06 2020-10-20",0.59,2.03,448,"1991-10-06 2020-10-20",,,,,,,,,,,,,,,,
2021-10-12,1.76,3.88,446,"1991-10-05 2020-10-19",83.33,12.28,446,"1991-10-05 2020-10-19",11.32,6.06,450,"1991-10-05 2020-10-19",23.84,9.01,450,"1991-10-05 2020-10-19",-3.35,3.92,446,"1991-10-05 2020-10-19",46.37,17.27,446,"1991-10-05 2020-10-19",0.84,3.72,450,"1991-10-05 2020-10-19",3.05,3.6,450,"1991-10-05 2020-10-19",0.6,2.05,448,"1991-10-05 2020-10-19",,,,,,,,,,,,,,,,
2021-10-11,1.98,3.99,447,"1991-10-04 2020-10-18",83.79,12.08,447,"1991-10-04 2020-10-18",11.51,6.09,450,"1991-10-04 2020-10-18",23.79,8.92,450,"1991-10-04 2020-10-18",-3.19,3.96,447,"1991-10-04 2020-10-18",46.17,16.92,447,"1991-10-04 2020-10-18",0.95,3.74,450,"1991-10-04 2020-10-18",3.03,3.62,450,"1991-10-04 2020-10-18",0.59,2.04,447,"1991-10-04 2020-10-18",,,,,,,,,,,,,,,,
2021-10-10,2.18,4.01,447,"1991-10-03 2020-10-17",84.1,11.77,447,"1991-10-03 2020-10-17",11.65,6.04,450,"1991-10-03 2020-10-17",23.82,8.89,450,"1991-10-03 2020-10-17",-3.01,3.95,447,"1991-10-03 2020-10-17",46.28,16.75,447,"1991-10-03 2020-10-17",1.05,3.76,450,"1991-10-03 2020-10-17",3.07,3.65,450,"1991-10-03 2020-10-17",0.57,2,447,"1991-10-03 2020-10-17",,,,,,,,,,,,,,,,
2021-10-09,2.39,3.93,448,"1991-10-02 2020-10-16",84.45,11.58,448,"1991-10-02 2020-10-16",11.84,6.03,450,"1991-10-02 2020-10-16",23.85,8.69,450,"1991-10-02 2020-10-16",-2.84,3.89,448,"1991-10-02 2020-10-16",46.21,16.61,448,"1991-10-02 2020-10-16",1.18,3.74,450,"1991-10-02 2020-10-16",3.17,3.78,450,"1991-10-02 2020-10-16",0.58,1.99,447,"1991-10-02 2020-10-16",,,,,,,,,,,,,,,,
2021-10-08,2.62,3.88,448,"1991-10-01 2020-10-15",84.51,11.51,448,"1991-10-01 2020-10-15",12.05,6.06,450,"1991-10-01 2020-10-15",24,8.64,450,"1991-10-01 2020-10-15",-2.62,3.82,448,"1991-10-01 2020-10-15",46.25,16.23,448,"1991-10-01 2020-10-15",1.42,3.72,450,"1991-10-01 2020-10-15",3.25,3.9,450,"1991-10-01 2020-10-15",0.57,1.65,447,"1991-10-01 2020-10-15",,,,,,,,,,,,,,,,
2021-10-07,2.82,3.9,448,"1991-09-30 2020-10-14",84.25,11.58,448,"1991-09-30 2020-10-14",12.35,6.12,450,"1991-09-30 2020-10-14",23.98,8.69,450,"1991-09-30 2020-10-14",-2.5,3.87,448,"1991-09-30 2020-10-14",45.85,15.84,448,"1991-09-30 2020-10-14",1.63,3.76,450,"1991-09-30 2020-10-14",3.21,3.86,450,"1991-09-30 2020-10-14",0.58,1.65,447,"1991-09-30 2020-10-14",,,,,,,,,,,,,,,,
2021-10-06,3,3.94,448,"1991-09-29 2020-10-13",83.99,11.49,448,"1991-09-29 2020-10-13",12.68,6.19,450,"1991-09-29 2020-10-13",24.08,8.75,450,"1991-09-29 2020-10-13",-2.34,3.9,448,"1991-09-29 2020-10-13",45.19,15.6,448,"1991-09-29 2020-10-13",1.89,3.85,450,"1991-09-29 2020-10-13",3.2,3.84,450,"1991-09-29 2020-10-13",0.59,1.7,446,"1991-09-29 2020-10-13",,,,,,,,,,,,,,,,
2021-10-05,3.25,3.93,448,"1991-09-28 2020-10-12",83.84,11.31,448,"1991-09-28 2020-10-12",13.11,6.19,450,"1991-09-28 2020-10-12",24.06,8.61,450,"1991-09-28 2020-10-12",-2.12,3.9,448,"1991-09-28 2020-10-12",44.68,15.45,448,"1991-09-28 2020-10-12",2.22,3.89,450,"1991-09-28 2020-10-12",3.21,3.83,450,"1991-09-28 2020-10-12",0.62,1.89,446,"1991-09-28 2020-10-12",,,,,,,,,,,,,,,,
2021-10-04,3.52,3.9,448,"1991-09-27 2020-10-11",83.68,11.27,448,"1991-09-27 2020-10-11",13.52,6.2,450,"1991-09-27 2020-10-11",24.22,8.43,450,"1991-09-27 2020-10-11",-1.87,3.88,448,"1991-09-27 2020-10-11",44.2,15.43,448,"1991-09-27 2020-10-11",2.54,3.88,450,"1991-09-27 2020-10-11",3.21,3.81,450,"1991-09-27 2020-10-11",0.6,1.87,446,"1991-09-27 2020-10-11",,,,,,,,,,,,,,,,
2021-10-03,3.84,3.85,448,"1991-09-26 2020-10-10",83.69,11.3,448,"1991-09-26 2020-10-10",13.95,6.08,450,"1991-09-26 2020-10-10",24.44,8.51,450,"1991-09-26 2020-10-10",-1.57,3.85,448,"1991-09-26 2020-10-10",43.99,15.27,448,"1991-09-26 2020-10-10",2.86,3.9,450,"1991-09-26 2020-10-10",3.28,3.81,450,"1991-09-26 2020-10-10",0.63,1.95,446,"1991-09-26 2020-10-10",,,,,,,,,,,,,,,,
2021-10-02,4.1,3.82,449,"1991-09-25 2020-10-09",83.73,11.18,449,"1991-09-25 2020-10-09",14.4,6.08,450,"1991-09-25 2020-10-09",24.41,8.42,450,"1991-09-25 2020-10-09",-1.28,3.89,449,"1991-09-25 2020-10-09",43.48,15.08,449,"1991-09-25 2020-10-09",3.13,3.91,450,"1991-09-25 2020-10-09",3.23,3.79,450,"1991-09-25 2020-10-09",0.62,1.96,446,"1991-09-25 2020-10-09",,,,,,,,,,,,,,,,
2021-10-01,4.4,3.74,448,"1991-09-24 2020-10-08",83.87,11.14,448,"1991-09-24 2020-10-08",14.81,6.02,450,"1991-09-24 2020-10-08",24.41,8.46,450,"1991-09-24 2020-10-08",-1.02,3.82,448,"1991-09-24 2020-10-08",43.02,14.67,448,"1991-09-24 2020-10-08",3.42,3.91,450,"1991-09-24 2020-10-08",3.14,3.75,450,"1991-09-24 2020-10-08",0.59,1.85,445,"1991-09-24 2020-10-08",,,,,,,,,,,,,,,,
2021-09-30,4.67,3.72,447,"1991-09-23 2020-10-07",84.09,10.91,447,"1991-09-23 2020-10-07",15.23,5.99,450,"1991-09-23 2020-10-07",24.28,8.57,450,"1991-09-23 2020-10-07",-0.7,3.74,447,"1991-09-23 2020-10-07",42.96,14.24,447,"1991-09-23 2020-10-07",3.66,3.91,450,"1991-09-23 2020-10-07",3.16,3.74,450,"1991-09-23 2020-10-07",0.57,1.85,445,"1991-09-23 2020-10-07",,,,,,,,,,,,,,,,
2021-09-29,4.85,3.71,446,"1991-09-22 2020-10-06",84.37,10.69,446,"1991-09-22 2020-10-06",15.43,6.09,450,"1991-09-22 2020-10-06",24.03,8.44,450,"1991-09-22 2020-10-06",-0.46,3.76,446,"1991-09-22 2020-10-06",43.26,14.26,446,"1991-09-22 2020-10-06",3.83,3.94,450,"1991-09-22 2020-10-06",3.13,3.67,450,"1991-09-22 2020-10-06",0.59,1.94,445,"1991-09-22 2020-10-06",,,,,,,,,,,,,,,,
2021-09-28,4.97,3.67,445,"1991-09-21 2020-10-05",84.71,10.54,445,"1991-09-21 2020-10-05",15.56,6.16,450,"1991-09-21 2020-10-05",23.93,8.3,450,"1991-09-21 2020-10-05",-0.29,3.73,445,"1991-09-21 2020-10-05",43.39,14.35,445,"1991-09-21 2020-10-05",3.91,3.88,450,"1991-09-21 2020-10-05",3.13,3.69,450,"1991-09-21 2020-10-05",0.65,2.1,446,"1991-09-21 2020-10-05",,,,,,,,,,,,,,,,
2021-09-27,5.17,3.62,445,"1991-09-20 2020-10-04",84.72,10.47,445,"1991-09-20 2020-10-04",15.65,6.13,450,"1991-09-20 2020-10-04",24.03,8.39,450,"1991-09-20 2020-10-04",-0.09,3.68,445,"1991-09-20 2020-10-04",43.71,14.32,445,"1991-09-20 2020-10-04",4.11,3.79,450,"1991-09-20 2020-10-04",3.11,3.66,450,"1991-09-20 2020-10-04",0.67,2.1,447,"1991-09-20 2020-10-04",,,,,,,,,,,,,,,,
2021-09-26,5.36,3.53,445,"1991-09-19 2020-10-03",84.59,10.54,445,"1991-09-19 2020-10-03",15.87,6.07,450,"1991-09-19 2020-10-03",24.12,8.42,450,"1991-09-19 2020-10-03",0.12,3.64,445,"1991-09-19 2020-10-03",43.95,14.65,445,"1991-09-19 2020-10-03",4.31,3.75,450,"1991-09-19 2020-10-03",3.16,3.66,450,"1991-09-19 2020-10-03",0.77,2.34,448,"1991-09-19 2020-10-03",,,,,,,,,,,,,,,,
2021-09-25,5.57,3.51,445,"1991-09-18 2020-10-02",84.67,10.55,445,"1991-09-18 2020-10-02",16.14,5.94,450,"1991-09-18 2020-10-02",24.16,8.5,450,"1991-09-18 2020-10-02",0.32,3.61,445,"1991-09-18 2020-10-02",43.9,14.89,445,"1991-09-18 2020-10-02",4.54,3.64,450,"1991-09-18 2020-10-02",3.16,3.65,450,"1991-09-18 2020-10-02",0.82,2.45,448,"1991-09-18 2020-10-02",,,,,,,,,,,,,,,,
2021-09-24,5.77,3.51,444,"1991-09-17 2020-10-01",84.74,10.61,444,"1991-09-17 2020-10-01",16.35,5.85,450,"1991-09-17 2020-10-01",23.98,8.51,450,"1991-09-17 2020-10-01",0.52,3.66,444,"1991-09-17 2020-10-01",43.86,14.94,444,"1991-09-17 2020-10-01",4.73,3.6,450,"1991-09-17 2020-10-01",3.03,3.49,450,"1991-09-17 2020-10-01",0.83,2.5,448,"1991-09-17 2020-10-01",,,,,,,,,,,,,,,,
2021-09-23,5.98,3.55,443,"1991-09-16 2020-09-30",84.83,10.51,443,"1991-09-16 2020-09-30",16.62,5.89,450,"1991-09-16 2020-09-30",23.85,8.46,450,"1991-09-16 2020-09-30",0.77,3.7,443,"1991-09-16 2020-09-30",43.89,15.1,443,"1991-09-16 2020-09-30",4.92,3.6,450,"1991-09-16 2020-09-30",2.97,3.41,450,"1991-09-16 2020-09-30",0.85,2.71,448,"1991-09-16 2020-09-30",,,,,,,,,,,,,,,,
2021-09-22,6.2,3.51,443,"1991-09-15 2020-09-29",85.23,10.44,443,"1991-09-15 2020-09-29",16.84,5.94,450,"1991-09-15 2020-09-29",23.66,8.36,450,"1991-09-15 2020-09-29",1.05,3.63,443,"1991-09-15 2020-09-29",44.27,15.6,443,"1991-09-15 2020-09-29",5.07,3.58,450,"1991-09-15 2020-09-29",3.02,3.56,450,"1991-09-15 2020-09-29",0.95,2.94,448,"1991-09-15 2020-09-29",,,,,,,,,,,,,,,,
2021-09-21,6.38,3.49,443,"1991-09-14 2020-09-28",85.54,10.46,443,"1991-09-14 2020-09-28",16.99,5.94,450,"1991-09-14 2020-09-28",23.54,8.29,450,"1991-09-14 2020-09-28",1.31,3.66,443,"1991-09-14 2020-09-28",44.68,15.7,443,"1991-09-14 2020-09-28",5.17,3.53,450,"1991-09-14 2020-09-28",3,3.58,450,"1991-09-14 2020-09-28",0.97,3.08,449,"1991-09-14 2020-09-28",,,,,,,,,,,,,,,,
2021-09-20,6.51,3.46,443,"1991-09-13 2020-09-27",85.83,10.37,443,"1991-09-13 2020-09-27",17.02,6,450,"1991-09-13 2020-09-27",23.28,8.09,450,"1991-09-13 2020-09-27",1.5,3.7,443,"1991-09-13 2020-09-27",45.08,15.9,443,"1991-09-13 2020-09-27",5.25,3.56,450,"1991-09-13 2020-09-27",2.98,3.58,450,"1991-09-13 2020-09-27",0.95,2.98,449,"1991-09-13 2020-09-27",,,,,,,,,,,,,,,,
2021-09-19,6.71,3.43,443,"1991-09-12 2020-09-26",86.18,10.3,443,"1991-09-12 2020-09-26",17.1,6.03,450,"1991-09-12 2020-09-26",23.2,8.1,450,"1991-09-12 2020-09-26",1.72,3.6,443,"1991-09-12 2020-09-26",45.49,15.96,443,"1991-09-12 2020-09-26",5.38,3.56,450,"1991-09-12 2020-09-26",3.08,3.68,450,"1991-09-12 2020-09-26",1.03,3.05,449,"1991-09-12 2020-09-26",,,,,,,,,,,,,,,,
2021-09-18,6.85,3.48,442,"1991-09-11 2020-09-25",86.36,10.15,442,"1991-09-11 2020-09-25",17.26,6.08,450,"1991-09-11 2020-09-25",23.04,7.94,450,"1991-09-11 2020-09-25",1.93,3.62,442,"1991-09-11 2020-09-25",45.71,16.07,442,"1991-09-11 2020-09-25",5.46,3.55,450,"1991-09-11 2020-09-25",3.2,3.78,450,"1991-09-11 2020-09-25",1.02,3.06,449,"1991-09-11 2020-09-25",,,,,,,,,,,,,,,,
2021-09-17,7.06,3.48,442,"1991-09-10 2020-09-24",86.86,9.93,442,"1991-09-10 2020-09-24",17.24,6.06,450,"1991-09-10 2020-09-24",23.04,7.97,450,"1991-09-10 2020-09-24",2.11,3.63,442,"1991-09-10 2020-09-24",46.26,16.12,442,"1991-09-10 2020-09-24",5.59,3.56,450,"1991-09-10 2020-09-24",3.22,3.82,450,"1991-09-10 2020-09-24",1.09,3.09,449,"1991-09-10 2020-09-24",,,,,,,,,,,,,,,,
2021-09-16,7.22,3.5,443,"1991-09-09 2020-09-23",87.18,9.68,443,"1991-09-09 2020-09-23",17.2,6.13,450,"1991-09-09 2020-09-23",22.89,7.84,450,"1991-09-09 2020-09-23",2.37,3.64,443,"1991-09-09 2020-09-23",47.08,16.35,443,"1991-09-09 2020-09-23",5.73,3.55,450,"1991-09-09 2020-09-23",3.35,3.84,450,"1991-09-09 2020-09-23",1.12,3.13,450,"1991-09-09 2020-09-23",,,,,,,,,,,,,,,,
2021-09-15,7.42,3.5,444,"1991-09-08 2020-09-22",87.5,9.78,444,"1991-09-08 2020-09-22",17.21,6.1,450,"1991-09-08 2020-09-22",23,7.73,450,"1991-09-08 2020-09-22",2.57,3.66,444,"1991-09-08 2020-09-22",47.61,16.69,444,"1991-09-08 2020-09-22",5.89,3.55,450,"1991-09-08 2020-09-22",3.33,3.81,450,"1991-09-08 2020-09-22",1.2,3.17,449,"1991-09-08 2020-09-22",,,,,,,,,,,,,,,,
2021-09-14,7.63,3.48,445,"1991-09-07 2020-09-21",87.62,9.72,445,"1991-09-07 2020-09-21",17.41,6.02,450,"1991-09-07 2020-09-21",22.95,7.81,450,"1991-09-07 2020-09-21",2.76,3.65,445,"1991-09-07 2020-09-21",47.6,16.72,445,"1991-09-07 2020-09-21",6.02,3.53,450,"1991-09-07 2020-09-21",3.31,3.77,450,"1991-09-07 2020-09-21",1.18,3.13,448,"1991-09-07 2020-09-21",,,,,,,,,,,,,,,,
2021-09-13,7.87,3.41,445,"1991-09-06 2020-09-20",87.66,9.83,445,"1991-09-06 2020-09-20",17.62,5.96,450,"1991-09-06 2020-09-20",22.95,7.94,450,"1991-09-06 2020-09-20",2.97,3.66,445,"1991-09-06 2020-09-20",47.53,16.61,445,"1991-09-06 2020-09-20",6.27,3.51,450,"1991-09-06 2020-09-20",3.29,3.77,450,"1991-09-06 2020-09-20",1.18,3.23,448,"1991-09-06 2020-09-20",,,,,,,,,,,,,,,,
2021-09-12,8.07,3.34,446,"1991-09-05 2020-09-19",87.7,9.97,446,"1991-09-05 2020-09-19",17.89,5.96,450,"1991-09-05 2020-09-19",22.76,7.73,450,"1991-09-05 2020-09-19",3.23,3.6,446,"1991-09-05 2020-09-19",47.56,16.58,446,"1991-09-05 2020-09-19",6.46,3.5,450,"1991-09-05 2020-09-19",3.2,3.71,450,"1991-09-05 2020-09-19",1.19,3.25,448,"1991-09-05 2020-09-19",,,,,,,,,,,,,,,,
2021-09-11,8.26,3.34,446,"1991-09-04 2020-09-18",87.84,9.84,446,"1991-09-04 2020-09-18",18.04,5.92,450,"1991-09-04 2020-09-18",22.73,7.79,450,"1991-09-04 2020-09-18",3.47,3.6,446,"1991-09-04 2020-09-18",47.54,16.41,446,"1991-09-04 2020-09-18",6.69,3.45,450,"1991-09-04 2020-09-18",3.17,3.74,450,"1991-09-04 2020-09-18",1.24,3.81,447,"1991-09-04 2020-09-18",,,,,,,,,,,,,,,,
2021-09-10,8.48,3.27,446,"1991-09-03 2020-09-17",87.73,9.96,446,"1991-09-03 2020-09-17",18.29,5.94,450,"1991-09-03 2020-09-17",22.8,7.7,450,"1991-09-03 2020-09-17",3.74,3.51,446,"1991-09-03 2020-09-17",47.57,16.36,446,"1991-09-03 2020-09-17",6.96,3.42,450,"1991-09-03 2020-09-17",3.23,3.77,450,"1991-09-03 2020-09-17",1.23,3.81,447,"1991-09-03 2020-09-17",,,,,,,,,,,,,,,,
2021-09-09,8.72,3.11,447,"1991-09-02 2020-09-16",87.6,9.99,447,"1991-09-02 2020-09-16",18.6,5.84,450,"1991-09-02 2020-09-16",22.9,7.7,450,"1991-09-02 2020-09-16",3.96,3.37,447,"1991-09-02 2020-09-16",47.4,16.37,447,"1991-09-02 2020-09-16",7.22,3.33,450,"1991-09-02 2020-09-16",3.26,3.81,450,"1991-09-02 2020-09-16",1.28,3.93,447,"1991-09-02 2020-09-16",,,,,,,,,,,,,,,,
2021-09-08,8.89,3.02,448,"1991-09-01 2020-09-15",87.54,10.19,448,"1991-09-01 2020-09-15",18.73,5.58,450,"1991-09-01 2020-09-15",23.03,7.76,450,"1991-09-01 2020-09-15",4.12,3.27,448,"1991-09-01 2020-09-15",47.28,16.1,448,"1991-09-01 2020-09-15",7.47,3.25,450,"1991-09-01 2020-09-15",3.36,3.9,450,"1991-09-01 2020-09-15",1.29,3.8,446,"1991-09-01 2020-09-15",,,,,,,,,,,,,,,,
2021-09-07,9.06,3.01,448,"1991-08-31 2020-09-14",87.56,10.05,448,"1991-08-31 2020-09-14",18.92,5.37,450,"1991-08-31 2020-09-14",23.17,7.67,450,"1991-08-31 2020-09-14",4.27,3.24,448,"1991-08-31 2020-09-14",46.96,15.82,448,"1991-08-31 2020-09-14",7.68,3.21,450,"1991-08-31 2020-09-14",3.37,3.8,450,"1991-08-31 2020-09-14",1.24,3.72,446,"1991-08-31 2020-09-14",,,,,,,,,,,,,,,,
2021-09-06,9.29,2.94,448,"1991-08-30 2020-09-13",87.79,9.74,448,"1991-08-30 2020-09-13",19.13,5.29,450,"1991-08-30 2020-09-13",23.28,7.68,450,"1991-08-30 2020-09-13",4.46,3.17,448,"1991-08-30 2020-09-13",46.93,15.88,448,"1991-08-30 2020-09-13",7.92,3.2,450,"1991-08-30 2020-09-13",3.43,3.8,450,"1991-08-30 2020-09-13",1.25,3.59,446,"1991-08-30 2020-09-13",,,,,,,,,,,,,,,,
2021-09-05,9.57,2.9,448,"1991-08-29 2020-09-12",87.89,9.74,448,"1991-08-29 2020-09-12",19.43,5.24,450,"1991-08-29 2020-09-12",23.49,7.69,450,"1991-08-29 2020-09-12",4.73,3.11,448,"1991-08-29 2020-09-12",46.95,15.79,448,"1991-08-29 2020-09-12",8.2,3.16,450,"1991-08-29 2020-09-12",3.39,3.79,450,"1991-08-29 2020-09-12",1.35,3.99,446,"1991-08-29 2020-09-12",,,,,,,,,,,,,,,,
2021-09-04,9.78,2.93,448,"1991-08-28 2020-09-11",87.98,9.54,448,"1991-08-28 2020-09-11",19.75,5.22,450,"1991-08-28 2020-09-11",23.5,7.69,450,"1991-08-28 2020-09-11",4.97,3.08,448,"1991-08-28 2020-09-11",46.59,15.6,448,"1991-08-28 2020-09-11",8.45,3.13,450,"1991-08-28 2020-09-11",3.24,3.72,450,"1991-08-28 2020-09-11",1.32,3.97,446,"1991-08-28 2020-09-11",,,,,,,,,,,,,,,,
2021-09-03,9.98,2.92,449,"1991-08-27 2020-09-10",88.09,9.42,449,"1991-08-27 2020-09-10",19.97,5.21,450,"1991-08-27 2020-09-10",23.31,7.65,450,"1991-08-27 2020-09-10",5.15,3.11,449,"1991-08-27 2020-09-10",46.48,15.37,449,"1991-08-27 2020-09-10",8.67,3.11,450,"1991-08-27 2020-09-10",3.08,3.65,450,"1991-08-27 2020-09-10",1.34,4.06,445,"1991-08-27 2020-09-10",,,,,,,,,,,,,,,,
2021-09-02,10.12,2.92,449,"1991-08-26 2020-09-09",88.04,9.38,449,"1991-08-26 2020-09-09",20.21,5.07,450,"1991-08-26 2020-09-09",23.16,7.73,450,"1991-08-26 2020-09-09",5.33,3.1,449,"1991-08-26 2020-09-09",46.3,15.01,449,"1991-08-26 2020-09-09",8.83,3.06,450,"1991-08-26 2020-09-09",3,3.59,450,"1991-08-26 2020-09-09",1.31,4.06,445,"1991-08-26 2020-09-09",,,,,,,,,,,,,,,,
2021-09-01,10.24,2.86,449,"1991-08-25 2020-09-08",87.78,9.54,449,"1991-08-25 2020-09-08",20.46,4.9,450,"1991-08-25 2020-09-08",23.18,7.77,450,"1991-08-25 2020-09-08",5.41,3.1,449,"1991-08-25 2020-09-08",45.82,14.52,449,"1991-08-25 2020-09-08",8.95,3.04,450,"1991-08-25 2020-09-08",2.87,3.5,450,"1991-08-25 2020-09-08",1.26,4.03,445,"1991-08-25 2020-09-08",,,,,,,,,,,,,,,,
2021-08-31,10.36,2.9,449,"1991-08-24 2020-09-07",87.75,9.43,449,"1991-08-24 2020-09-07",20.65,4.82,450,"1991-08-24 2020-09-07",23.04,7.72,450,"1991-08-24 2020-09-07",5.52,3.1,449,"1991-08-24 2020-09-07",45.34,14.02,449,"1991-08-24 2020-09-07",9.1,2.98,450,"1991-08-24 2020-09-07",2.9,3.5,450,"1991-08-24 2020-09-07",1.28,4.14,446,"1991-08-24 2020-09-07",,,,,,,,,,,,,,,,
2021-08-30,10.51,2.94,449,"1991-08-23 2020-09-06",87.7,9.39,449,"1991-08-23 2020-09-06",20.72,4.81,450,"1991-08-23 2020-09-06",23.12,7.72,450,"1991-08-23 2020-09-06",5.68,3.13,449,"1991-08-23 2020-09-06",45.5,14.05,449,"1991-08-23 2020-09-06",9.29,2.9,450,"1991-08-23 2020-09-06",2.82,3.49,450,"1991-08-23 2020-09-06",1.41,4.57,447,"1991-08-23 2020-09-06",,,,,,,,,,,,,,,,
2021-08-29,10.65,2.96,450,"1991-08-22 2020-09-05",87.62,9.26,450,"1991-08-22 2020-09-05",20.88,4.74,450,"1991-08-22 2020-09-05",23.16,7.63,450,"1991-08-22 2020-09-05",5.84,3.07,450,"1991-08-22 2020-09-05",45.4,14.07,450,"1991-08-22 2020-09-05",9.48,2.88,450,"1991-08-22 2020-09-05",2.79,3.46,450,"1991-08-22 2020-09-05",1.45,4.57,447,"1991-08-22 2020-09-05",,,,,,,,,,,,,,,,
2021-08-28,10.85,2.97,450,"1991-08-21 2020-09-04",87.5,9.19,450,"1991-08-21 2020-09-04",21.08,4.73,450,"1991-08-21 2020-09-04",23.4,7.79,450,"1991-08-21 2020-09-04",6,3.07,450,"1991-08-21 2020-09-04",45.47,14.06,450,"1991-08-21 2020-09-04",9.7,2.88,450,"1991-08-21 2020-09-04",2.82,3.47,450,"1991-08-21 2020-09-04",1.48,4.58,446,"1991-08-21 2020-09-04",,,,,,,,,,,,,,,,
2021-08-27,10.99,2.94,450,"1991-08-20 2020-09-03",87.35,9.25,450,"1991-08-20 2020-09-03",21.37,4.59,450,"1991-08-20 2020-09-03",23.29,7.66,450,"1991-08-20 2020-09-03",6.1,3.1,450,"1991-08-20 2020-09-03",44.92,13.78,450,"1991-08-20 2020-09-03",9.85,2.87,450,"1991-08-20 2020-09-03",2.79,3.41,450,"1991-08-20 2020-09-03",1.39,4.08,447,"1991-08-20 2020-09-03",,,,,,,,,,,,,,,,
2021-08-26,11.15,2.93,450,"1991-08-19 2020-09-02",87.51,9.08,450,"1991-08-19 2020-09-02",21.51,4.46,450,"1991-08-19 2020-09-02",23.12,7.61,450,"1991-08-19 2020-09-02",6.24,3.09,450,"1991-08-19 2020-09-02",44.77,13.45,450,"1991-08-19 2020-09-02",10.01,2.88,450,"1991-08-19 2020-09-02",2.71,3.36,450,"1991-08-19 2020-09-02",1.41,4.12,447,"1991-08-19 2020-09-02",,,,,,,,,,,,,,,,
2021-08-25,11.32,2.94,450,"1991-08-18 2020-09-01",87.48,9.08,450,"1991-08-18 2020-09-01",21.71,4.55,450,"1991-08-18 2020-09-01",23.18,7.77,450,"1991-08-18 2020-09-01",6.41,3.1,450,"1991-08-18 2020-09-01",44.72,13.31,450,"1991-08-18 2020-09-01",10.17,2.91,450,"1991-08-18 2020-09-01",2.67,3.29,450,"1991-08-18 2020-09-01",1.33,3.98,447,"1991-08-18 2020-09-01",,,,,,,,,,,,,,,,
2021-08-24,11.48,2.93,449,"1991-08-17 2020-08-31",87.54,8.89,449,"1991-08-17 2020-08-31",21.97,4.59,450,"1991-08-17 2020-08-31",23.06,7.73,450,"1991-08-17 2020-08-31",6.59,3.08,449,"1991-08-17 2020-08-31",44.51,13.22,449,"1991-08-17 2020-08-31",10.3,2.93,450,"1991-08-17 2020-08-31",2.56,3.14,450,"1991-08-17 2020-08-31",1.4,4.92,448,"1991-08-17 2020-08-31",,,,,,,,,,,,,,,,
2021-08-23,11.63,2.88,449,"1991-08-16 2020-08-30",87.42,9,449,"1991-08-16 2020-08-30",22.1,4.62,450,"1991-08-16 2020-08-30",22.91,7.7,450,"1991-08-16 2020-08-30",6.81,3.08,449,"1991-08-16 2020-08-30",44.77,13.26,449,"1991-08-16 2020-08-30",10.48,2.96,450,"1991-08-16 2020-08-30",2.47,3.08,450,"1991-08-16 2020-08-30",1.38,4.86,448,"1991-08-16 2020-08-30",,,,,,,,,,,,,,,,
2021-08-22,11.74,2.85,448,"1991-08-15 2020-08-29",87.51,8.96,448,"1991-08-15 2020-08-29",22.2,4.61,450,"1991-08-15 2020-08-29",22.78,7.57,450,"1991-08-15 2020-08-29",6.96,3.1,448,"1991-08-15 2020-08-29",44.78,13.16,448,"1991-08-15 2020-08-29",10.62,3,450,"1991-08-15 2020-08-29",2.44,3.1,450,"1991-08-15 2020-08-29",1.42,4.98,448,"1991-08-15 2020-08-29",,,,,,,,,,,,,,,,
2021-08-21,11.86,2.86,447,"1991-08-14 2020-08-28",87.47,8.92,447,"1991-08-14 2020-08-28",22.36,4.59,450,"1991-08-14 2020-08-28",22.86,7.9,450,"1991-08-14 2020-08-28",7.07,3.11,447,"1991-08-14 2020-08-28",44.7,13.09,447,"1991-08-14 2020-08-28",10.75,2.97,450,"1991-08-14 2020-08-28",2.5,3.12,450,"1991-08-14 2020-08-28",1.33,4.69,448,"1991-08-14 2020-08-28",,,,,,,,,,,,,,,,
2021-08-20,11.98,2.88,447,"1991-08-13 2020-08-27",87.4,9.01,447,"1991-08-13 2020-08-27",22.45,4.53,450,"1991-08-13 2020-08-27",22.76,7.77,450,"1991-08-13 2020-08-27",7.26,3.16,447,"1991-08-13 2020-08-27",45.11,13.29,447,"1991-08-13 2020-08-27",10.9,3.01,450,"1991-08-13 2020-08-27",2.58,3.21,450,"1991-08-13 2020-08-27",1.4,4.87,448,"1991-08-13 2020-08-27",,,,,,,,,,,,,,,,
2021-08-19,12.06,2.88,446,"1991-08-12 2020-08-26",87.42,9.14,446,"1991-08-12 2020-08-26",22.49,4.52,450,"1991-08-12 2020-08-26",22.83,7.73,450,"1991-08-12 2020-08-26",7.37,3.19,446,"1991-08-12 2020-08-26",45.42,13.6,446,"1991-08-12 2020-08-26",11.02,3,450,"1991-08-12 2020-08-26",2.67,3.24,450,"1991-08-12 2020-08-26",1.52,4.89,449,"1991-08-12 2020-08-26",,,,,,,,,,,,,,,,
2021-08-18,12.14,2.88,446,"1991-08-11 2020-08-25",87.54,9.18,446,"1991-08-11 2020-08-25",22.49,4.55,450,"1991-08-11 2020-08-25",22.76,7.59,450,"1991-08-11 2020-08-25",7.48,3.22,446,"1991-08-11 2020-08-25",45.78,14.06,446,"1991-08-11 2020-08-25",11.12,3.02,450,"1991-08-11 2020-08-25",2.74,3.25,450,"1991-08-11 2020-08-25",1.69,5.27,449,"1991-08-11 2020-08-25",,,,,,,,,,,,,,,,
2021-08-17,12.28,2.87,446,"1991-08-10 2020-08-24",87.74,9.13,446,"1991-08-10 2020-08-24",22.54,4.61,450,"1991-08-10 2020-08-24",22.71,7.48,450,"1991-08-10 2020-08-24",7.66,3.18,446,"1991-08-10 2020-08-24",46.21,14.2,446,"1991-08-10 2020-08-24",11.27,2.96,450,"1991-08-10 2020-08-24",2.85,3.27,450,"1991-08-10 2020-08-24",1.72,5.28,449,"1991-08-10 2020-08-24",,,,,,,,,,,,,,,,
2021-08-16,12.41,2.82,445,"1991-08-09 2020-08-23",87.58,9.18,445,"1991-08-09 2020-08-23",22.69,4.65,450,"1991-08-09 2020-08-23",22.72,7.5,450,"1991-08-09 2020-08-23",7.83,3.12,445,"1991-08-09 2020-08-23",46.41,14.39,445,"1991-08-09 2020-08-23",11.45,2.93,450,"1991-08-09 2020-08-23",2.77,3.23,450,"1991-08-09 2020-08-23",1.78,5.52,449,"1991-08-09 2020-08-23",,,,,,,,,,,,,,,,
2021-08-15,12.52,2.76,445,"1991-08-08 2020-08-22",87.76,9.05,445,"1991-08-08 2020-08-22",22.81,4.65,450,"1991-08-08 2020-08-22",22.6,7.48,450,"1991-08-08 2020-08-22",7.96,3.1,445,"1991-08-08 2020-08-22",46.36,14.36,445,"1991-08-08 2020-08-22",11.59,2.89,450,"1991-08-08 2020-08-22",2.86,3.26,450,"1991-08-08 2020-08-22",1.76,5.49,448,"1991-08-08 2020-08-22",,,,,,,,,,,,,,,,
2021-08-14,12.7,2.67,445,"1991-08-07 2020-08-21",87.88,9.26,445,"1991-08-07 2020-08-21",22.9,4.59,450,"1991-08-07 2020-08-21",22.7,7.41,450,"1991-08-07 2020-08-21",8.13,3,445,"1991-08-07 2020-08-21",46.73,14.34,445,"1991-08-07 2020-08-21",11.74,2.84,450,"1991-08-07 2020-08-21",2.9,3.29,450,"1991-08-07 2020-08-21",1.86,5.86,448,"1991-08-07 2020-08-21",,,,,,,,,,,,,,,,
2021-08-13,12.85,2.65,445,"1991-08-06 2020-08-20",88.17,9.07,445,"1991-08-06 2020-08-20",23.03,4.54,450,"1991-08-06 2020-08-20",22.45,7.25,450,"1991-08-06 2020-08-20",8.31,2.97,445,"1991-08-06 2020-08-20",46.82,14.43,445,"1991-08-06 2020-08-20",11.89,2.78,450,"1991-08-06 2020-08-20",2.92,3.31,450,"1991-08-06 2020-08-20",1.98,6.13,449,"1991-08-06 2020-08-20",,,,,,,,,,,,,,,,
2021-08-12,13.04,2.62,445,"1991-08-05 2020-08-19",88.38,9.04,445,"1991-08-05 2020-08-19",23.16,4.58,450,"1991-08-05 2020-08-19",22.53,7.3,450,"1991-08-05 2020-08-19",8.58,2.94,445,"1991-08-05 2020-08-19",47.33,14.41,445,"1991-08-05 2020-08-19",12.02,2.77,450,"1991-08-05 2020-08-19",2.9,3.35,450,"1991-08-05 2020-08-19",1.99,6.13,448,"1991-08-05 2020-08-19",,,,,,,,,,,,,,,,
2021-08-11,13.14,2.63,445,"1991-08-04 2020-08-18",88.35,9.11,445,"1991-08-04 2020-08-18",23.27,4.63,450,"1991-08-04 2020-08-18",22.64,7.36,450,"1991-08-04 2020-08-18",8.76,2.92,445,"1991-08-04 2020-08-18",47.64,14.46,445,"1991-08-04 2020-08-18",12.14,2.75,450,"1991-08-04 2020-08-18",2.97,3.41,450,"1991-08-04 2020-08-18",2.03,6.11,448,"1991-08-04 2020-08-18",,,,,,,,,,,,,,,,
2021-08-10,13.22,2.63,445,"1991-08-03 2020-08-17",88.42,9.09,445,"1991-08-03 2020-08-17",23.25,4.5,450,"1991-08-03 2020-08-17",22.48,7.12,450,"1991-08-03 2020-08-17",8.88,2.92,445,"1991-08-03 2020-08-17",48.01,14.39,445,"1991-08-03 2020-08-17",12.24,2.7,450,"1991-08-03 2020-08-17",3,3.42,450,"1991-08-03 2020-08-17",2.11,6.3,448,"1991-08-03 2020-08-17",,,,,,,,,,,,,,,,
2021-08-09,13.29,2.67,446,"1991-08-02 2020-08-16",88.43,9.11,446,"1991-08-02 2020-08-16",23.29,4.44,450,"1991-08-02 2020-08-16",22.45,7.09,450,"1991-08-02 2020-08-16",8.96,2.91,446,"1991-08-02 2020-08-16",48.14,14.15,446,"1991-08-02 2020-08-16",12.31,2.68,450,"1991-08-02 2020-08-16",3.02,3.42,450,"1991-08-02 2020-08-16",1.97,5.58,447,"1991-08-02 2020-08-16",,,,,,,,,,,,,,,,
2021-08-08,13.35,2.64,446,"1991-08-01 2020-08-15",88.46,9.09,446,"1991-08-01 2020-08-15",23.4,4.36,450,"1991-08-01 2020-08-15",22.87,7.33,450,"1991-08-01 2020-08-15",8.95,2.94,446,"1991-08-01 2020-08-15",47.78,13.98,446,"1991-08-01 2020-08-15",12.38,2.61,450,"1991-08-01 2020-08-15",3.13,3.49,450,"1991-08-01 2020-08-15",2.14,5.92,447,"1991-08-01 2020-08-15",,,,,,,,,,,,,,,,
2021-08-07,13.39,2.64,447,"1991-07-31 2020-08-14",88.21,9.27,447,"1991-07-31 2020-08-14",23.48,4.3,450,"1991-07-31 2020-08-14",23.04,7.48,450,"1991-07-31 2020-08-14",9,2.9,447,"1991-07-31 2020-08-14",47.66,13.66,447,"1991-07-31 2020-08-14",12.45,2.61,450,"1991-07-31 2020-08-14",3.19,3.56,450,"1991-07-31 2020-08-14",2.1,5.85,446,"1991-07-31 2020-08-14",,,,,,,,,,,,,,,,
2021-08-06,13.44,2.7,447,"1991-07-30 2020-08-13",88.15,9.25,447,"1991-07-30 2020-08-13",23.5,4.3,450,"1991-07-30 2020-08-13",23.16,7.34,450,"1991-07-30 2020-08-13",9,2.95,447,"1991-07-30 2020-08-13",47.63,13.58,447,"1991-07-30 2020-08-13",12.52,2.64,450,"1991-07-30 2020-08-13",3.22,3.7,450,"1991-07-30 2020-08-13",2.2,5.92,446,"1991-07-30 2020-08-13",,,,,,,,,,,,,,,,
2021-08-05,13.49,2.72,447,"1991-07-29 2020-08-12",88.2,9.32,447,"1991-07-29 2020-08-12",23.56,4.34,450,"1991-07-29 2020-08-12",23.2,7.49,450,"1991-07-29 2020-08-12",9.02,2.99,447,"1991-07-29 2020-08-12",47.44,13.71,447,"1991-07-29 2020-08-12",12.55,2.59,450,"1991-07-29 2020-08-12",3.22,3.65,450,"1991-07-29 2020-08-12",2.24,6.07,446,"1991-07-29 2020-08-12",,,,,,,,,,,,,,,,
2021-08-04,13.57,2.74,448,"1991-07-28 2020-08-11",88.05,9.3,448,"1991-07-28 2020-08-11",23.67,4.26,450,"1991-07-28 2020-08-11",23.22,7.46,450,"1991-07-28 2020-08-11",9.08,2.96,448,"1991-07-28 2020-08-11",47.21,13.46,448,"1991-07-28 2020-08-11",12.64,2.6,450,"1991-07-28 2020-08-11",3.09,3.6,450,"1991-07-28 2020-08-11",2.12,6,446,"1991-07-28 2020-08-11",,,,,,,,,,,,,,,,
2021-08-03,13.68,2.73,448,"1991-07-27 2020-08-10",87.95,9.35,448,"1991-07-27 2020-08-10",23.86,4.22,450,"1991-07-27 2020-08-10",23.39,7.49,450,"1991-07-27 2020-08-10",9.13,2.94,448,"1991-07-27 2020-08-10",46.73,13.09,448,"1991-07-27 2020-08-10",12.72,2.54,450,"1991-07-27 2020-08-10",3.04,3.6,450,"1991-07-27 2020-08-10",2.04,5.82,446,"1991-07-27 2020-08-10",,,,,,,,,,,,,,,,
2021-08-02,13.78,2.68,448,"1991-07-26 2020-08-09",88.06,9.35,448,"1991-07-26 2020-08-09",23.94,4.14,450,"1991-07-26 2020-08-09",23.51,7.65,450,"1991-07-26 2020-08-09",9.18,2.9,448,"1991-07-26 2020-08-09",46.61,13,448,"1991-07-26 2020-08-09",12.8,2.5,450,"1991-07-26 2020-08-09",2.95,3.61,450,"1991-07-26 2020-08-09",2.15,5.9,446,"1991-07-26 2020-08-09",,,,,,,,,,,,,,,,
2021-08-01,13.81,2.66,449,"1991-07-25 2020-08-08",88.02,9.49,449,"1991-07-25 2020-08-08",23.97,4.07,450,"1991-07-25 2020-08-08",23.6,7.65,450,"1991-07-25 2020-08-08",9.2,2.89,449,"1991-07-25 2020-08-08",46.67,13.06,449,"1991-07-25 2020-08-08",12.84,2.52,450,"1991-07-25 2020-08-08",2.96,3.69,450,"1991-07-25 2020-08-08",2.28,6.46,445,"1991-07-25 2020-08-08",,,,,,,,,,,,,,,,
2021-07-31,13.85,2.66,449,"1991-07-24 2020-08-07",87.89,9.63,449,"1991-07-24 2020-08-07",24.01,4.04,450,"1991-07-24 2020-08-07",23.68,7.54,450,"1991-07-24 2020-08-07",9.19,2.87,449,"1991-07-24 2020-08-07",46.64,13.12,449,"1991-07-24 2020-08-07",12.89,2.5,450,"1991-07-24 2020-08-07",2.94,3.67,450,"1991-07-24 2020-08-07",2.3,6.37,446,"1991-07-24 2020-08-07",,,,,,,,,,,,,,,,
2021-07-30,13.87,2.69,449,"1991-07-23 2020-08-06",87.77,9.56,449,"1991-07-23 2020-08-06",24.1,4.01,450,"1991-07-23 2020-08-06",23.76,7.69,450,"1991-07-23 2020-08-06",9.22,2.87,449,"1991-07-23 2020-08-06",46.37,12.84,449,"1991-07-23 2020-08-06",12.93,2.52,450,"1991-07-23 2020-08-06",2.89,3.66,450,"1991-07-23 2020-08-06",2.28,6.1,445,"1991-07-23 2020-08-06",,,,,,,,,,,,,,,,
2021-07-29,13.85,2.68,449,"1991-07-22 2020-08-05",87.66,9.51,449,"1991-07-22 2020-08-05",24.15,4.01,450,"1991-07-22 2020-08-05",23.83,7.65,450,"1991-07-22 2020-08-05",9.2,2.86,449,"1991-07-22 2020-08-05",46.08,12.61,449,"1991-07-22 2020-08-05",12.94,2.51,450,"1991-07-22 2020-08-05",2.9,3.64,450,"1991-07-22 2020-08-05",2.24,6.03,445,"1991-07-22 2020-08-05",,,,,,,,,,,,,,,,
2021-07-28,13.81,2.68,449,"1991-07-21 2020-08-04",87.54,9.58,449,"1991-07-21 2020-08-04",24.09,3.97,450,"1991-07-21 2020-08-04",23.91,7.64,450,"1991-07-21 2020-08-04",9.11,2.82,449,"1991-07-21 2020-08-04",45.96,12.61,449,"1991-07-21 2020-08-04",12.95,2.51,450,"1991-07-21 2020-08-04",2.9,3.62,450,"1991-07-21 2020-08-04",2.24,6.01,446,"1991-07-21 2020-08-04",,,,,,,,,,,,,,,,
2021-07-27,13.81,2.66,449,"1991-07-20 2020-08-03",87.73,9.48,449,"1991-07-20 2020-08-03",24.08,3.9,450,"1991-07-20 2020-08-03",24.08,7.72,450,"1991-07-20 2020-08-03",9.05,2.79,449,"1991-07-20 2020-08-03",45.71,12.38,449,"1991-07-20 2020-08-03",12.91,2.5,450,"1991-07-20 2020-08-03",2.86,3.61,450,"1991-07-20 2020-08-03",2.33,6.13,446,"1991-07-20 2020-08-03",,,,,,,,,,,,,,,,
2021-07-26,13.82,2.67,449,"1991-07-19 2020-08-02",87.96,9.36,449,"1991-07-19 2020-08-02",24.07,3.85,450,"1991-07-19 2020-08-02",24.12,8.01,450,"1991-07-19 2020-08-02",9.05,2.77,449,"1991-07-19 2020-08-02",45.63,12.19,449,"1991-07-19 2020-08-02",12.92,2.52,450,"1991-07-19 2020-08-02",2.83,3.61,450,"1991-07-19 2020-08-02",2.42,6.08,446,"1991-07-19 2020-08-02",,,,,,,,,,,,,,,,
2021-07-25,13.86,2.64,449,"1991-07-18 2020-08-01",88.1,9.34,449,"1991-07-18 2020-08-01",24.06,3.83,450,"1991-07-18 2020-08-01",24.4,8.12,450,"1991-07-18 2020-08-01",9.08,2.77,449,"1991-07-18 2020-08-01",45.73,12.26,449,"1991-07-18 2020-08-01",12.98,2.5,450,"1991-07-18 2020-08-01",2.81,3.57,450,"1991-07-18 2020-08-01",2.5,6.1,447,"1991-07-18 2020-08-01",,,,,,,,,,,,,,,,
2021-07-24,13.91,2.63,449,"1991-07-17 2020-07-31",88.25,9.23,449,"1991-07-17 2020-07-31",24.07,3.86,450,"1991-07-17 2020-07-31",24.24,8.08,450,"1991-07-17 2020-07-31",9.14,2.72,449,"1991-07-17 2020-07-31",45.9,12.32,449,"1991-07-17 2020-07-31",12.98,2.5,450,"1991-07-17 2020-07-31",2.75,3.51,450,"1991-07-17 2020-07-31",2.55,6.17,447,"1991-07-17 2020-07-31",,,,,,,,,,,,,,,,
2021-07-23,13.96,2.63,449,"1991-07-16 2020-07-30",88.38,9.2,449,"1991-07-16 2020-07-30",24.05,3.84,450,"1991-07-16 2020-07-30",24.23,8.03,450,"1991-07-16 2020-07-30",9.14,2.75,449,"1991-07-16 2020-07-30",46.08,12.64,449,"1991-07-16 2020-07-30",12.97,2.47,450,"1991-07-16 2020-07-30",2.67,3.36,450,"1991-07-16 2020-07-30",2.72,6.4,448,"1991-07-16 2020-07-30",,,,,,,,,,,,,,,,
2021-07-22,13.88,2.62,450,"1991-07-15 2020-07-29",88.33,9.18,450,"1991-07-15 2020-07-29",23.97,3.85,450,"1991-07-15 2020-07-29",24.04,7.96,450,"1991-07-15 2020-07-29",9.13,2.76,450,"1991-07-15 2020-07-29",46.15,12.8,450,"1991-07-15 2020-07-29",12.94,2.45,450,"1991-07-15 2020-07-29",2.64,3.22,450,"1991-07-15 2020-07-29",2.86,6.94,448,"1991-07-15 2020-07-29",,,,,,,,,,,,,,,,
2021-07-21,13.82,2.62,450,"1991-07-14 2020-07-28",88.38,9.04,450,"1991-07-14 2020-07-28",23.86,3.81,450,"1991-07-14 2020-07-28",24.15,7.94,450,"1991-07-14 2020-07-28",9.05,2.71,450,"1991-07-14 2020-07-28",46.19,12.66,450,"1991-07-14 2020-07-28",12.93,2.49,450,"1991-07-14 2020-07-28",2.7,3.19,450,"1991-07-14 2020-07-28",2.8,6.77,448,"1991-07-14 2020-07-28",,,,,,,,,,,,,,,,
2021-07-20,13.83,2.61,450,"1991-07-13 2020-07-27",88.49,9.07,450,"1991-07-13 2020-07-27",23.87,3.85,450,"1991-07-13 2020-07-27",24.37,8.04,450,"1991-07-13 2020-07-27",9.01,2.71,450,"1991-07-13 2020-07-27",46.13,12.57,450,"1991-07-13 2020-07-27",12.92,2.54,450,"1991-07-13 2020-07-27",2.82,3.28,450,"1991-07-13 2020-07-27",2.93,6.9,448,"1991-07-13 2020-07-27",,,,,,,,,,,,,,,,
2021-07-19,13.81,2.62,450,"1991-07-12 2020-07-26",88.42,9.03,450,"1991-07-12 2020-07-26",23.83,3.88,450,"1991-07-12 2020-07-26",24.42,7.98,450,"1991-07-12 2020-07-26",8.99,2.7,450,"1991-07-12 2020-07-26",46.25,12.72,450,"1991-07-12 2020-07-26",12.93,2.61,450,"1991-07-12 2020-07-26",2.95,3.29,450,"1991-07-12 2020-07-26",2.94,6.86,448,"1991-07-12 2020-07-26",,,,,,,,,,,,,,,,
2021-07-18,13.75,2.65,450,"1991-07-11 2020-07-25",88.34,9.02,450,"1991-07-11 2020-07-25",23.8,3.91,450,"1991-07-11 2020-07-25",24.5,7.84,450,"1991-07-11 2020-07-25",8.97,2.75,450,"1991-07-11 2020-07-25",46.28,12.81,450,"1991-07-11 2020-07-25",12.92,2.64,450,"1991-07-11 2020-07-25",3.02,3.31,450,"1991-07-11 2020-07-25",2.93,6.89,448,"1991-07-11 2020-07-25",,,,,,,,,,,,,,,,
2021-07-17,13.74,2.67,450,"1991-07-10 2020-07-24",88.61,8.8,450,"1991-07-10 2020-07-24",23.75,3.93,450,"1991-07-10 2020-07-24",24.44,7.89,450,"1991-07-10 2020-07-24",8.97,2.8,450,"1991-07-10 2020-07-24",46.34,12.67,450,"1991-07-10 2020-07-24",12.88,2.65,450,"1991-07-10 2020-07-24",3.02,3.26,450,"1991-07-10 2020-07-24",2.82,6.17,449,"1991-07-10 2020-07-24",,,,,,,,,,,,,,,,
2021-07-16,13.73,2.66,450,"1991-07-09 2020-07-23",88.73,8.7,450,"1991-07-09 2020-07-23",23.74,3.96,450,"1991-07-09 2020-07-23",24.53,7.94,450,"1991-07-09 2020-07-23",8.96,2.83,450,"1991-07-09 2020-07-23",46.37,12.53,450,"1991-07-09 2020-07-23",12.86,2.68,450,"1991-07-09 2020-07-23",3.01,3.24,450,"1991-07-09 2020-07-23",2.81,6.07,449,"1991-07-09 2020-07-23",,,,,,,,,,,,,,,,
2021-07-15,13.7,2.63,450,"1991-07-08 2020-07-22",88.98,8.56,450,"1991-07-08 2020-07-22",23.67,3.95,450,"1991-07-08 2020-07-22",24.52,7.87,450,"1991-07-08 2020-07-22",8.93,2.83,450,"1991-07-08 2020-07-22",46.59,12.79,450,"1991-07-08 2020-07-22",12.78,2.67,450,"1991-07-08 2020-07-22",3.08,3.27,450,"1991-07-08 2020-07-22",2.87,6.1,450,"1991-07-08 2020-07-22",,,,,,,,,,,,,,,,
2021-07-14,13.63,2.64,450,"1991-07-07 2020-07-21",88.94,8.65,450,"1991-07-07 2020-07-21",23.52,3.9,450,"1991-07-07 2020-07-21",24.58,7.89,450,"1991-07-07 2020-07-21",8.84,2.88,450,"1991-07-07 2020-07-21",46.79,13.05,450,"1991-07-07 2020-07-21",12.71,2.66,450,"1991-07-07 2020-07-21",3.06,3.24,450,"1991-07-07 2020-07-21",2.88,6.03,450,"1991-07-07 2020-07-21",,,,,,,,,,,,,,,,
2021-07-13,13.56,2.67,450,"1991-07-06 2020-07-20",88.97,8.58,450,"1991-07-06 2020-07-20",23.45,3.91,450,"1991-07-06 2020-07-20",24.57,7.9,450,"1991-07-06 2020-07-20",8.77,2.92,450,"1991-07-06 2020-07-20",46.84,13.1,450,"1991-07-06 2020-07-20",12.63,2.7,450,"1991-07-06 2020-07-20",3.1,3.24,450,"1991-07-06 2020-07-20",2.97,6.17,450,"1991-07-06 2020-07-20",,,,,,,,,,,,,,,,
2021-07-12,13.46,2.7,450,"1991-07-05 2020-07-19",88.72,8.73,450,"1991-07-05 2020-07-19",23.35,3.99,450,"1991-07-05 2020-07-19",24.5,7.86,450,"1991-07-05 2020-07-19",8.65,2.99,450,"1991-07-05 2020-07-19",46.82,13.32,450,"1991-07-05 2020-07-19",12.57,2.74,450,"1991-07-05 2020-07-19",3.15,3.21,450,"1991-07-05 2020-07-19",2.92,6.11,450,"1991-07-05 2020-07-19",,,,,,,,,,,,,,,,
2021-07-11,13.36,2.69,450,"1991-07-04 2020-07-18",88.41,8.98,450,"1991-07-04 2020-07-18",23.29,4.06,450,"1991-07-04 2020-07-18",24.56,7.72,450,"1991-07-04 2020-07-18",8.52,2.99,450,"1991-07-04 2020-07-18",46.71,13.52,450,"1991-07-04 2020-07-18",12.52,2.73,450,"1991-07-04 2020-07-18",3.18,3.32,450,"1991-07-04 2020-07-18",2.81,6,450,"1991-07-04 2020-07-18",,,,,,,,,,,,,,,,
2021-07-10,13.29,2.67,450,"1991-07-03 2020-07-17",88.21,9.05,450,"1991-07-03 2020-07-17",23.25,4.1,450,"1991-07-03 2020-07-17",24.43,7.52,450,"1991-07-03 2020-07-17",8.4,3.01,450,"1991-07-03 2020-07-17",46.63,13.81,450,"1991-07-03 2020-07-17",12.44,2.75,450,"1991-07-03 2020-07-17",3.2,3.35,450,"1991-07-03 2020-07-17",2.88,6.3,449,"1991-07-03 2020-07-17",,,,,,,,,,,,,,,,
2021-07-09,13.18,2.74,450,"1991-07-02 2020-07-16",88.18,9.09,450,"1991-07-02 2020-07-16",23.17,4.09,450,"1991-07-02 2020-07-16",24.42,7.56,450,"1991-07-02 2020-07-16",8.32,3.02,450,"1991-07-02 2020-07-16",46.55,13.77,450,"1991-07-02 2020-07-16",12.34,2.73,450,"1991-07-02 2020-07-16",3.19,3.36,450,"1991-07-02 2020-07-16",2.76,6.01,449,"1991-07-02 2020-07-16",,,,,,,,,,,,,,,,
2021-07-08,13.08,2.79,450,"1991-07-01 2020-07-15",88.12,9.2,450,"1991-07-01 2020-07-15",23.1,4.04,450,"1991-07-01 2020-07-15",24.45,7.47,450,"1991-07-01 2020-07-15",8.25,3.08,450,"1991-07-01 2020-07-15",46.44,13.67,450,"1991-07-01 2020-07-15",12.28,2.74,450,"1991-07-01 2020-07-15",3.24,3.4,450,"1991-07-01 2020-07-15",2.72,5.96,448,"1991-07-01 2020-07-15",,,,,,,,,,,,,,,,
2021-07-07,13.09,2.77,450,"1991-06-30 2020-07-14",88.34,9.16,450,"1991-06-30 2020-07-14",23.04,4.02,450,"1991-06-30 2020-07-14",24.54,7.49,450,"1991-06-30 2020-07-14",8.2,3.13,450,"1991-06-30 2020-07-14",46.49,13.78,450,"1991-06-30 2020-07-14",12.24,2.72,450,"1991-06-30 2020-07-14",3.26,3.4,450,"1991-06-30 2020-07-14",2.59,5.36,447,"1991-06-30 2020-07-14",,,,,,,,,,,,,,,,
2021-07-06,13.03,2.78,450,"1991-06-29 2020-07-13",88.27,9.24,450,"1991-06-29 2020-07-13",23.01,4.03,450,"1991-06-29 2020-07-13",24.42,7.36,450,"1991-06-29 2020-07-13",8.18,3.2,450,"1991-06-29 2020-07-13",46.63,13.91,450,"1991-06-29 2020-07-13",12.17,2.73,450,"1991-06-29 2020-07-13",3.16,3.42,450,"1991-06-29 2020-07-13",2.63,5.32,447,"1991-06-29 2020-07-13",,,,,,,,,,,,,,,,
2021-07-05,12.93,2.76,450,"1991-06-28 2020-07-12",88.04,9.34,450,"1991-06-28 2020-07-12",22.87,4.06,450,"1991-06-28 2020-07-12",24.23,7.17,450,"1991-06-28 2020-07-12",8.08,3.22,450,"1991-06-28 2020-07-12",46.66,14.07,450,"1991-06-28 2020-07-12",12.09,2.69,450,"1991-06-28 2020-07-12",3.15,3.38,450,"1991-06-28 2020-07-12",2.54,5.18,447,"1991-06-28 2020-07-12",,,,,,,,,,,,,,,,
2021-07-04,12.77,2.79,450,"1991-06-27 2020-07-11",87.76,9.7,450,"1991-06-27 2020-07-11",22.77,4.07,450,"1991-06-27 2020-07-11",24.42,7.32,450,"1991-06-27 2020-07-11",7.9,3.27,450,"1991-06-27 2020-07-11",46.46,14.25,450,"1991-06-27 2020-07-11",12,2.69,450,"1991-06-27 2020-07-11",3.2,3.51,450,"1991-06-27 2020-07-11",2.54,5.14,447,"1991-06-27 2020-07-11",,,,,,,,,,,,,,,,
2021-07-03,12.66,2.77,450,"1991-06-26 2020-07-10",87.66,9.86,450,"1991-06-26 2020-07-10",22.72,4.09,450,"1991-06-26 2020-07-10",24.53,7.57,450,"1991-06-26 2020-07-10",7.73,3.28,450,"1991-06-26 2020-07-10",46.15,14.23,450,"1991-06-26 2020-07-10",11.91,2.68,450,"1991-06-26 2020-07-10",3.16,3.53,450,"1991-06-26 2020-07-10",2.54,5.11,447,"1991-06-26 2020-07-10",,,,,,,,,,,,,,,,
2021-07-02,12.52,2.75,450,"1991-06-25 2020-07-09",87.46,9.97,450,"1991-06-25 2020-07-09",22.65,4.07,450,"1991-06-25 2020-07-09",24.58,7.53,450,"1991-06-25 2020-07-09",7.59,3.22,450,"1991-06-25 2020-07-09",46,14.24,450,"1991-06-25 2020-07-09",11.84,2.63,450,"1991-06-25 2020-07-09",3.2,3.49,450,"1991-06-25 2020-07-09",2.53,5.39,447,"1991-06-25 2020-07-09",,,,,,,,,,,,,,,,
2021-07-01,12.36,2.76,450,"1991-06-24 2020-07-08",87.38,9.98,450,"1991-06-24 2020-07-08",22.55,4.01,450,"1991-06-24 2020-07-08",24.48,7.53,450,"1991-06-24 2020-07-08",7.47,3.2,450,"1991-06-24 2020-07-08",45.86,14.17,450,"1991-06-24 2020-07-08",11.72,2.65,450,"1991-06-24 2020-07-08",3.27,3.54,450,"1991-06-24 2020-07-08",2.48,5.33,447,"1991-06-24 2020-07-08",,,,,,,,,,,,,,,,
2021-06-30,12.19,2.8,450,"1991-06-23 2020-07-07",87,10.15,450,"1991-06-23 2020-07-07",22.44,4.08,450,"1991-06-23 2020-07-07",24.69,7.66,450,"1991-06-23 2020-07-07",7.27,3.23,450,"1991-06-23 2020-07-07",45.48,14.14,450,"1991-06-23 2020-07-07",11.64,2.7,450,"1991-06-23 2020-07-07",3.29,3.75,450,"1991-06-23 2020-07-07",2.36,5.28,447,"1991-06-23 2020-07-07",,,,,,,,,,,,,,,,
2021-06-29,12.03,2.82,450,"1991-06-22 2020-07-06",86.82,10.35,450,"1991-06-22 2020-07-06",22.36,4.16,450,"1991-06-22 2020-07-06",24.82,7.83,450,"1991-06-22 2020-07-06",7.13,3.23,450,"1991-06-22 2020-07-06",45.36,14.34,450,"1991-06-22 2020-07-06",11.56,2.73,450,"1991-06-22 2020-07-06",3.37,3.85,450,"1991-06-22 2020-07-06",2.38,5.38,447,"1991-06-22 2020-07-06",,,,,,,,,,,,,,,,
2021-06-28,11.9,2.78,450,"1991-06-21 2020-07-05",86.52,10.49,450,"1991-06-21 2020-07-05",22.33,4.24,450,"1991-06-21 2020-07-05",24.84,7.83,450,"1991-06-21 2020-07-05",6.95,3.23,450,"1991-06-21 2020-07-05",44.98,14.63,450,"1991-06-21 2020-07-05",11.51,2.71,450,"1991-06-21 2020-07-05",3.5,3.96,450,"1991-06-21 2020-07-05",2.3,5.25,447,"1991-06-21 2020-07-05",,,,,,,,,,,,,,,,
2021-06-27,11.79,2.78,450,"1991-06-20 2020-07-04",86.38,10.53,450,"1991-06-20 2020-07-04",22.29,4.23,450,"1991-06-20 2020-07-04",24.86,7.78,450,"1991-06-20 2020-07-04",6.84,3.21,450,"1991-06-20 2020-07-04",44.8,14.94,450,"1991-06-20 2020-07-04",11.42,2.7,450,"1991-06-20 2020-07-04",3.56,3.99,450,"1991-06-20 2020-07-04",2.39,5.74,447,"1991-06-20 2020-07-04",,,,,,,,,,,,,,,,
2021-06-26,11.69,2.76,450,"1991-06-19 2020-07-03",86.53,10.47,450,"1991-06-19 2020-07-03",22.17,4.22,450,"1991-06-19 2020-07-03",25,7.79,450,"1991-06-19 2020-07-03",6.72,3.23,450,"1991-06-19 2020-07-03",44.75,15.02,450,"1991-06-19 2020-07-03",11.28,2.68,450,"1991-06-19 2020-07-03",3.61,3.98,450,"1991-06-19 2020-07-03",2.47,5.91,447,"1991-06-19 2020-07-03",,,,,,,,,,,,,,,,
2021-06-25,11.54,2.75,450,"1991-06-18 2020-07-02",86.5,10.55,450,"1991-06-18 2020-07-02",22.06,4.22,450,"1991-06-18 2020-07-02",24.97,8.02,450,"1991-06-18 2020-07-02",6.61,3.22,450,"1991-06-18 2020-07-02",44.58,14.98,450,"1991-06-18 2020-07-02",11.16,2.69,450,"1991-06-18 2020-07-02",3.63,4.04,450,"1991-06-18 2020-07-02",2.62,5.98,448,"1991-06-18 2020-07-02",,,,,,,,,,,,,,,,
2021-06-24,11.39,2.67,450,"1991-06-17 2020-07-01",86.3,10.63,450,"1991-06-17 2020-07-01",21.91,4.2,450,"1991-06-17 2020-07-01",24.89,7.91,450,"1991-06-17 2020-07-01",6.39,3.23,450,"1991-06-17 2020-07-01",44.4,15.06,450,"1991-06-17 2020-07-01",11.07,2.7,450,"1991-06-17 2020-07-01",3.68,4.05,450,"1991-06-17 2020-07-01",2.55,5.9,448,"1991-06-17 2020-07-01",,,,,,,,,,,,,,,,
2021-06-23,11.25,2.63,450,"1991-06-16 2020-06-30",86.25,10.67,450,"1991-06-16 2020-06-30",21.81,4.25,450,"1991-06-16 2020-06-30",24.8,7.92,450,"1991-06-16 2020-06-30",6.18,3.18,450,"1991-06-16 2020-06-30",44.12,15.16,450,"1991-06-16 2020-06-30",10.95,2.72,450,"1991-06-16 2020-06-30",3.67,4.07,450,"1991-06-16 2020-06-30",2.43,5.71,448,"1991-06-16 2020-06-30",,,,,,,,,,,,,,,,
2021-06-22,11.06,2.57,450,"1991-06-15 2020-06-29",86.05,10.72,450,"1991-06-15 2020-06-29",21.67,4.27,450,"1991-06-15 2020-06-29",24.9,7.82,450,"1991-06-15 2020-06-29",6,3.12,450,"1991-06-15 2020-06-29",43.84,15.04,450,"1991-06-15 2020-06-29",10.81,2.7,450,"1991-06-15 2020-06-29",3.73,4.17,450,"1991-06-15 2020-06-29",2.39,5.62,449,"1991-06-15 2020-06-29",,,,,,,,,,,,,,,,
2021-06-21,10.9,2.48,450,"1991-06-14 2020-06-28",85.97,10.65,450,"1991-06-14 2020-06-28",21.48,4.27,450,"1991-06-14 2020-06-28",24.93,7.8,450,"1991-06-14 2020-06-28",5.82,3.01,450,"1991-06-14 2020-06-28",43.8,15.05,450,"1991-06-14 2020-06-28",10.71,2.63,450,"1991-06-14 2020-06-28",3.79,4.23,450,"1991-06-14 2020-06-28",2.39,5.68,448,"1991-06-14 2020-06-28",,,,,,,,,,,,,,,,
2021-06-20,10.77,2.48,450,"1991-06-13 2020-06-27",85.88,10.66,450,"1991-06-13 2020-06-27",21.41,4.21,450,"1991-06-13 2020-06-27",25.22,8.05,450,"1991-06-13 2020-06-27",5.69,3.01,450,"1991-06-13 2020-06-27",43.64,14.93,450,"1991-06-13 2020-06-27",10.62,2.61,450,"1991-06-13 2020-06-27",3.75,4.25,450,"1991-06-13 2020-06-27",2.34,5.64,448,"1991-06-13 2020-06-27",,,,,,,,,,,,,,,,
2021-06-19,10.68,2.46,450,"1991-06-12 2020-06-26",86.09,10.43,450,"1991-06-12 2020-06-26",21.26,4.18,450,"1991-06-12 2020-06-26",25.01,8.03,450,"1991-06-12 2020-06-26",5.58,3.04,450,"1991-06-12 2020-06-26",43.67,15.04,450,"1991-06-12 2020-06-26",10.51,2.58,450,"1991-06-12 2020-06-26",3.7,4.18,450,"1991-06-12 2020-06-26",2.28,5.69,448,"1991-06-12 2020-06-26",,,,,,,,,,,,,,,,
2021-06-18,10.56,2.47,450,"1991-06-11 2020-06-25",86.21,10.43,450,"1991-06-11 2020-06-25",21.06,4.16,450,"1991-06-11 2020-06-25",24.93,7.91,450,"1991-06-11 2020-06-25",5.46,3.1,450,"1991-06-11 2020-06-25",43.82,15.46,450,"1991-06-11 2020-06-25",10.35,2.57,450,"1991-06-11 2020-06-25",3.7,4.26,450,"1991-06-11 2020-06-25",2.37,5.8,448,"1991-06-11 2020-06-25",,,,,,,,,,,,,,,,
2021-06-17,10.44,2.51,450,"1991-06-10 2020-06-24",86.24,10.4,450,"1991-06-10 2020-06-24",20.88,4.18,450,"1991-06-10 2020-06-24",24.89,7.96,450,"1991-06-10 2020-06-24",5.32,3.1,450,"1991-06-10 2020-06-24",43.74,15.65,450,"1991-06-10 2020-06-24",10.2,2.55,450,"1991-06-10 2020-06-24",3.74,4.33,450,"1991-06-10 2020-06-24",2.44,5.78,448,"1991-06-10 2020-06-24",,,,,,,,,,,,,,,,
2021-06-16,10.28,2.52,450,"1991-06-09 2020-06-23",85.9,10.62,450,"1991-06-09 2020-06-23",20.75,4.18,450,"1991-06-09 2020-06-23",25.04,8.06,450,"1991-06-09 2020-06-23",5.12,3.1,450,"1991-06-09 2020-06-23",43.6,15.92,450,"1991-06-09 2020-06-23",10.06,2.52,450,"1991-06-09 2020-06-23",3.8,4.35,450,"1991-06-09 2020-06-23",2.48,5.87,447,"1991-06-09 2020-06-23",,,,,,,,,,,,,,,,
2021-06-15,10.16,2.56,450,"1991-06-08 2020-06-22",85.86,10.59,450,"1991-06-08 2020-06-22",20.62,4.1,450,"1991-06-08 2020-06-22",24.82,7.94,450,"1991-06-08 2020-06-22",4.95,3.13,450,"1991-06-08 2020-06-22",43.5,15.94,450,"1991-06-08 2020-06-22",9.95,2.56,450,"1991-06-08 2020-06-22",3.86,4.22,450,"1991-06-08 2020-06-22",2.46,5.8,447,"1991-06-08 2020-06-22",,,,,,,,,,,,,,,,
2021-06-14,10.01,2.67,450,"1991-06-07 2020-06-21",85.6,10.93,450,"1991-06-07 2020-06-21",20.52,4.13,450,"1991-06-07 2020-06-21",24.77,7.89,450,"1991-06-07 2020-06-21",4.76,3.22,450,"1991-06-07 2020-06-21",43.25,15.93,450,"1991-06-07 2020-06-21",9.86,2.62,450,"1991-06-07 2020-06-21",3.8,4.24,450,"1991-06-07 2020-06-21",2.49,5.82,447,"1991-06-07 2020-06-21",,,,,,,,,,,,,,,,
2021-06-13,9.88,2.75,450,"1991-06-06 2020-06-20",85.45,11.07,450,"1991-06-06 2020-06-20",20.37,4.05,450,"1991-06-06 2020-06-20",24.86,8,450,"1991-06-06 2020-06-20",4.55,3.31,450,"1991-06-06 2020-06-20",43.02,15.76,450,"1991-06-06 2020-06-20",9.74,2.66,450,"1991-06-06 2020-06-20",3.78,4.24,450,"1991-06-06 2020-06-20",2.47,5.8,446,"1991-06-06 2020-06-20",,,,,,,,,,,,,,,,
2021-06-12,9.8,2.81,450,"1991-06-05 2020-06-19",85.45,11.14,450,"1991-06-05 2020-06-19",20.31,4.07,450,"1991-06-05 2020-06-19",24.94,8.2,450,"1991-06-05 2020-06-19",4.38,3.38,450,"1991-06-05 2020-06-19",42.7,15.61,450,"1991-06-05 2020-06-19",9.7,2.73,450,"1991-06-05 2020-06-19",3.74,4.27,450,"1991-06-05 2020-06-19",2.33,5.23,445,"1991-06-05 2020-06-19",,,,,,,,,,,,,,,,
2021-06-11,9.65,2.86,450,"1991-06-04 2020-06-18",84.92,11.27,450,"1991-06-04 2020-06-18",20.32,4.1,450,"1991-06-04 2020-06-18",24.68,8.07,450,"1991-06-04 2020-06-18",4.15,3.51,450,"1991-06-04 2020-06-18",42.1,15.5,450,"1991-06-04 2020-06-18",9.65,2.76,450,"1991-06-04 2020-06-18",3.67,4.19,450,"1991-06-04 2020-06-18",2.25,5.09,445,"1991-06-04 2020-06-18",,,,,,,,,,,,,,,,
2021-06-10,9.51,2.88,450,"1991-06-03 2020-06-17",84.62,11.34,450,"1991-06-03 2020-06-17",20.27,4.09,450,"1991-06-03 2020-06-17",24.78,8.04,450,"1991-06-03 2020-06-17",3.95,3.56,450,"1991-06-03 2020-06-17",41.8,15.62,450,"1991-06-03 2020-06-17",9.58,2.75,450,"1991-06-03 2020-06-17",3.7,4.18,450,"1991-06-03 2020-06-17",2.02,4.7,445,"1991-06-03 2020-06-17",,,,,,,,,,,,,,,,
2021-06-09,9.44,2.94,450,"1991-06-02 2020-06-16",84.4,11.5,450,"1991-06-02 2020-06-16",20.29,4.11,450,"1991-06-02 2020-06-16",24.91,8.14,450,"1991-06-02 2020-06-16",3.82,3.62,450,"1991-06-02 2020-06-16",41.43,15.64,450,"1991-06-02 2020-06-16",9.52,2.77,450,"1991-06-02 2020-06-16",3.71,4.18,450,"1991-06-02 2020-06-16",2.07,4.73,445,"1991-06-02 2020-06-16",,,,,,,,,,,,,,,,
2021-06-08,9.33,2.98,450,"1991-06-01 2020-06-15",83.94,11.59,450,"1991-06-01 2020-06-15",20.29,4.11,450,"1991-06-01 2020-06-15",24.9,8.27,450,"1991-06-01 2020-06-15",3.69,3.64,450,"1991-06-01 2020-06-15",41,15.55,450,"1991-06-01 2020-06-15",9.5,2.82,450,"1991-06-01 2020-06-15",3.7,4.15,450,"1991-06-01 2020-06-15",2.06,4.78,446,"1991-06-01 2020-06-15",,,,,,,,,,,,,,,,
2021-06-07,9.2,3.08,450,"1991-05-31 2020-06-14",83.57,11.84,450,"1991-05-31 2020-06-14",20.35,4.14,450,"1991-05-31 2020-06-14",24.81,8.39,450,"1991-05-31 2020-06-14",3.51,3.7,450,"1991-05-31 2020-06-14",40.51,15.48,450,"1991-05-31 2020-06-14",9.43,2.88,450,"1991-05-31 2020-06-14",3.6,4.04,450,"1991-05-31 2020-06-14",2.04,4.77,446,"1991-05-31 2020-06-14",,,,,,,,,,,,,,,,
2021-06-06,8.99,3.18,450,"1991-05-30 2020-06-13",83.13,12.56,450,"1991-05-30 2020-06-13",20.32,4.21,450,"1991-05-30 2020-06-13",24.87,8.5,450,"1991-05-30 2020-06-13",3.25,3.86,450,"1991-05-30 2020-06-13",40.06,15.73,450,"1991-05-30 2020-06-13",9.28,2.93,450,"1991-05-30 2020-06-13",3.72,4.05,450,"1991-05-30 2020-06-13",2.04,4.78,446,"1991-05-30 2020-06-13",,,,,,,,,,,,,,,,
2021-06-05,8.75,3.24,450,"1991-05-29 2020-06-12",82.74,13.08,450,"1991-05-29 2020-06-12",20.23,4.27,450,"1991-05-29 2020-06-12",24.66,8.36,450,"1991-05-29 2020-06-12",2.95,3.93,450,"1991-05-29 2020-06-12",39.59,16.04,450,"1991-05-29 2020-06-12",9.12,2.96,450,"1991-05-29 2020-06-12",3.78,4.13,450,"1991-05-29 2020-06-12",2.18,5,446,"1991-05-29 2020-06-12",,,,,,,,,,,,,,,,
2021-06-04,8.55,3.29,450,"1991-05-28 2020-06-11",82.21,13.4,450,"1991-05-28 2020-06-11",20.19,4.31,450,"1991-05-28 2020-06-11",24.72,8.44,450,"1991-05-28 2020-06-11",2.71,4,450,"1991-05-28 2020-06-11",39,15.93,450,"1991-05-28 2020-06-11",8.97,2.99,450,"1991-05-28 2020-06-11",3.78,4.13,450,"1991-05-28 2020-06-11",2.12,4.86,446,"1991-05-28 2020-06-11",,,,,,,,,,,,,,,,
2021-06-03,8.39,3.29,450,"1991-05-27 2020-06-10",81.62,13.33,450,"1991-05-27 2020-06-10",20.25,4.28,450,"1991-05-27 2020-06-10",24.75,8.44,450,"1991-05-27 2020-06-10",2.45,3.95,450,"1991-05-27 2020-06-10",38.25,15.46,450,"1991-05-27 2020-06-10",8.92,2.99,450,"1991-05-27 2020-06-10",3.81,4.09,450,"1991-05-27 2020-06-10",1.91,4.63,446,"1991-05-27 2020-06-10",,,,,,,,,,,,,,,,
2021-06-02,8.23,3.32,450,"1991-05-26 2020-06-09",81.36,13.35,450,"1991-05-26 2020-06-09",20.24,4.28,450,"1991-05-26 2020-06-09",24.77,8.35,450,"1991-05-26 2020-06-09",2.2,3.95,450,"1991-05-26 2020-06-09",37.69,15.35,450,"1991-05-26 2020-06-09",8.81,3.06,450,"1991-05-26 2020-06-09",3.78,4.04,450,"1991-05-26 2020-06-09",1.74,4.2,446,"1991-05-26 2020-06-09",,,,,,,,,,,,,,,,
2021-06-01,8.12,3.38,450,"1991-05-25 2020-06-08",81.27,13.36,450,"1991-05-25 2020-06-08",20.16,4.36,450,"1991-05-25 2020-06-08",24.87,8.44,450,"1991-05-25 2020-06-08",2.04,3.97,450,"1991-05-25 2020-06-08",37.35,15.15,450,"1991-05-25 2020-06-08",8.73,3.14,450,"1991-05-25 2020-06-08",3.73,4.09,450,"1991-05-25 2020-06-08",1.77,4.28,447,"1991-05-25 2020-06-08",,,,,,,,,,,,,,,,
2021-05-31,7.96,3.37,450,"1991-05-24 2020-06-07",81.06,13.46,450,"1991-05-24 2020-06-07",20.12,4.47,450,"1991-05-24 2020-06-07",24.98,8.46,450,"1991-05-24 2020-06-07",1.9,3.99,450,"1991-05-24 2020-06-07",36.92,14.92,450,"1991-05-24 2020-06-07",8.63,3.15,450,"1991-05-24 2020-06-07",3.7,4.04,450,"1991-05-24 2020-06-07",1.8,4.44,447,"1991-05-24 2020-06-07",,,,,,,,,,,,,,,,
2021-05-30,7.75,3.43,450,"1991-05-23 2020-06-06",80.79,13.56,450,"1991-05-23 2020-06-06",19.98,4.67,450,"1991-05-23 2020-06-06",24.94,8.41,450,"1991-05-23 2020-06-06",1.72,4.04,450,"1991-05-23 2020-06-06",36.81,14.95,450,"1991-05-23 2020-06-06",8.46,3.24,450,"1991-05-23 2020-06-06",3.72,4.01,450,"1991-05-23 2020-06-06",1.66,4.15,447,"1991-05-23 2020-06-06",,,,,,,,,,,,,,,,
2021-05-29,7.51,3.49,450,"1991-05-22 2020-06-05",80.7,13.69,450,"1991-05-22 2020-06-05",19.81,4.88,450,"1991-05-22 2020-06-05",24.8,8.44,450,"1991-05-22 2020-06-05",1.56,4.12,450,"1991-05-22 2020-06-05",36.87,15.59,450,"1991-05-22 2020-06-05",8.23,3.37,450,"1991-05-22 2020-06-05",3.69,4,450,"1991-05-22 2020-06-05",1.77,4.5,448,"1991-05-22 2020-06-05",,,,,,,,,,,,,,,,
2021-05-28,7.24,3.49,450,"1991-05-21 2020-06-04",80.4,13.93,450,"1991-05-21 2020-06-04",19.53,5.11,450,"1991-05-21 2020-06-04",24.76,8.31,450,"1991-05-21 2020-06-04",1.39,4.13,450,"1991-05-21 2020-06-04",37.18,16.2,450,"1991-05-21 2020-06-04",8.01,3.44,450,"1991-05-21 2020-06-04",3.72,4.06,450,"1991-05-21 2020-06-04",1.95,5.07,449,"1991-05-21 2020-06-04",,,,,,,,,,,,,,,,
2021-05-27,7.01,3.58,450,"1991-05-20 2020-06-03",80.37,14.28,450,"1991-05-20 2020-06-03",19.3,5.25,450,"1991-05-20 2020-06-03",25.04,8.38,450,"1991-05-20 2020-06-03",1.19,4.13,450,"1991-05-20 2020-06-03",37.33,16.62,450,"1991-05-20 2020-06-03",7.77,3.53,450,"1991-05-20 2020-06-03",3.86,4.27,450,"1991-05-20 2020-06-03",2.05,5.21,449,"1991-05-20 2020-06-03",,,,,,,,,,,,,,,,
2021-05-26,6.78,3.65,450,"1991-05-19 2020-06-02",80.29,14.45,450,"1991-05-19 2020-06-02",19.11,5.32,450,"1991-05-19 2020-06-02",25.16,8.4,450,"1991-05-19 2020-06-02",0.99,4.17,450,"1991-05-19 2020-06-02",37.26,16.54,450,"1991-05-19 2020-06-02",7.55,3.58,450,"1991-05-19 2020-06-02",3.83,4.24,450,"1991-05-19 2020-06-02",1.96,5.05,449,"1991-05-19 2020-06-02",,,,,,,,,,,,,,,,
2021-05-25,6.54,3.66,450,"1991-05-18 2020-06-01",80.04,14.46,450,"1991-05-18 2020-06-01",18.94,5.41,450,"1991-05-18 2020-06-01",25.38,8.4,450,"1991-05-18 2020-06-01",0.77,4.22,450,"1991-05-18 2020-06-01",37.19,16.77,450,"1991-05-18 2020-06-01",7.37,3.61,450,"1991-05-18 2020-06-01",3.84,4.25,450,"1991-05-18 2020-06-01",1.86,5,449,"1991-05-18 2020-06-01",,,,,,,,,,,,,,,,
2021-05-24,6.34,3.67,450,"1991-05-17 2020-05-31",79.79,14.65,450,"1991-05-17 2020-05-31",18.8,5.48,450,"1991-05-17 2020-05-31",25.62,8.37,450,"1991-05-17 2020-05-31",0.53,4.25,450,"1991-05-17 2020-05-31",37.11,16.95,450,"1991-05-17 2020-05-31",7.17,3.59,450,"1991-05-17 2020-05-31",3.96,4.3,450,"1991-05-17 2020-05-31",1.81,4.91,449,"1991-05-17 2020-05-31",,,,,,,,,,,,,,,,
2021-05-23,6.18,3.6,450,"1991-05-16 2020-05-30",79.57,14.89,450,"1991-05-16 2020-05-30",18.68,5.5,450,"1991-05-16 2020-05-30",25.82,8.45,450,"1991-05-16 2020-05-30",0.32,4.23,450,"1991-05-16 2020-05-30",36.87,17.08,450,"1991-05-16 2020-05-30",7.04,3.58,450,"1991-05-16 2020-05-30",3.93,4.38,450,"1991-05-16 2020-05-30",1.79,4.95,448,"1991-05-16 2020-05-30",,,,,,,,,,,,,,,,
2021-05-22,6.02,3.61,450,"1991-05-15 2020-05-29",79.33,15.03,450,"1991-05-15 2020-05-29",18.6,5.54,450,"1991-05-15 2020-05-29",25.94,8.66,450,"1991-05-15 2020-05-29",0.13,4.22,450,"1991-05-15 2020-05-29",36.48,16.84,450,"1991-05-15 2020-05-29",6.93,3.58,450,"1991-05-15 2020-05-29",3.84,4.39,450,"1991-05-15 2020-05-29",1.71,4.8,449,"1991-05-15 2020-05-29",,,,,,,,,,,,,,,,
2021-05-21,5.8,3.64,450,"1991-05-14 2020-05-28",78.9,15.3,450,"1991-05-14 2020-05-28",18.47,5.56,450,"1991-05-14 2020-05-28",26.12,8.68,450,"1991-05-14 2020-05-28",-0.18,4.26,450,"1991-05-14 2020-05-28",36.19,16.96,450,"1991-05-14 2020-05-28",6.79,3.54,450,"1991-05-14 2020-05-28",3.85,4.36,450,"1991-05-14 2020-05-28",1.62,4.61,449,"1991-05-14 2020-05-28",,,,,,,,,,,,,,,,
2021-05-20,5.5,3.74,450,"1991-05-13 2020-05-27",78.3,15.67,450,"1991-05-13 2020-05-27",18.31,5.52,450,"1991-05-13 2020-05-27",26.22,8.58,450,"1991-05-13 2020-05-27",-0.47,4.28,450,"1991-05-13 2020-05-27",35.92,17.05,450,"1991-05-13 2020-05-27",6.62,3.63,450,"1991-05-13 2020-05-27",3.81,4.38,450,"1991-05-13 2020-05-27",1.71,5.09,449,"1991-05-13 2020-05-27",,,,,,,,,,,,,,,,
2021-05-19,5.22,3.83,450,"1991-05-12 2020-05-26",77.82,16.11,450,"1991-05-12 2020-05-26",18.2,5.6,450,"1991-05-12 2020-05-26",26.37,8.73,450,"1991-05-12 2020-05-26",-0.81,4.4,450,"1991-05-12 2020-05-26",35.38,17.13,450,"1991-05-12 2020-05-26",6.4,3.73,450,"1991-05-12 2020-05-26",3.88,4.55,450,"1991-05-12 2020-05-26",1.75,5.12,448,"1991-05-12 2020-05-26",,,,,,,,,,,,,,,,
2021-05-18,4.88,3.89,450,"1991-05-11 2020-05-25",77,16.39,450,"1991-05-11 2020-05-25",18.15,5.66,450,"1991-05-11 2020-05-25",26.52,8.79,450,"1991-05-11 2020-05-25",-1.14,4.47,450,"1991-05-11 2020-05-25",34.75,16.91,450,"1991-05-11 2020-05-25",6.18,3.79,450,"1991-05-11 2020-05-25",3.92,4.67,450,"1991-05-11 2020-05-25",1.7,5.1,448,"1991-05-11 2020-05-25",,,,,,,,,,,,,,,,
2021-05-17,4.52,3.9,450,"1991-05-10 2020-05-24",76.54,16.53,450,"1991-05-10 2020-05-24",17.9,5.7,450,"1991-05-10 2020-05-24",26.3,8.61,450,"1991-05-10 2020-05-24",-1.54,4.57,450,"1991-05-10 2020-05-24",34.39,16.9,450,"1991-05-10 2020-05-24",5.91,3.84,450,"1991-05-10 2020-05-24",3.84,4.6,450,"1991-05-10 2020-05-24",1.62,5.16,448,"1991-05-10 2020-05-24",,,,,,,,,,,,,,,,
2021-05-16,4.22,3.93,450,"1991-05-09 2020-05-23",76.18,16.6,450,"1991-05-09 2020-05-23",17.63,5.71,450,"1991-05-09 2020-05-23",26.39,8.65,450,"1991-05-09 2020-05-23",-1.9,4.61,450,"1991-05-09 2020-05-23",34.21,16.91,450,"1991-05-09 2020-05-23",5.62,3.83,450,"1991-05-09 2020-05-23",3.8,4.64,450,"1991-05-09 2020-05-23",1.52,4.94,448,"1991-05-09 2020-05-23",,,,,,,,,,,,,,,,
2021-05-15,4.09,3.96,450,"1991-05-08 2020-05-22",76.38,16.55,450,"1991-05-08 2020-05-22",17.5,5.61,450,"1991-05-08 2020-05-22",26.52,8.72,450,"1991-05-08 2020-05-22",-2.19,4.58,450,"1991-05-08 2020-05-22",33.69,16.62,450,"1991-05-08 2020-05-22",5.4,3.81,450,"1991-05-08 2020-05-22",3.79,4.62,450,"1991-05-08 2020-05-22",1.48,4.86,448,"1991-05-08 2020-05-22",,,,,,,,,,,,,,,,
2021-05-14,3.95,3.97,450,"1991-05-07 2020-05-21",76.3,16.54,450,"1991-05-07 2020-05-21",17.36,5.59,450,"1991-05-07 2020-05-21",26.68,8.67,450,"1991-05-07 2020-05-21",-2.44,4.5,450,"1991-05-07 2020-05-21",33.4,16.17,450,"1991-05-07 2020-05-21",5.28,3.83,450,"1991-05-07 2020-05-21",3.76,4.68,450,"1991-05-07 2020-05-21",1.36,4.57,448,"1991-05-07 2020-05-21",,,,,,,,,,,,,,,,
2021-05-13,3.74,4.06,450,"1991-05-06 2020-05-20",76.14,16.44,450,"1991-05-06 2020-05-20",17.3,5.65,450,"1991-05-06 2020-05-20",26.79,8.72,450,"1991-05-06 2020-05-20",-2.69,4.43,450,"1991-05-06 2020-05-20",32.96,15.82,450,"1991-05-06 2020-05-20",5.1,3.84,450,"1991-05-06 2020-05-20",3.78,4.6,450,"1991-05-06 2020-05-20",1.17,3.94,448,"1991-05-06 2020-05-20",,,,,,,,,,,,,,,,
2021-05-12,3.54,3.99,450,"1991-05-05 2020-05-19",75.71,16.61,450,"1991-05-05 2020-05-19",17.18,5.77,450,"1991-05-05 2020-05-19",26.78,8.7,450,"1991-05-05 2020-05-19",-2.93,4.38,450,"1991-05-05 2020-05-19",32.56,15.58,450,"1991-05-05 2020-05-19",4.98,3.89,450,"1991-05-05 2020-05-19",3.76,4.51,450,"1991-05-05 2020-05-19",1.03,3.67,448,"1991-05-05 2020-05-19",,,,,,,,,,,,,,,,
2021-05-11,3.33,3.93,450,"1991-05-04 2020-05-18",75.44,16.71,450,"1991-05-04 2020-05-18",17.01,5.92,450,"1991-05-04 2020-05-18",26.73,8.81,450,"1991-05-04 2020-05-18",-3.19,4.28,450,"1991-05-04 2020-05-18",32.48,15.95,450,"1991-05-04 2020-05-18",4.77,3.95,450,"1991-05-04 2020-05-18",3.77,4.53,450,"1991-05-04 2020-05-18",1.13,3.98,448,"1991-05-04 2020-05-18",,,,,,,,,,,,,,,,
2021-05-10,3.11,3.87,450,"1991-05-03 2020-05-17",75.41,16.96,450,"1991-05-03 2020-05-17",16.73,5.99,450,"1991-05-03 2020-05-17",26.73,8.86,450,"1991-05-03 2020-05-17",-3.39,4.22,450,"1991-05-03 2020-05-17",32.65,16.16,450,"1991-05-03 2020-05-17",4.52,3.94,450,"1991-05-03 2020-05-17",3.78,4.52,450,"1991-05-03 2020-05-17",1.22,4.07,448,"1991-05-03 2020-05-17",,,,,,,,,,,,,,,,
2021-05-09,2.93,3.78,450,"1991-05-02 2020-05-16",75.55,17,450,"1991-05-02 2020-05-16",16.53,5.96,450,"1991-05-02 2020-05-16",26.73,8.98,450,"1991-05-02 2020-05-16",-3.58,4.12,450,"1991-05-02 2020-05-16",32.58,16.05,450,"1991-05-02 2020-05-16",4.27,3.93,450,"1991-05-02 2020-05-16",3.66,4.57,450,"1991-05-02 2020-05-16",1.22,4.08,448,"1991-05-02 2020-05-16",,,,,,,,,,,,,,,,
2021-05-08,2.62,3.76,450,"1991-05-01 2020-05-15",75.35,16.8,450,"1991-05-01 2020-05-15",16.22,5.89,450,"1991-05-01 2020-05-15",26.52,8.87,450,"1991-05-01 2020-05-15",-3.88,4.06,450,"1991-05-01 2020-05-15",32.45,15.88,450,"1991-05-01 2020-05-15",3.96,3.91,450,"1991-05-01 2020-05-15",3.67,4.49,450,"1991-05-01 2020-05-15",1.16,3.98,448,"1991-05-01 2020-05-15",,,,,,,,,,,,,,,,
2021-05-07,2.37,3.77,450,"1991-04-30 2020-05-14",75.68,16.5,450,"1991-04-30 2020-05-14",15.9,5.89,450,"1991-04-30 2020-05-14",26.46,8.66,450,"1991-04-30 2020-05-14",-4.11,4.01,450,"1991-04-30 2020-05-14",32.53,15.77,450,"1991-04-30 2020-05-14",3.62,3.9,450,"1991-04-30 2020-05-14",3.63,4.41,450,"1991-04-30 2020-05-14",1.15,4.04,447,"1991-04-30 2020-05-14",,,,,,,,,,,,,,,,
2021-05-06,2.22,3.78,450,"1991-04-29 2020-05-13",76.14,16.14,450,"1991-04-29 2020-05-13",15.61,5.88,450,"1991-04-29 2020-05-13",26.46,8.66,450,"1991-04-29 2020-05-13",-4.23,4.09,450,"1991-04-29 2020-05-13",32.58,15.43,450,"1991-04-29 2020-05-13",3.38,3.92,450,"1991-04-29 2020-05-13",3.67,4.39,450,"1991-04-29 2020-05-13",1.09,3.95,446,"1991-04-29 2020-05-13",,,,,,,,,,,,,,,,
2021-05-05,2.18,3.76,450,"1991-04-28 2020-05-12",77.07,15.87,450,"1991-04-28 2020-05-12",15.35,6.01,450,"1991-04-28 2020-05-12",26.56,8.74,450,"1991-04-28 2020-05-12",-4.32,4.08,450,"1991-04-28 2020-05-12",32.92,15.52,450,"1991-04-28 2020-05-12",3.15,3.89,450,"1991-04-28 2020-05-12",3.78,4.43,450,"1991-04-28 2020-05-12",1.03,3.31,445,"1991-04-28 2020-05-12",,,,,,,,,,,,,,,,
2021-05-04,2.09,3.66,450,"1991-04-27 2020-05-11",77.46,15.67,450,"1991-04-27 2020-05-11",15.01,5.99,450,"1991-04-27 2020-05-11",26.65,8.76,450,"1991-04-27 2020-05-11",-4.34,4.08,450,"1991-04-27 2020-05-11",33.75,16.03,450,"1991-04-27 2020-05-11",2.97,3.82,450,"1991-04-27 2020-05-11",3.8,4.29,450,"1991-04-27 2020-05-11",1.09,3.43,446,"1991-04-27 2020-05-11",,,,,,,,,,,,,,,,
2021-05-03,2.03,3.62,450,"1991-04-26 2020-05-10",77.89,15.52,450,"1991-04-26 2020-05-10",14.66,5.96,450,"1991-04-26 2020-05-10",26.67,8.72,450,"1991-04-26 2020-05-10",-4.38,4.07,450,"1991-04-26 2020-05-10",34.36,16.25,450,"1991-04-26 2020-05-10",2.8,3.8,450,"1991-04-26 2020-05-10",3.83,4.22,450,"1991-04-26 2020-05-10",1.1,3.44,446,"1991-04-26 2020-05-10",,,,,,,,,,,,,,,,
2021-05-02,1.96,3.67,450,"1991-04-25 2020-05-09",78.16,15.66,450,"1991-04-25 2020-05-09",14.49,6.03,450,"1991-04-25 2020-05-09",26.88,8.74,450,"1991-04-25 2020-05-09",-4.44,4.03,450,"1991-04-25 2020-05-09",34.71,16.6,450,"1991-04-25 2020-05-09",2.7,3.79,450,"1991-04-25 2020-05-09",3.93,4.3,450,"1991-04-25 2020-05-09",1.03,3.01,446,"1991-04-25 2020-05-09",,,,,,,,,,,,,,,,
2021-05-01,1.86,3.74,450,"1991-04-24 2020-05-08",78.37,15.7,450,"1991-04-24 2020-05-08",14.29,6.13,450,"1991-04-24 2020-05-08",26.78,8.73,450,"1991-04-24 2020-05-08",-4.46,4.11,450,"1991-04-24 2020-05-08",35.24,17.17,450,"1991-04-24 2020-05-08",2.57,3.81,450,"1991-04-24 2020-05-08",4,4.32,450,"1991-04-24 2020-05-08",1.09,3.13,445,"1991-04-24 2020-05-08",,,,,,,,,,,,,,,,
2021-04-30,1.69,3.67,450,"1991-04-23 2020-05-07",78.24,15.7,450,"1991-04-23 2020-05-07",14.1,6.18,450,"1991-04-23 2020-05-07",26.85,8.84,450,"1991-04-23 2020-05-07",-4.56,4.11,450,"1991-04-23 2020-05-07",35.54,17.2,450,"1991-04-23 2020-05-07",2.41,3.85,450,"1991-04-23 2020-05-07",4.11,4.36,450,"1991-04-23 2020-05-07",1.15,3.34,445,"1991-04-23 2020-05-07",,,,,,,,,,,,,,,,
2021-04-29,1.55,3.64,450,"1991-04-22 2020-05-06",77.98,15.76,450,"1991-04-22 2020-05-06",14.01,6.2,450,"1991-04-22 2020-05-06",27.03,8.9,450,"1991-04-22 2020-05-06",-4.67,4.11,450,"1991-04-22 2020-05-06",35.36,17.01,450,"1991-04-22 2020-05-06",2.29,3.83,450,"1991-04-22 2020-05-06",4.13,4.23,450,"1991-04-22 2020-05-06",1.11,3.22,444,"1991-04-22 2020-05-06",,,,,,,,,,,,,,,,
2021-04-28,1.42,3.67,450,"1991-04-21 2020-05-05",77.86,15.8,450,"1991-04-21 2020-05-05",13.96,6.2,450,"1991-04-21 2020-05-05",26.91,8.86,450,"1991-04-21 2020-05-05",-4.75,4.09,450,"1991-04-21 2020-05-05",35.26,16.81,450,"1991-04-21 2020-05-05",2.14,3.88,450,"1991-04-21 2020-05-05",4.07,4.29,450,"1991-04-21 2020-05-05",1.06,3.14,443,"1991-04-21 2020-05-05",,,,,,,,,,,,,,,,
2021-04-27,1.33,3.73,450,"1991-04-20 2020-05-04",78,15.49,450,"1991-04-20 2020-05-04",13.82,6.12,450,"1991-04-20 2020-05-04",26.84,8.91,450,"1991-04-20 2020-05-04",-4.8,4.14,450,"1991-04-20 2020-05-04",35.46,16.65,450,"1991-04-20 2020-05-04",1.98,3.8,450,"1991-04-20 2020-05-04",4.03,4.25,450,"1991-04-20 2020-05-04",1.07,3.2,443,"1991-04-20 2020-05-04",,,,,,,,,,,,,,,,
2021-04-26,1.21,3.76,450,"1991-04-19 2020-05-03",78.02,15.58,450,"1991-04-19 2020-05-03",13.68,6.08,450,"1991-04-19 2020-05-03",26.68,8.72,450,"1991-04-19 2020-05-03",-4.91,4.1,450,"1991-04-19 2020-05-03",35.46,16.34,450,"1991-04-19 2020-05-03",1.82,3.83,450,"1991-04-19 2020-05-03",4.08,4.26,450,"1991-04-19 2020-05-03",0.98,2.9,442,"1991-04-19 2020-05-03",,,,,,,,,,,,,,,,
2021-04-25,1,3.75,450,"1991-04-18 2020-05-02",77.84,15.51,450,"1991-04-18 2020-05-02",13.49,6.08,450,"1991-04-18 2020-05-02",26.43,8.63,450,"1991-04-18 2020-05-02",-5.12,4.05,450,"1991-04-18 2020-05-02",35.37,16.23,450,"1991-04-18 2020-05-02",1.63,3.81,450,"1991-04-18 2020-05-02",4.11,4.28,450,"1991-04-18 2020-05-02",0.92,2.83,442,"1991-04-18 2020-05-02",,,,,,,,,,,,,,,,
2021-04-24,0.82,3.77,450,"1991-04-17 2020-05-01",77.86,15.47,450,"1991-04-17 2020-05-01",13.27,6.12,450,"1991-04-17 2020-05-01",26.39,8.46,450,"1991-04-17 2020-05-01",-5.32,4.08,450,"1991-04-17 2020-05-01",35.43,16.25,450,"1991-04-17 2020-05-01",1.47,3.81,450,"1991-04-17 2020-05-01",4.1,4.16,450,"1991-04-17 2020-05-01",0.89,2.78,441,"1991-04-17 2020-05-01",,,,,,,,,,,,,,,,
2021-04-23,0.7,3.79,450,"1991-04-16 2020-04-30",78,15.69,450,"1991-04-16 2020-04-30",13.05,6.27,450,"1991-04-16 2020-04-30",26.3,8.42,450,"1991-04-16 2020-04-30",-5.39,4.08,450,"1991-04-16 2020-04-30",35.97,16.63,450,"1991-04-16 2020-04-30",1.25,3.87,450,"1991-04-16 2020-04-30",4.11,4.18,450,"1991-04-16 2020-04-30",0.92,2.82,441,"1991-04-16 2020-04-30",,,,,,,,,,,,,,,,
2021-04-22,0.48,3.86,450,"1991-04-15 2020-04-29",77.89,15.64,450,"1991-04-15 2020-04-29",12.73,6.43,450,"1991-04-15 2020-04-29",26.27,8.38,450,"1991-04-15 2020-04-29",-5.55,4.09,450,"1991-04-15 2020-04-29",36.45,17.28,450,"1991-04-15 2020-04-29",1.06,3.92,450,"1991-04-15 2020-04-29",4.1,4.18,450,"1991-04-15 2020-04-29",0.93,2.81,440,"1991-04-15 2020-04-29",,,,,,,,,,,,,,,,
2021-04-21,0.34,3.87,450,"1991-04-14 2020-04-28",78.12,15.81,450,"1991-04-14 2020-04-28",12.41,6.54,450,"1991-04-14 2020-04-28",26.3,8.35,450,"1991-04-14 2020-04-28",-5.58,4.06,450,"1991-04-14 2020-04-28",37.25,17.88,450,"1991-04-14 2020-04-28",0.86,3.88,450,"1991-04-14 2020-04-28",4.14,4.19,450,"1991-04-14 2020-04-28",1.04,2.98,441,"1991-04-14 2020-04-28",,,,,,,,,,,,,,,,
2021-04-20,0.16,3.88,450,"1991-04-13 2020-04-27",78.01,15.84,450,"1991-04-13 2020-04-27",12.11,6.52,450,"1991-04-13 2020-04-27",26.17,8.32,450,"1991-04-13 2020-04-27",-5.68,4.15,450,"1991-04-13 2020-04-27",37.79,18.11,450,"1991-04-13 2020-04-27",0.7,3.91,450,"1991-04-13 2020-04-27",4.14,4.17,450,"1991-04-13 2020-04-27",1.05,3,442,"1991-04-13 2020-04-27",,,,,,,,,,,,,,,,
2021-04-19,0.02,3.93,450,"1991-04-12 2020-04-26",78.12,15.64,450,"1991-04-12 2020-04-26",11.86,6.49,450,"1991-04-12 2020-04-26",25.96,8.11,450,"1991-04-12 2020-04-26",-5.86,4.19,450,"1991-04-12 2020-04-26",37.85,17.95,450,"1991-04-12 2020-04-26",0.47,3.91,450,"1991-04-12 2020-04-26",4.06,4.09,450,"1991-04-12 2020-04-26",0.93,2.81,442,"1991-04-12 2020-04-26",,,,,,,,,,,,,,,,
2021-04-18,-0.13,4.01,450,"1991-04-11 2020-04-25",78.1,15.63,450,"1991-04-11 2020-04-25",11.68,6.46,450,"1991-04-11 2020-04-25",25.87,8.21,450,"1991-04-11 2020-04-25",-6.06,4.23,450,"1991-04-11 2020-04-25",37.88,17.84,450,"1991-04-11 2020-04-25",0.27,3.96,450,"1991-04-11 2020-04-25",3.96,4,450,"1991-04-11 2020-04-25",0.91,2.79,442,"1991-04-11 2020-04-25",,,,,,,,,,,,,,,,
2021-04-17,-0.3,4.03,450,"1991-04-10 2020-04-24",78.24,15.39,450,"1991-04-10 2020-04-24",11.42,6.47,450,"1991-04-10 2020-04-24",25.59,8.28,450,"1991-04-10 2020-04-24",-6.22,4.27,450,"1991-04-10 2020-04-24",38.07,17.5,450,"1991-04-10 2020-04-24",0,3.99,450,"1991-04-10 2020-04-24",3.89,3.96,450,"1991-04-10 2020-04-24",0.94,2.81,441,"1991-04-10 2020-04-24",,,,,,,,,,,,,,,,
2021-04-16,-0.45,3.98,450,"1991-04-09 2020-04-23",78.27,15.28,450,"1991-04-09 2020-04-23",11.17,6.43,450,"1991-04-09 2020-04-23",25.64,8.43,450,"1991-04-09 2020-04-23",-6.41,4.19,450,"1991-04-09 2020-04-23",38.21,17.2,450,"1991-04-09 2020-04-23",-0.26,4.03,450,"1991-04-09 2020-04-23",3.91,4.08,450,"1991-04-09 2020-04-23",0.91,2.73,442,"1991-04-09 2020-04-23",,,,,,,,,,,,,,,,
2021-04-15,-0.61,4.09,450,"1991-04-08 2020-04-22",78.48,15.19,450,"1991-04-08 2020-04-22",10.85,6.46,450,"1991-04-08 2020-04-22",25.55,8.27,450,"1991-04-08 2020-04-22",-6.49,4.25,450,"1991-04-08 2020-04-22",38.75,17.19,450,"1991-04-08 2020-04-22",-0.47,4.07,450,"1991-04-08 2020-04-22",3.82,4.04,450,"1991-04-08 2020-04-22",0.83,2.46,440,"1991-04-08 2020-04-22",,,,,,,,,,,,,,,,
2021-04-14,-0.82,4.11,450,"1991-04-07 2020-04-21",78.85,15,450,"1991-04-07 2020-04-21",10.46,6.44,450,"1991-04-07 2020-04-21",25.16,8.06,450,"1991-04-07 2020-04-21",-6.61,4.3,450,"1991-04-07 2020-04-21",39.42,17.09,450,"1991-04-07 2020-04-21",-0.77,4.04,450,"1991-04-07 2020-04-21",3.81,4.14,450,"1991-04-07 2020-04-21",0.84,2.48,441,"1991-04-07 2020-04-21",,,,,,,,,,,,,,,,
2021-04-13,-1.02,4.15,450,"1991-04-06 2020-04-20",79.13,14.93,450,"1991-04-06 2020-04-20",9.91,6.35,450,"1991-04-06 2020-04-20",25.14,8.01,450,"1991-04-06 2020-04-20",-6.82,4.32,450,"1991-04-06 2020-04-20",40.15,17.16,450,"1991-04-06 2020-04-20",-1.05,4.06,450,"1991-04-06 2020-04-20",3.81,4.09,450,"1991-04-06 2020-04-20",0.91,3.06,442,"1991-04-06 2020-04-20",,,,,,,,,,,,,,,,
2021-04-12,-1.26,4.2,450,"1991-04-05 2020-04-19",79.76,14.74,450,"1991-04-05 2020-04-19",9.39,6.36,450,"1991-04-05 2020-04-19",25.01,7.84,450,"1991-04-05 2020-04-19",-7.08,4.36,450,"1991-04-05 2020-04-19",40.8,17.38,450,"1991-04-05 2020-04-19",-1.43,4.07,450,"1991-04-05 2020-04-19",3.8,4.05,450,"1991-04-05 2020-04-19",0.97,3.13,442,"1991-04-05 2020-04-19",,,,,,,,,,,,,,,,
2021-04-11,-1.46,4.25,450,"1991-04-04 2020-04-18",80.21,14.28,450,"1991-04-04 2020-04-18",8.95,6.33,450,"1991-04-04 2020-04-18",25.03,7.85,450,"1991-04-04 2020-04-18",-7.28,4.43,450,"1991-04-04 2020-04-18",41.2,17.16,450,"1991-04-04 2020-04-18",-1.7,4.14,450,"1991-04-04 2020-04-18",3.68,4.01,450,"1991-04-04 2020-04-18",0.93,3.02,443,"1991-04-04 2020-04-18",,,,,,,,,,,,,,,,
2021-04-10,-1.59,4.39,450,"1991-04-03 2020-04-17",80.56,14.1,450,"1991-04-03 2020-04-17",8.66,6.4,450,"1991-04-03 2020-04-17",25.04,7.88,450,"1991-04-03 2020-04-17",-7.44,4.55,450,"1991-04-03 2020-04-17",41.6,16.85,450,"1991-04-03 2020-04-17",-1.98,4.38,450,"1991-04-03 2020-04-17",3.64,4.04,450,"1991-04-03 2020-04-17",0.88,2.97,442,"1991-04-03 2020-04-17",,,,,,,,,,,,,,,,
2021-04-09,-1.84,4.52,450,"1991-04-02 2020-04-16",80.72,13.9,450,"1991-04-02 2020-04-16",8.29,6.44,450,"1991-04-02 2020-04-16",24.84,7.88,450,"1991-04-02 2020-04-16",-7.64,4.67,450,"1991-04-02 2020-04-16",42.09,16.9,450,"1991-04-02 2020-04-16",-2.32,4.55,450,"1991-04-02 2020-04-16",3.71,4.21,450,"1991-04-02 2020-04-16",0.88,2.97,442,"1991-04-02 2020-04-16",,,,,,,,,,,,,,,,
2021-04-08,-2,4.67,450,"1991-04-01 2020-04-15",81.1,13.49,450,"1991-04-01 2020-04-15",7.89,6.43,450,"1991-04-01 2020-04-15",24.99,8.25,450,"1991-04-01 2020-04-15",-7.77,4.8,450,"1991-04-01 2020-04-15",42.61,16.77,450,"1991-04-01 2020-04-15",-2.52,4.73,450,"1991-04-01 2020-04-15",3.86,4.34,450,"1991-04-01 2020-04-15",0.86,2.94,442,"1991-04-01 2020-04-15",,,,,,,,,,,,,,,,
2021-04-07,-2.02,4.79,450,"1991-03-31 2020-04-14",81.16,13.54,450,"1991-03-31 2020-04-14",7.76,6.5,450,"1991-03-31 2020-04-14",24.94,8.33,450,"1991-03-31 2020-04-14",-7.87,4.94,450,"1991-03-31 2020-04-14",42.59,16.19,450,"1991-03-31 2020-04-14",-2.64,4.86,450,"1991-03-31 2020-04-14",3.94,4.39,450,"1991-03-31 2020-04-14",0.81,2.83,443,"1991-03-31 2020-04-14",,,,,,,,,,,,,,,,
2021-04-06,-2.21,4.92,450,"1991-03-30 2020-04-13",80.81,13.41,450,"1991-03-30 2020-04-13",7.66,6.62,450,"1991-03-30 2020-04-13",24.7,8.29,450,"1991-03-30 2020-04-13",-8.06,5.04,450,"1991-03-30 2020-04-13",42.36,15.71,450,"1991-03-30 2020-04-13",-2.82,4.94,450,"1991-03-30 2020-04-13",3.83,4.36,450,"1991-03-30 2020-04-13",0.69,2.63,442,"1991-03-30 2020-04-13",,,,,,,,,,,,,,,,
2021-04-05,-2.35,4.91,450,"1991-03-29 2020-04-12",80.77,13.21,450,"1991-03-29 2020-04-12",7.51,6.64,450,"1991-03-29 2020-04-12",24.56,8.24,450,"1991-03-29 2020-04-12",-8.2,4.98,450,"1991-03-29 2020-04-12",42.22,15.37,450,"1991-03-29 2020-04-12",-3.01,4.88,450,"1991-03-29 2020-04-12",3.75,4.33,450,"1991-03-29 2020-04-12",0.61,2.52,442,"1991-03-29 2020-04-12",,,,,,,,,,,,,,,,
2021-04-04,-2.5,4.84,450,"1991-03-28 2020-04-11",80.9,13.21,450,"1991-03-28 2020-04-11",7.27,6.56,450,"1991-03-28 2020-04-11",24.38,8.24,450,"1991-03-28 2020-04-11",-8.27,4.97,450,"1991-03-28 2020-04-11",42.71,15.26,450,"1991-03-28 2020-04-11",-3.18,4.91,450,"1991-03-28 2020-04-11",3.72,4.33,450,"1991-03-28 2020-04-11",0.61,2.52,441,"1991-03-28 2020-04-11",,,,,,,,,,,,,,,,
2021-04-03,-2.63,4.81,450,"1991-03-27 2020-04-10",81.15,12.93,450,"1991-03-27 2020-04-10",7,6.47,450,"1991-03-27 2020-04-10",24.23,8.18,450,"1991-03-27 2020-04-10",-8.32,4.94,450,"1991-03-27 2020-04-10",43.25,15.21,450,"1991-03-27 2020-04-10",-3.33,4.89,450,"1991-03-27 2020-04-10",3.7,4.34,450,"1991-03-27 2020-04-10",0.62,2.54,441,"1991-03-27 2020-04-10",,,,,,,,,,,,,,,,
2021-04-02,-2.73,4.81,450,"1991-03-26 2020-04-09",81.28,12.77,450,"1991-03-26 2020-04-09",6.76,6.44,450,"1991-03-26 2020-04-09",24.17,8.13,450,"1991-03-26 2020-04-09",-8.42,4.95,450,"1991-03-26 2020-04-09",43.73,15.21,450,"1991-03-26 2020-04-09",-3.53,4.95,450,"1991-03-26 2020-04-09",3.72,4.33,450,"1991-03-26 2020-04-09",0.6,2.52,442,"1991-03-26 2020-04-09",,,,,,,,,,,,,,,,
2021-04-01,-2.91,4.79,450,"1991-03-25 2020-04-08",81.44,12.63,450,"1991-03-25 2020-04-08",6.5,6.42,450,"1991-03-25 2020-04-08",24.08,8.05,450,"1991-03-25 2020-04-08",-8.6,5.01,450,"1991-03-25 2020-04-08",44.13,15.18,450,"1991-03-25 2020-04-08",-3.76,5.05,450,"1991-03-25 2020-04-08",3.68,4.24,450,"1991-03-25 2020-04-08",0.56,2.44,442,"1991-03-25 2020-04-08",,,,,,,,,,,,,,,,
2021-03-31,-3.15,4.79,450,"1991-03-24 2020-04-07",81.68,12.49,450,"1991-03-24 2020-04-07",6.07,6.43,450,"1991-03-24 2020-04-07",23.9,7.88,450,"1991-03-24 2020-04-07",-8.85,5.12,450,"1991-03-24 2020-04-07",44.62,15.34,450,"1991-03-24 2020-04-07",-4.06,5.21,450,"1991-03-24 2020-04-07",3.72,4.25,450,"1991-03-24 2020-04-07",0.53,2.41,444,"1991-03-24 2020-04-07",,,,,,,,,,,,,,,,
2021-03-30,-3.37,4.94,450,"1991-03-23 2020-04-06",81.87,12.43,450,"1991-03-23 2020-04-06",5.63,6.49,450,"1991-03-23 2020-04-06",23.94,7.97,450,"1991-03-23 2020-04-06",-9.05,5.22,450,"1991-03-23 2020-04-06",45.44,15.61,450,"1991-03-23 2020-04-06",-4.34,5.34,450,"1991-03-23 2020-04-06",3.66,4.18,450,"1991-03-23 2020-04-06",0.51,2.38,444,"1991-03-23 2020-04-06",,,,,,,,,,,,,,,,
2021-03-29,-3.53,4.98,450,"1991-03-22 2020-04-05",82.15,12.29,450,"1991-03-22 2020-04-05",5.32,6.53,450,"1991-03-22 2020-04-05",23.78,7.99,450,"1991-03-22 2020-04-05",-9.17,5.3,450,"1991-03-22 2020-04-05",46.1,15.74,450,"1991-03-22 2020-04-05",-4.58,5.39,450,"1991-03-22 2020-04-05",3.67,4.2,450,"1991-03-22 2020-04-05",0.46,1.52,444,"1991-03-22 2020-04-05",,,,,,,,,,,,,,,,
2021-03-28,-3.63,5.02,450,"1991-03-21 2020-04-04",82.05,12.23,450,"1991-03-21 2020-04-04",5.12,6.52,450,"1991-03-21 2020-04-04",23.64,8.08,450,"1991-03-21 2020-04-04",-9.2,5.38,450,"1991-03-21 2020-04-04",46.74,15.97,450,"1991-03-21 2020-04-04",-4.7,5.44,450,"1991-03-21 2020-04-04",3.73,4.29,450,"1991-03-21 2020-04-04",0.37,0.98,444,"1991-03-21 2020-04-04",,,,,,,,,,,,,,,,
2021-03-27,-3.73,5.05,450,"1991-03-20 2020-04-03",81.98,12.24,450,"1991-03-20 2020-04-03",4.89,6.54,450,"1991-03-20 2020-04-03",23.53,8.12,450,"1991-03-20 2020-04-03",-9.28,5.46,450,"1991-03-20 2020-04-03",47.46,16.1,450,"1991-03-20 2020-04-03",-4.88,5.49,450,"1991-03-20 2020-04-03",3.78,4.39,450,"1991-03-20 2020-04-03",0.36,0.97,444,"1991-03-20 2020-04-03",,,,,,,,,,,,,,,,
2021-03-26,-3.85,5.03,450,"1991-03-19 2020-04-02",82.23,12.05,450,"1991-03-19 2020-04-02",4.66,6.45,450,"1991-03-19 2020-04-02",23.41,8.34,450,"1991-03-19 2020-04-02",-9.37,5.49,450,"1991-03-19 2020-04-02",47.88,16.2,450,"1991-03-19 2020-04-02",-5.06,5.51,450,"1991-03-19 2020-04-02",3.75,4.37,450,"1991-03-19 2020-04-02",0.36,1,444,"1991-03-19 2020-04-02",,,,,,,,,,,,,,,,
2021-03-25,-3.88,4.99,450,"1991-03-18 2020-04-01",82.39,11.93,450,"1991-03-18 2020-04-01",4.46,6.36,450,"1991-03-18 2020-04-01",23.29,8.34,450,"1991-03-18 2020-04-01",-9.4,5.49,450,"1991-03-18 2020-04-01",48.5,15.99,450,"1991-03-18 2020-04-01",-5.16,5.47,450,"1991-03-18 2020-04-01",3.7,4.19,450,"1991-03-18 2020-04-01",0.38,1.11,445,"1991-03-18 2020-04-01",,,,,,,,,,,,,,,,
2021-03-24,-4.01,4.97,450,"1991-03-17 2020-03-31",82.52,11.89,450,"1991-03-17 2020-03-31",4.26,6.31,450,"1991-03-17 2020-03-31",23.04,7.98,450,"1991-03-17 2020-03-31",-9.49,5.49,450,"1991-03-17 2020-03-31",48.93,15.91,450,"1991-03-17 2020-03-31",-5.34,5.43,450,"1991-03-17 2020-03-31",3.52,4.06,450,"1991-03-17 2020-03-31",0.4,1.1,445,"1991-03-17 2020-03-31",,,,,,,,,,,,,,,,
2021-03-23,-4.22,5.01,450,"1991-03-16 2020-03-30",82.82,11.62,450,"1991-03-16 2020-03-30",3.88,6.32,450,"1991-03-16 2020-03-30",22.69,7.88,450,"1991-03-16 2020-03-30",-9.63,5.54,450,"1991-03-16 2020-03-30",49.84,15.95,450,"1991-03-16 2020-03-30",-5.64,5.48,450,"1991-03-16 2020-03-30",3.37,4.03,450,"1991-03-16 2020-03-30",0.41,1.15,446,"1991-03-16 2020-03-30",,,,,,,,,,,,,,,,
2021-03-22,-4.35,5.04,450,"1991-03-15 2020-03-29",83.43,11.35,450,"1991-03-15 2020-03-29",3.55,6.22,450,"1991-03-15 2020-03-29",22.59,8.07,450,"1991-03-15 2020-03-29",-9.85,5.63,450,"1991-03-15 2020-03-29",50.53,15.78,450,"1991-03-15 2020-03-29",-5.98,5.58,450,"1991-03-15 2020-03-29",3.3,4,450,"1991-03-15 2020-03-29",0.41,1.16,447,"1991-03-15 2020-03-29",,,,,,,,,,,,,,,,
2021-03-21,-4.52,5.16,450,"1991-03-14 2020-03-28",83.67,11.4,450,"1991-03-14 2020-03-28",3.22,6.19,450,"1991-03-14 2020-03-28",22.53,7.94,450,"1991-03-14 2020-03-28",-10.04,5.76,450,"1991-03-14 2020-03-28",51.38,15.58,450,"1991-03-14 2020-03-28",-6.25,5.74,450,"1991-03-14 2020-03-28",3.34,4,450,"1991-03-14 2020-03-28",0.44,1.18,447,"1991-03-14 2020-03-28",,,,,,,,,,,,,,,,
2021-03-20,-4.74,5.24,450,"1991-03-13 2020-03-27",83.66,11.54,450,"1991-03-13 2020-03-27",2.92,6.29,450,"1991-03-13 2020-03-27",22.52,8.04,450,"1991-03-13 2020-03-27",-10.28,5.81,450,"1991-03-13 2020-03-27",51.68,15.62,450,"1991-03-13 2020-03-27",-6.49,5.85,450,"1991-03-13 2020-03-27",3.39,4.03,450,"1991-03-13 2020-03-27",0.47,1.26,448,"1991-03-13 2020-03-27",,,,,,,,,,,,,,,,
2021-03-19,-4.88,5.27,450,"1991-03-12 2020-03-26",83.65,11.57,450,"1991-03-12 2020-03-26",2.65,6.36,450,"1991-03-12 2020-03-26",22.67,8.19,450,"1991-03-12 2020-03-26",-10.49,5.92,450,"1991-03-12 2020-03-26",52.09,15.55,450,"1991-03-12 2020-03-26",-6.7,6.01,450,"1991-03-12 2020-03-26",3.44,4.04,450,"1991-03-12 2020-03-26",0.47,1.26,448,"1991-03-12 2020-03-26",,,,,,,,,,,,,,,,
2021-03-18,-5.05,5.43,450,"1991-03-11 2020-03-25",83.48,11.6,450,"1991-03-11 2020-03-25",2.44,6.61,450,"1991-03-11 2020-03-25",22.68,8.24,450,"1991-03-11 2020-03-25",-10.67,6.11,450,"1991-03-11 2020-03-25",52.36,15.63,450,"1991-03-11 2020-03-25",-6.88,6.24,450,"1991-03-11 2020-03-25",3.41,4.03,450,"1991-03-11 2020-03-25",0.47,1.27,448,"1991-03-11 2020-03-25",,,,,,,,,,,,,,,,
2021-03-17,-5.23,5.65,450,"1991-03-10 2020-03-24",83.43,11.56,450,"1991-03-10 2020-03-24",2.23,6.89,450,"1991-03-10 2020-03-24",22.4,8.06,450,"1991-03-10 2020-03-24",-10.85,6.29,450,"1991-03-10 2020-03-24",52.49,15.68,450,"1991-03-10 2020-03-24",-7.08,6.41,450,"1991-03-10 2020-03-24",3.41,3.96,450,"1991-03-10 2020-03-24",0.49,1.32,448,"1991-03-10 2020-03-24",,,,,,,,,,,,,,,,
2021-03-16,-5.41,5.89,450,"1991-03-09 2020-03-23",83.18,11.67,450,"1991-03-09 2020-03-23",2.11,7.14,450,"1991-03-09 2020-03-23",22.43,8.39,450,"1991-03-09 2020-03-23",-11.1,6.42,450,"1991-03-09 2020-03-23",52.17,15.51,450,"1991-03-09 2020-03-23",-7.3,6.61,450,"1991-03-09 2020-03-23",3.29,3.89,450,"1991-03-09 2020-03-23",0.5,1.31,447,"1991-03-09 2020-03-23",,,,,,,,,,,,,,,,
2021-03-15,-5.66,6.07,450,"1991-03-08 2020-03-22",83.03,11.65,450,"1991-03-08 2020-03-22",1.93,7.38,450,"1991-03-08 2020-03-22",22.3,8.31,450,"1991-03-08 2020-03-22",-11.5,6.74,450,"1991-03-08 2020-03-22",51.84,15.4,450,"1991-03-08 2020-03-22",-7.68,6.96,450,"1991-03-08 2020-03-22",3.26,3.88,450,"1991-03-08 2020-03-22",0.53,1.37,445,"1991-03-08 2020-03-22",,,,,,,,,,,,,,,,
2021-03-14,-5.97,6.35,450,"1991-03-07 2020-03-21",82.88,11.66,450,"1991-03-07 2020-03-21",1.63,7.67,450,"1991-03-07 2020-03-21",22.18,8.35,450,"1991-03-07 2020-03-21",-11.93,6.94,450,"1991-03-07 2020-03-21",51.69,15.22,450,"1991-03-07 2020-03-21",-8.09,7.23,450,"1991-03-07 2020-03-21",3.18,3.83,450,"1991-03-07 2020-03-21",0.52,1.33,444,"1991-03-07 2020-03-21",,,,,,,,,,,,,,,,
2021-03-13,-6.37,6.62,450,"1991-03-06 2020-03-20",82.8,11.68,450,"1991-03-06 2020-03-20",1.17,7.91,450,"1991-03-06 2020-03-20",22.2,8.37,450,"1991-03-06 2020-03-20",-12.41,7.17,450,"1991-03-06 2020-03-20",51.76,14.89,450,"1991-03-06 2020-03-20",-8.56,7.52,450,"1991-03-06 2020-03-20",3.08,3.72,450,"1991-03-06 2020-03-20",0.54,1.45,444,"1991-03-06 2020-03-20",,,,,,,,,,,,,,,,
2021-03-12,-6.77,6.79,450,"1991-03-05 2020-03-19",82.7,11.65,450,"1991-03-05 2020-03-19",0.76,8.1,450,"1991-03-05 2020-03-19",22.06,8.45,450,"1991-03-05 2020-03-19",-12.85,7.33,450,"1991-03-05 2020-03-19",51.6,14.61,450,"1991-03-05 2020-03-19",-9,7.73,450,"1991-03-05 2020-03-19",3.03,3.6,450,"1991-03-05 2020-03-19",0.55,1.47,443,"1991-03-05 2020-03-19",,,,,,,,,,,,,,,,
2021-03-11,-7.1,6.94,450,"1991-03-04 2020-03-18",82.48,11.58,450,"1991-03-04 2020-03-18",0.31,8.23,450,"1991-03-04 2020-03-18",21.83,8.21,450,"1991-03-04 2020-03-18",-13.19,7.48,450,"1991-03-04 2020-03-18",52.08,14.47,450,"1991-03-04 2020-03-18",-9.35,7.84,450,"1991-03-04 2020-03-18",2.93,3.56,450,"1991-03-04 2020-03-18",0.58,1.5,443,"1991-03-04 2020-03-18",,,,,,,,,,,,,,,,
2021-03-10,-7.4,7.11,450,"1991-03-03 2020-03-17",82.41,11.74,450,"1991-03-03 2020-03-17",-0.04,8.38,450,"1991-03-03 2020-03-17",21.77,8.19,450,"1991-03-03 2020-03-17",-13.48,7.61,450,"1991-03-03 2020-03-17",52.36,14.64,450,"1991-03-03 2020-03-17",-9.65,7.94,450,"1991-03-03 2020-03-17",2.96,3.61,450,"1991-03-03 2020-03-17",0.59,1.45,442,"1991-03-03 2020-03-17",,,,,,,,,,,,,,,,
2021-03-09,-7.63,7.27,450,"1991-03-02 2020-03-16",82.33,11.77,450,"1991-03-02 2020-03-16",-0.39,8.49,450,"1991-03-02 2020-03-16",21.79,8.18,450,"1991-03-02 2020-03-16",-13.86,7.8,450,"1991-03-02 2020-03-16",52.65,14.59,450,"1991-03-02 2020-03-16",-10,8.12,450,"1991-03-02 2020-03-16",3.03,3.63,450,"1991-03-02 2020-03-16",0.61,1.54,442,"1991-03-02 2020-03-16",,,,,,,,,,,,,,,,
2021-03-08,-7.89,7.42,450,"1991-03-01 2020-03-15",82.2,11.63,450,"1991-03-01 2020-03-15",-0.64,8.65,450,"1991-03-01 2020-03-15",21.84,8.18,450,"1991-03-01 2020-03-15",-14.2,7.95,450,"1991-03-01 2020-03-15",52.58,14.29,450,"1991-03-01 2020-03-15",-10.32,8.26,450,"1991-03-01 2020-03-15",3.06,3.59,450,"1991-03-01 2020-03-15",0.58,1.49,441,"1991-03-01 2020-03-15",,,,,,,,,,,,,,,,
2021-03-07,-8.13,7.48,450,"1991-02-28 2020-03-14",81.98,11.59,450,"1991-02-28 2020-03-14",-0.87,8.71,450,"1991-02-28 2020-03-14",21.72,8.04,450,"1991-02-28 2020-03-14",-14.47,8.02,450,"1991-02-28 2020-03-14",52.62,14.13,450,"1991-02-28 2020-03-14",-10.63,8.3,450,"1991-02-28 2020-03-14",3.08,3.6,450,"1991-02-28 2020-03-14",0.58,1.48,440,"1991-02-28 2020-03-14",,,,,,,,,,,,,,,,
2021-03-06,-8.33,7.44,450,"1991-02-27 2020-03-13",81.76,11.54,450,"1991-02-27 2020-03-13",-1.07,8.65,450,"1991-02-27 2020-03-13",21.68,8.17,450,"1991-02-27 2020-03-13",-14.75,8.05,450,"1991-02-27 2020-03-13",52.67,14.19,450,"1991-02-27 2020-03-13",-10.9,8.3,450,"1991-02-27 2020-03-13",2.99,3.52,450,"1991-02-27 2020-03-13",0.57,1.48,439,"1991-02-27 2020-03-13",,,,,,,,,,,,,,,,
2021-03-05,-8.55,7.54,450,"1991-02-26 2020-03-12",81.6,11.35,450,"1991-02-26 2020-03-12",-1.33,8.68,450,"1991-02-26 2020-03-12",21.49,8.02,450,"1991-02-26 2020-03-12",-15.02,8.23,450,"1991-02-26 2020-03-12",52.87,13.99,450,"1991-02-26 2020-03-12",-11.22,8.36,450,"1991-02-26 2020-03-12",2.88,3.45,450,"1991-02-26 2020-03-12",0.54,1.41,438,"1991-02-26 2020-03-12",,,,,,,,,,,,,,,,
2021-03-04,-8.88,7.67,450,"1991-02-25 2020-03-11",81.56,11.26,450,"1991-02-25 2020-03-11",-1.67,8.72,450,"1991-02-25 2020-03-11",20.98,7.76,450,"1991-02-25 2020-03-11",-15.4,8.37,450,"1991-02-25 2020-03-11",52.97,13.94,450,"1991-02-25 2020-03-11",-11.7,8.39,450,"1991-02-25 2020-03-11",2.77,3.4,450,"1991-02-25 2020-03-11",0.53,1.4,437,"1991-02-25 2020-03-11",,,,,,,,,,,,,,,,
2021-03-03,-9.19,7.74,450,"1991-02-24 2020-03-10",81.58,11.17,450,"1991-02-24 2020-03-10",-1.98,8.72,450,"1991-02-24 2020-03-10",20.75,7.75,450,"1991-02-24 2020-03-10",-15.74,8.35,450,"1991-02-24 2020-03-10",52.95,13.67,450,"1991-02-24 2020-03-10",-12.08,8.31,450,"1991-02-24 2020-03-10",2.8,3.42,450,"1991-02-24 2020-03-10",0.51,1.37,436,"1991-02-24 2020-03-10",,,,,,,,,,,,,,,,
2021-03-02,-9.39,7.73,450,"1991-02-23 2020-03-09",81.62,11.02,450,"1991-02-23 2020-03-09",-2.29,8.61,450,"1991-02-23 2020-03-09",20.76,7.76,450,"1991-02-23 2020-03-09",-15.97,8.29,450,"1991-02-23 2020-03-09",53.24,13.41,450,"1991-02-23 2020-03-09",-12.36,8.21,450,"1991-02-23 2020-03-09",2.72,3.4,450,"1991-02-23 2020-03-09",0.48,1.32,436,"1991-02-23 2020-03-09",,,,,,,,,,,,,,,,
2021-03-01,-9.49,7.6,450,"1991-02-22 2020-03-08",81.81,10.95,450,"1991-02-22 2020-03-08",-2.48,8.44,450,"1991-02-22 2020-03-08",20.56,7.35,450,"1991-02-22 2020-03-08",-16.02,8.23,450,"1991-02-22 2020-03-08",53.81,13.42,450,"1991-02-22 2020-03-08",-12.49,8.04,450,"1991-02-22 2020-03-08",2.77,3.44,450,"1991-02-22 2020-03-08",0.48,1.32,437,"1991-02-22 2020-03-08",,,,,,,,,,,,,,,,
2021-02-28,-9.43,7.49,450,"1991-02-21 2020-03-06",81.96,10.74,450,"1991-02-21 2020-03-06",-2.49,8.34,450,"1991-02-21 2020-03-06",20.49,7.4,450,"1991-02-21 2020-03-06",-15.95,8.06,450,"1991-02-21 2020-03-06",54.05,13.28,450,"1991-02-21 2020-03-06",-12.44,7.85,450,"1991-02-21 2020-03-06",2.74,3.46,450,"1991-02-21 2020-03-06",0.46,1.28,439,"1991-02-21 2020-03-06",,,,,,,,,,,,,,,,
2021-02-27,-9.36,7.42,450,"1991-02-20 2020-03-05",82.09,10.71,450,"1991-02-20 2020-03-05",-2.47,8.26,450,"1991-02-20 2020-03-05",20.29,7.32,450,"1991-02-20 2020-03-05",-15.95,7.97,450,"1991-02-20 2020-03-05",54.22,13.2,450,"1991-02-20 2020-03-05",-12.47,7.74,450,"1991-02-20 2020-03-05",2.76,3.48,450,"1991-02-20 2020-03-05",0.41,1.13,439,"1991-02-20 2020-03-05",,,,,,,,,,,,,,,,
2021-02-26,-9.22,7.35,450,"1991-02-19 2020-03-04",82.38,10.81,450,"1991-02-19 2020-03-04",-2.41,8.13,450,"1991-02-19 2020-03-04",20.41,7.33,450,"1991-02-19 2020-03-04",-15.82,7.9,450,"1991-02-19 2020-03-04",54.78,13.31,450,"1991-02-19 2020-03-04",-12.4,7.6,450,"1991-02-19 2020-03-04",2.81,3.44,450,"1991-02-19 2020-03-04",0.47,1.39,439,"1991-02-19 2020-03-04",,,,,,,,,,,,,,,,
2021-02-25,-9.11,7.29,450,"1991-02-18 2020-03-03",82.48,10.81,450,"1991-02-18 2020-03-03",-2.34,8.05,450,"1991-02-18 2020-03-03",20.37,7.09,450,"1991-02-18 2020-03-03",-15.7,7.84,450,"1991-02-18 2020-03-03",55.06,13.36,450,"1991-02-18 2020-03-03",-12.31,7.49,450,"1991-02-18 2020-03-03",2.81,3.42,450,"1991-02-18 2020-03-03",0.47,1.38,440,"1991-02-18 2020-03-03",,,,,,,,,,,,,,,,
2021-02-24,-9.13,7.26,450,"1991-02-17 2020-03-02",82.5,10.83,450,"1991-02-17 2020-03-02",-2.36,7.99,450,"1991-02-17 2020-03-02",20.31,6.99,450,"1991-02-17 2020-03-02",-15.72,7.83,450,"1991-02-17 2020-03-02",55.07,13.54,450,"1991-02-17 2020-03-02",-12.36,7.48,450,"1991-02-17 2020-03-02",2.78,3.41,450,"1991-02-17 2020-03-02",0.44,1.33,440,"1991-02-17 2020-03-02",,,,,,,,,,,,,,,,
2021-02-23,-9.18,7.31,450,"1991-02-16 2020-03-01",82.66,10.69,450,"1991-02-16 2020-03-01",-2.47,7.97,450,"1991-02-16 2020-03-01",20.13,6.98,450,"1991-02-16 2020-03-01",-15.74,7.8,450,"1991-02-16 2020-03-01",55.34,13.3,450,"1991-02-16 2020-03-01",-12.41,7.43,450,"1991-02-16 2020-03-01",2.74,3.41,450,"1991-02-16 2020-03-01",0.42,1.32,441,"1991-02-16 2020-03-01",,,,,,,,,,,,,,,,
2021-02-22,-9.16,7.21,450,"1991-02-15 2020-02-29",82.54,10.71,450,"1991-02-15 2020-02-29",-2.42,7.96,450,"1991-02-15 2020-02-29",20.06,6.97,450,"1991-02-15 2020-02-29",-15.73,7.72,450,"1991-02-15 2020-02-29",55.49,13.46,450,"1991-02-15 2020-02-29",-12.43,7.33,450,"1991-02-15 2020-02-29",2.65,3.4,450,"1991-02-15 2020-02-29",0.4,1.21,441,"1991-02-15 2020-02-29",,,,,,,,,,,,,,,,
2021-02-21,-9.01,7.04,450,"1991-02-14 2020-02-28",82.89,10.65,450,"1991-02-14 2020-02-28",-2.36,7.77,450,"1991-02-14 2020-02-28",20.14,7.1,450,"1991-02-14 2020-02-28",-15.72,7.55,450,"1991-02-14 2020-02-28",55.87,13.52,450,"1991-02-14 2020-02-28",-12.43,7.12,450,"1991-02-14 2020-02-28",2.7,3.44,450,"1991-02-14 2020-02-28",0.41,1.22,442,"1991-02-14 2020-02-28",,,,,,,,,,,,,,,,
2021-02-20,-8.87,7.05,450,"1991-02-13 2020-02-27",83.09,10.62,450,"1991-02-13 2020-02-27",-2.4,7.73,450,"1991-02-13 2020-02-27",20.33,7.43,450,"1991-02-13 2020-02-27",-15.62,7.47,450,"1991-02-13 2020-02-27",56.48,13.55,450,"1991-02-13 2020-02-27",-12.32,7.12,450,"1991-02-13 2020-02-27",2.71,3.44,450,"1991-02-13 2020-02-27",0.41,1.22,443,"1991-02-13 2020-02-27",,,,,,,,,,,,,,,,
2021-02-19,-8.9,7.07,450,"1991-02-12 2020-02-26",83.03,10.53,450,"1991-02-12 2020-02-26",-2.46,7.86,450,"1991-02-12 2020-02-26",20.24,7.32,450,"1991-02-12 2020-02-26",-15.66,7.44,450,"1991-02-12 2020-02-26",56.54,13.41,450,"1991-02-12 2020-02-26",-12.39,7.11,450,"1991-02-12 2020-02-26",2.72,3.49,450,"1991-02-12 2020-02-26",0.4,1.2,443,"1991-02-12 2020-02-26",,,,,,,,,,,,,,,,
2021-02-18,-8.97,7.06,450,"1991-02-11 2020-02-25",83.18,10.63,450,"1991-02-11 2020-02-25",-2.58,7.9,450,"1991-02-11 2020-02-25",20.3,7.48,450,"1991-02-11 2020-02-25",-15.77,7.31,450,"1991-02-11 2020-02-25",56.7,13.2,450,"1991-02-11 2020-02-25",-12.48,7.03,450,"1991-02-11 2020-02-25",2.81,3.5,450,"1991-02-11 2020-02-25",0.42,1.22,444,"1991-02-11 2020-02-25",,,,,,,,,,,,,,,,
2021-02-17,-9.04,7.05,450,"1991-02-10 2020-02-24",83.23,10.65,450,"1991-02-10 2020-02-24",-2.74,7.92,450,"1991-02-10 2020-02-24",20.49,7.58,450,"1991-02-10 2020-02-24",-15.74,7.23,450,"1991-02-10 2020-02-24",57.11,13.34,450,"1991-02-10 2020-02-24",-12.45,6.97,450,"1991-02-10 2020-02-24",2.87,3.53,450,"1991-02-10 2020-02-24",0.43,1.22,445,"1991-02-10 2020-02-24",,,,,,,,,,,,,,,,
2021-02-16,-9.06,7.09,450,"1991-02-09 2020-02-23",83.35,10.72,450,"1991-02-09 2020-02-23",-2.91,7.92,450,"1991-02-09 2020-02-23",20.76,7.82,450,"1991-02-09 2020-02-23",-15.79,7.31,450,"1991-02-09 2020-02-23",57.61,13.22,450,"1991-02-09 2020-02-23",-12.5,7.03,450,"1991-02-09 2020-02-23",2.89,3.59,450,"1991-02-09 2020-02-23",0.45,1.24,445,"1991-02-09 2020-02-23",,,,,,,,,,,,,,,,
2021-02-15,-9.11,7.16,450,"1991-02-08 2020-02-22",83.49,10.75,450,"1991-02-08 2020-02-22",-3.01,7.94,450,"1991-02-08 2020-02-22",20.72,7.86,450,"1991-02-08 2020-02-22",-15.84,7.42,450,"1991-02-08 2020-02-22",57.92,13.16,450,"1991-02-08 2020-02-22",-12.56,7.1,450,"1991-02-08 2020-02-22",2.93,3.62,450,"1991-02-08 2020-02-22",0.46,1.27,444,"1991-02-08 2020-02-22",,,,,,,,,,,,,,,,
